contractSymbol,lastTradeDate,strike,lastPrice,bid,ask,change,percentChange,volume,openInterest,impliedVolatility,inTheMoney,contractSize,currency,expiration,cp
SPY260929C00635000,2026-09-29 18:50:24+00:00,635.0,129.7,129.65,129.95,-0.25,-0.1923817,2.0,4,1.2500037499999999,True,REGULAR,USD,2026-09-29,C
SPY260929C00640000,2026-09-29 18:50:03+00:00,640.0,124.69,124.6,124.81,-2.5699997,-2.0194874,2.0,8,1.2343788281249999,True,REGULAR,USD,2026-09-29,C
SPY260929C00645000,2026-09-29 18:43:05+00:00,645.0,119.9,119.6,119.81,0.069999695,0.058415834,18.0,0,1.1875040625,True,REGULAR,USD,2026-09-29,C
SPY260929C00650000,2026-09-29 18:49:20+00:00,650.0,114.63,114.59,114.83,-2.880005,-2.4508593,2.0,7,1.18359783203125,True,REGULAR,USD,2026-09-29,C
SPY260929C00655000,2026-09-29 18:49:07+00:00,655.0,109.62,109.66,109.86,-2.5699997,-2.2907565,2.0,21,1.1875040625,True,REGULAR,USD,2026-09-29,C
SPY260929C00660000,2026-09-28 18:06:26+00:00,660.0,107.39,104.64,104.92,0.0,0.0,76.0,8,0.9062509375,True,REGULAR,USD,2026-09-29,C
SPY260929C00665000,2026-09-29 18:44:49+00:00,665.0,99.86,99.66,99.9,-2.0699997,-2.030805,102.0,17,0.87500125,True,REGULAR,USD,2026-09-29,C
SPY260929C00670000,2026-09-29 18:45:15+00:00,670.0,94.92,94.65,94.91,-2.4000015,-2.4660928,63.0,30,0.8281267187499999,True,REGULAR,USD,2026-09-29,C
SPY260929C00675000,2026-09-29 18:47:05+00:00,675.0,89.64,89.66,89.92,0.099998474,0.111680225,459.0,20,0.8359391406249999,True,REGULAR,USD,2026-09-29,C
SPY260929C00680000,2026-09-29 18:46:26+00:00,680.0,84.85,84.64,84.81,-2.540001,-2.906512,111.0,60,0.8476577734374999,True,REGULAR,USD,2026-09-29,C
SPY260929C00685000,2026-09-29 18:47:31+00:00,685.0,79.54,79.64,79.81,-1.0400009,-1.2906439,235.0,90,0.8007832421875,True,REGULAR,USD,2026-09-29,C
SPY260929C00690000,2026-09-29 18:31:42+00:00,690.0,73.6,74.66,74.81,-1.800003,-2.387272,15.0,49,0.7500025,True,REGULAR,USD,2026-09-29,C
SPY260929C00695000,2026-09-29 17:55:57+00:00,695.0,67.72,69.66,69.85,-4.459999,-6.1789956,4.0,56,0.7617211328125001,True,REGULAR,USD,2026-09-29,C
SPY260929C00700000,2026-09-29 16:09:33+00:00,700.0,63.31,64.69,64.81,-2.4799995,-3.7695692,70.0,77,0.6562534375000001,True,REGULAR,USD,2026-09-29,C
SPY260929C00705000,2026-09-28 17:16:44+00:00,705.0,63.73,59.62,59.77,0.0,0.0,154.0,77,0.2500075,True,REGULAR,USD,2026-09-29,C
SPY260929C00710000,2026-09-28 17:07:31+00:00,710.0,56.84,54.62,54.77,0.0,0.0,142.0,83,0.2500075,True,REGULAR,USD,2026-09-29,C
SPY260929C00715000,2026-09-29 13:30:00+00:00,715.0,51.74,49.67,49.81,-0.3599968,-0.69097275,1.0,45,0.5136767382812499,True,REGULAR,USD,2026-09-29,C
SPY260929C00718000,2026-09-29 18:43:12+00:00,718.0,46.78,46.64,46.81,-0.40999985,-0.8688278,557.0,395,0.48438015625,True,REGULAR,USD,2026-09-29,C
SPY260929C00719000,2026-09-29 18:42:23+00:00,719.0,45.94,45.66,45.81,-0.8199997,-1.753635,6.0,253,0.476567734375,True,REGULAR,USD,2026-09-29,C
SPY260929C00720000,2026-09-29 15:34:45+00:00,720.0,43.75,44.64,44.81,-1.8499985,-4.0570145,13.0,107,0.46680220703125,True,REGULAR,USD,2026-09-29,C
SPY260929C00721000,2026-09-29 18:44:09+00:00,721.0,43.69,43.66,43.81,-1.2400017,-2.7598524,11.0,158,0.45703667968750006,True,REGULAR,USD,2026-09-29,C
SPY260929C00722000,2026-09-28 19:33:28+00:00,722.0,43.94,42.62,42.77,0.0,0.0,48.0,135,0.2500075,True,REGULAR,USD,2026-09-29,C
SPY260929C00723000,2026-09-29 15:42:38+00:00,723.0,40.79,41.66,41.81,-2.7000008,-6.208325,3.0,118,0.437505625,True,REGULAR,USD,2026-09-29,C
SPY260929C00724000,2026-09-29 15:52:21+00:00,724.0,39.49,40.67,40.81,-3.7599983,-8.693638,9.0,50,0.42774009765625004,True,REGULAR,USD,2026-09-29,C
SPY260929C00725000,2026-09-28 19:42:05+00:00,725.0,40.68,39.65,39.82,0.0,0.0,58.0,81,0.42969320312500003,True,REGULAR,USD,2026-09-29,C
SPY260929C00726000,2026-09-29 16:04:50+00:00,726.0,36.74,38.64,38.81,-2.959999,-7.455917,104.0,101,0.4101621484375,True,REGULAR,USD,2026-09-29,C
SPY260929C00727000,2026-09-29 18:13:43+00:00,727.0,36.51,37.64,37.81,-2.5800018,-6.600158,107.0,124,0.398443515625,True,REGULAR,USD,2026-09-29,C
SPY260929C00728000,2026-09-29 15:43:01+00:00,728.0,35.64,36.63,36.77,-2.0800018,-5.514321,5.0,35,0.2500075,True,REGULAR,USD,2026-09-29,C
SPY260929C00729000,2026-09-29 18:47:19+00:00,729.0,35.63,35.66,35.81,-1.0900002,-2.96841,227.0,118,0.38086556640624997,True,REGULAR,USD,2026-09-29,C
SPY260929C00730000,2026-09-29 18:30:15+00:00,730.0,34.02,34.66,34.81,-1.3400002,-3.7895932,186.0,143,0.3711000390625,True,REGULAR,USD,2026-09-29,C
SPY260929C00731000,2026-09-29 17:53:39+00:00,731.0,31.62,33.61,33.77,-5.4299984,-14.655866,158.0,151,0.2500075,True,REGULAR,USD,2026-09-29,C
SPY260929C00732000,2026-09-29 18:51:09+00:00,732.0,32.72,32.67,32.81,-1.3199997,-3.8777897,280.0,110,0.35156898437499995,True,REGULAR,USD,2026-09-29,C
SPY260929C00733000,2026-09-29 18:38:32+00:00,733.0,31.35,31.64,31.81,-1.3500004,-4.1284413,277.0,79,0.34180345703125,True,REGULAR,USD,2026-09-29,C
SPY260929C00734000,2026-09-29 18:49:38+00:00,734.0,30.71,30.66,30.82,-1.0,-3.1535795,39.0,200,0.34180345703125,True,REGULAR,USD,2026-09-29,C
SPY260929C00735000,2026-09-29 16:04:49+00:00,735.0,27.76,29.66,29.81,-2.8999996,-9.458577,148.0,174,0.32227240234374993,True,REGULAR,USD,2026-09-29,C
SPY260929C00736000,2026-09-29 17:44:39+00:00,736.0,27.24,28.64,28.81,-2.4799995,-8.344548,77.0,88,0.31250687499999996,True,REGULAR,USD,2026-09-29,C
SPY260929C00737000,2026-09-29 17:11:13+00:00,737.0,25.82,27.66,27.81,-4.5,-14.841689,81.0,82,0.30274134765625,True,REGULAR,USD,2026-09-29,C
SPY260929C00738000,2026-09-29 18:37:47+00:00,738.0,26.13,26.64,26.81,-1.25,-4.5653763,333.0,90,0.2929758203124999,True,REGULAR,USD,2026-09-29,C
SPY260929C00739000,2026-09-29 18:17:20+00:00,739.0,25.06,25.65,25.81,-1.1900005,-4.533335,94.0,110,0.28321029296874994,True,REGULAR,USD,2026-09-29,C
SPY260929C00740000,2026-09-29 18:17:21+00:00,740.0,23.71,24.61,24.77,-1.8200016,-7.128874,115.0,285,0.12500875,True,REGULAR,USD,2026-09-29,C
SPY260929C00741000,2026-09-29 18:31:42+00:00,741.0,23.78,23.68,23.82,-0.6899986,-2.8197737,83.0,178,0.27149166015625,True,REGULAR,USD,2026-09-29,C
SPY260929C00742000,2026-09-29 18:46:44+00:00,742.0,22.79,22.67,22.8,-0.7399998,-3.1449203,175.0,168,0.24414818359375,True,REGULAR,USD,2026-09-29,C
SPY260929C00743000,2026-09-29 18:51:26+00:00,743.0,21.68,21.66,21.8,-0.86999893,-3.8580885,859.0,246,0.23438265625,True,REGULAR,USD,2026-09-29,C
SPY260929C00744000,2026-09-29 18:28:53+00:00,744.0,20.06,20.67,20.8,-1.6900005,-7.7701178,230.0,123,0.22657023437499998,True,REGULAR,USD,2026-09-29,C
SPY260929C00745000,2026-09-29 18:36:16+00:00,745.0,19.8,19.67,19.8,-0.9000015,-4.347833,222.0,116,0.21680470703125,True,REGULAR,USD,2026-09-29,C
SPY260929C00746000,2026-09-29 18:05:20+00:00,746.0,17.73,18.67,18.8,-2.4300003,-12.053573,31.0,107,0.20703917968749996,True,REGULAR,USD,2026-09-29,C
SPY260929C00747000,2026-09-29 18:52:53+00:00,747.0,17.78,17.67,17.8,-0.4299984,-2.3613312,102.0,138,0.19727365234375,True,REGULAR,USD,2026-09-29,C
SPY260929C00748000,2026-09-29 18:50:39+00:00,748.0,16.58,16.67,16.82,-2.960001,-15.148417,58.0,354,0.20117986328124998,True,REGULAR,USD,2026-09-29,C
SPY260929C00749000,2026-09-29 18:44:31+00:00,749.0,15.84,15.69,15.82,-0.5799999,-3.5322773,92.0,318,0.19043778320312502,True,REGULAR,USD,2026-09-29,C
SPY260929C00750000,2026-09-29 18:53:18+00:00,750.0,14.75,14.67,14.8,-0.97999954,-6.2301307,369.0,559,0.16700051757812504,True,REGULAR,USD,2026-09-29,C
SPY260929C00751000,2026-09-29 18:53:40+00:00,751.0,13.69,13.67,13.8,-0.89000034,-6.1042547,397.0,222,0.157234990234375,True,REGULAR,USD,2026-09-29,C
SPY260929C00752000,2026-09-29 18:44:29+00:00,752.0,12.79,12.69,12.8,-0.9499998,-6.9141183,203.0,163,0.147469462890625,True,REGULAR,USD,2026-09-29,C
SPY260929C00753000,2026-09-29 18:43:36+00:00,753.0,11.85,11.72,11.73,-0.9200001,-7.2043858,592.0,209,1.0000000000000003e-05,True,REGULAR,USD,2026-09-29,C
SPY260929C00754000,2026-09-29 18:51:27+00:00,754.0,10.67,10.69,10.7,-1.1300001,-9.576272,1743.0,148,1.0000000000000003e-05,True,REGULAR,USD,2026-09-29,C
SPY260929C00755000,2026-09-29 18:53:15+00:00,755.0,9.75,9.7,9.71,-1.1899996,-10.87751,5155.0,374,1.0000000000000003e-05,True,REGULAR,USD,2026-09-29,C
SPY260929C00756000,2026-09-29 18:53:07+00:00,756.0,8.81,8.72,8.73,-0.72999954,-7.651987,4252.0,273,1.0000000000000003e-05,True,REGULAR,USD,2026-09-29,C
SPY260929C00757000,2026-09-29 18:53:06+00:00,757.0,7.8,7.72,7.73,-0.85999966,-9.930713,2419.0,341,1.0000000000000003e-05,True,REGULAR,USD,2026-09-29,C
SPY260929C00758000,2026-09-29 18:53:26+00:00,758.0,6.78,6.75,6.76,-1.0299997,-13.188216,4995.0,197,1.0000000000000003e-05,True,REGULAR,USD,2026-09-29,C
SPY260929C00759000,2026-09-29 18:53:42+00:00,759.0,5.71,5.72,5.73,-1.2399998,-17.841724,7139.0,261,1.0000000000000003e-05,True,REGULAR,USD,2026-09-29,C
SPY260929C00760000,2026-09-29 18:54:02+00:00,760.0,4.74,4.73,4.74,-1.23,-20.603016,21686.0,869,1.0000000000000003e-05,True,REGULAR,USD,2026-09-29,C
SPY260929C00761000,2026-09-29 18:54:03+00:00,761.0,3.74,3.76,3.77,-1.3999999,-27.237352,52544.0,613,0.0312596875,True,REGULAR,USD,2026-09-29,C
SPY260929C00762000,2026-09-29 18:54:19+00:00,762.0,2.74,2.74,2.75,-1.5699999,-36.342594,119289.0,1062,1.0000000000000003e-05,True,REGULAR,USD,2026-09-29,C
SPY260929C00763000,2026-09-29 18:54:18+00:00,763.0,1.86,1.85,1.87,-1.7499999,-48.47645,384722.0,4267,0.039072109375,True,REGULAR,USD,2026-09-29,C
SPY260929C00764000,2026-09-29 18:54:18+00:00,764.0,1.05,1.05,1.06,-1.8300002,-63.541668,542842.0,3225,0.037485211181640624,True,REGULAR,USD,2026-09-29,C
SPY260929C00765000,2026-09-29 18:54:24+00:00,765.0,0.48,0.48,0.49,-1.78,-78.76106,651639.0,4437,0.037485211181640624,False,REGULAR,USD,2026-09-29,C
SPY260929C00766000,2026-09-29 18:54:20+00:00,766.0,0.19,0.19,0.2,-1.55,-89.08046,614110.0,7162,0.039682454833984374,False,REGULAR,USD,2026-09-29,C
SPY260929C00767000,2026-09-29 18:54:10+00:00,767.0,0.07,0.07,0.08,-1.2299999,-93.89313,446397.0,11246,0.0429783203125,False,REGULAR,USD,2026-09-29,C
SPY260929C00768000,2026-09-29 18:54:20+00:00,768.0,0.03,0.03,0.04,-0.91,-96.80851,282891.0,14784,0.04883763671875,False,REGULAR,USD,2026-09-29,C
SPY260929C00769000,2026-09-29 18:53:29+00:00,769.0,0.03,0.02,0.03,-0.62,-95.38462,219212.0,9903,0.05762661132812501,False,REGULAR,USD,2026-09-29,C
SPY260929C00770000,2026-09-29 18:54:06+00:00,770.0,0.02,0.01,0.02,-0.42999998,-95.55555,157149.0,13424,0.06446248046875,False,REGULAR,USD,2026-09-29,C
SPY260929C00771000,2026-09-29 18:52:43+00:00,771.0,0.01,0.01,0.02,-0.29000002,-93.548386,123192.0,7286,0.07422800781250001,False,REGULAR,USD,2026-09-29,C
SPY260929C00772000,2026-09-29 18:52:18+00:00,772.0,0.01,0.01,0.02,-0.19999999,-95.23809,66831.0,4674,0.08399353515625002,False,REGULAR,USD,2026-09-29,C
SPY260929C00773000,2026-09-29 18:53:53+00:00,773.0,0.01,0.01,0.02,-0.13,-92.85714,29267.0,8324,0.0937590625,False,REGULAR,USD,2026-09-29,C
SPY260929C00774000,2026-09-29 18:53:18+00:00,774.0,0.01,0.0,0.01,-0.09,-90.0,17081.0,5028,0.09571216796875001,False,REGULAR,USD,2026-09-29,C
SPY260929C00775000,2026-09-29 18:45:00+00:00,775.0,0.01,0.0,0.01,-0.060000002,-85.71429,9466.0,8027,0.10352458984374999,False,REGULAR,USD,2026-09-29,C
SPY260929C00776000,2026-09-29 18:48:57+00:00,776.0,0.01,0.0,0.01,-0.04,-80.00001,8564.0,4112,0.1132901171875,False,REGULAR,USD,2026-09-29,C
SPY260929C00777000,2026-09-29 18:41:09+00:00,777.0,0.01,0.0,0.01,-0.04,-80.00001,9592.0,3666,0.1211025390625,False,REGULAR,USD,2026-09-29,C
SPY260929C00778000,2026-09-29 18:38:26+00:00,778.0,0.01,0.0,0.01,-0.03,-75.0,1531.0,4483,0.1289149609375,False,REGULAR,USD,2026-09-29,C
SPY260929C00779000,2026-09-29 18:38:43+00:00,779.0,0.01,0.0,0.01,-0.02,-66.66667,1897.0,5160,0.13868048828125001,False,REGULAR,USD,2026-09-29,C
SPY260929C00780000,2026-09-29 18:40:53+00:00,780.0,0.01,0.0,0.01,-0.02,-66.66667,4606.0,5644,0.148446015625,False,REGULAR,USD,2026-09-29,C
SPY260929C00781000,2026-09-29 18:26:58+00:00,781.0,0.01,0.0,0.01,-0.01,-50.0,19259.0,1763,0.1562584375,False,REGULAR,USD,2026-09-29,C
SPY260929C00782000,2026-09-29 18:45:55+00:00,782.0,0.01,0.0,0.01,-0.01,-50.0,6893.0,4284,0.16407085937500002,False,REGULAR,USD,2026-09-29,C
SPY260929C00783000,2026-09-29 18:42:20+00:00,783.0,0.01,0.0,0.01,0.0,0.0,3229.0,4029,0.17188328125000002,False,REGULAR,USD,2026-09-29,C
SPY260929C00784000,2026-09-29 18:39:49+00:00,784.0,0.01,0.0,0.01,0.0,0.0,1123.0,1452,0.179695703125,False,REGULAR,USD,2026-09-29,C
SPY260929C00785000,2026-09-29 18:44:33+00:00,785.0,0.01,0.0,0.01,0.0,0.0,54.0,1413,0.187508125,False,REGULAR,USD,2026-09-29,C
SPY260929C00786000,2026-09-29 17:53:53+00:00,786.0,0.01,0.0,0.01,0.0,0.0,31.0,685,0.195320546875,False,REGULAR,USD,2026-09-29,C
SPY260929C00787000,2026-09-29 17:07:41+00:00,787.0,0.01,0.0,0.01,-0.01,-50.0,56.0,2036,0.20703917968749996,False,REGULAR,USD,2026-09-29,C
SPY260929C00788000,2026-09-29 18:39:49+00:00,788.0,0.01,0.0,0.01,0.0,0.0,12.0,691,0.2148516015625,False,REGULAR,USD,2026-09-29,C
SPY260929C00789000,2026-09-29 15:30:05+00:00,789.0,0.01,0.0,0.01,0.0,0.0,1.0,1316,0.22266402343749997,False,REGULAR,USD,2026-09-29,C
SPY260929C00790000,2026-09-29 18:21:01+00:00,790.0,0.01,0.0,0.01,0.0,0.0,340.0,1712,0.2304764453125,False,REGULAR,USD,2026-09-29,C
SPY260929C00791000,2026-09-28 17:52:29+00:00,791.0,0.02,0.0,0.01,0.0,0.0,94.0,732,0.23828886718749998,False,REGULAR,USD,2026-09-29,C
SPY260929C00792000,2026-09-28 19:48:19+00:00,792.0,0.01,0.0,0.01,0.0,0.0,253.0,1117,0.2461012890625,False,REGULAR,USD,2026-09-29,C
SPY260929C00793000,2026-09-28 19:59:52+00:00,793.0,0.01,0.0,0.01,0.0,0.0,2493.0,2564,0.25391371093750004,False,REGULAR,USD,2026-09-29,C
SPY260929C00794000,2026-09-28 19:27:08+00:00,794.0,0.01,0.0,0.01,0.0,0.0,169.0,196,0.2617261328125,False,REGULAR,USD,2026-09-29,C
SPY260929C00795000,2026-09-28 18:25:07+00:00,795.0,0.01,0.0,0.01,0.0,0.0,2081.0,1318,0.2695385546875,False,REGULAR,USD,2026-09-29,C
SPY260929C00796000,2026-09-28 19:14:49+00:00,796.0,0.01,0.0,0.01,0.0,0.0,214.0,331,0.27735097656249996,False,REGULAR,USD,2026-09-29,C
SPY260929C00797000,2026-09-29 17:52:51+00:00,797.0,0.02,0.0,0.01,0.01,100.0,1.0,839,0.28516339843749994,False,REGULAR,USD,2026-09-29,C
SPY260929C00798000,2026-09-28 17:15:54+00:00,798.0,0.01,0.0,0.01,0.0,0.0,213.0,591,0.2929758203124999,False,REGULAR,USD,2026-09-29,C
SPY260929C00799000,2026-09-28 14:43:07+00:00,799.0,0.01,0.0,0.01,0.0,0.0,148.0,1619,0.3007882421875,False,REGULAR,USD,2026-09-29,C
SPY260929C00800000,2026-09-28 19:16:29+00:00,800.0,0.01,0.0,0.01,0.0,0.0,361.0,1399,0.3086006640625,False,REGULAR,USD,2026-09-29,C
SPY260929C00801000,2026-09-28 19:00:58+00:00,801.0,0.01,0.0,0.01,0.0,0.0,71.0,1193,0.31641308593749995,False,REGULAR,USD,2026-09-29,C
SPY260929C00802000,2026-09-28 14:19:38+00:00,802.0,0.01,0.0,0.01,0.0,0.0,86.0,80,0.3242255078124999,False,REGULAR,USD,2026-09-29,C
SPY260929C00803000,2026-09-28 16:25:48+00:00,803.0,0.01,0.0,0.01,0.0,0.0,61.0,101,0.3320379296875,False,REGULAR,USD,2026-09-29,C
SPY260929C00804000,2026-09-28 13:51:18+00:00,804.0,0.01,0.0,0.01,0.0,0.0,23.0,79,0.335944140625,False,REGULAR,USD,2026-09-29,C
SPY260929C00805000,2026-09-28 13:35:54+00:00,805.0,0.01,0.0,0.01,0.0,0.0,4.0,198,0.3437565625,False,REGULAR,USD,2026-09-29,C
SPY260929C00806000,2026-09-25 17:02:33+00:00,806.0,0.02,0.0,0.01,0.0,0.0,5.0,89,0.35156898437499995,False,REGULAR,USD,2026-09-29,C
SPY260929C00807000,2026-09-16 19:45:01+00:00,807.0,0.03,0.0,0.01,0.0,0.0,,79,0.35938140625,False,REGULAR,USD,2026-09-29,C
SPY260929C00808000,2026-09-25 20:08:40+00:00,808.0,0.02,0.0,0.01,0.0,0.0,12.0,792,0.367193828125,False,REGULAR,USD,2026-09-29,C
SPY260929C00809000,2026-09-24 16:01:29+00:00,809.0,0.02,0.0,0.01,0.0,0.0,130.0,780,0.37500625,False,REGULAR,USD,2026-09-29,C
SPY260929C00810000,2026-09-25 20:00:22+00:00,810.0,0.02,0.0,0.01,0.0,0.0,1.0,46,0.38281867187499996,False,REGULAR,USD,2026-09-29,C
SPY260929C00815000,2026-09-25 18:26:01+00:00,815.0,0.01,0.0,0.01,-0.01,-50.0,1.0,239,0.42188078125,False,REGULAR,USD,2026-09-29,C
SPY260929C00820000,2026-09-28 13:30:09+00:00,820.0,0.01,0.0,0.01,0.0,0.0,1.0,646,0.46094289062500005,False,REGULAR,USD,2026-09-29,C
SPY260929C00825000,2026-09-28 18:50:10+00:00,825.0,0.01,0.0,0.01,0.0,0.0,40.0,42,0.49219257812500006,False,REGULAR,USD,2026-09-29,C
SPY260929C00830000,2026-09-23 15:56:38+00:00,830.0,0.02,0.0,0.01,0.0,0.0,,6,0.500005,False,REGULAR,USD,2026-09-29,C
SPY260929C00835000,2026-09-25 18:19:33+00:00,835.0,0.01,0.0,0.01,0.0,0.0,1.0,243,0.5312546875,False,REGULAR,USD,2026-09-29,C
SPY260929C00840000,2026-09-24 19:19:02+00:00,840.0,0.01,0.0,0.01,0.0,0.0,,1,0.5625043750000001,False,REGULAR,USD,2026-09-29,C
SPY260929C00845000,2026-09-24 19:44:05+00:00,845.0,0.01,0.0,0.01,0.0,0.0,2.0,26,0.5937540625000001,False,REGULAR,USD,2026-09-29,C
SPY260929C00850000,2026-09-17 19:07:37+00:00,850.0,0.02,0.0,0.01,0.0,0.0,,72,0.6250037500000001,False,REGULAR,USD,2026-09-29,C
SPY260929C00855000,2026-09-24 20:10:34+00:00,855.0,0.01,0.0,0.01,0.0,0.0,6.0,1091,0.6562534375000001,False,REGULAR,USD,2026-09-29,C
SPY260929C00860000,2026-09-16 16:31:07+00:00,860.0,0.01,0.0,0.01,0.0,0.0,,358,0.6875031250000001,False,REGULAR,USD,2026-09-29,C
SPY260929C00865000,2026-09-16 16:31:07+00:00,865.0,0.01,0.0,0.01,0.0,0.0,,183,0.7187528125,False,REGULAR,USD,2026-09-29,C
SPY260929C00890000,2026-09-22 13:46:58+00:00,890.0,0.01,0.0,0.01,0.0,0.0,,1,0.87500125,False,REGULAR,USD,2026-09-29,C
SPY260929C00905000,2026-09-24 13:37:37+00:00,905.0,0.01,0.0,0.01,0.0,0.0,,1,0.9687503125,False,REGULAR,USD,2026-09-29,C
SPY260929C00940000,2026-09-25 14:31:28+00:00,940.0,0.01,0.0,0.01,0.0,0.0,1.0,1,1.15625421875,False,REGULAR,USD,2026-09-29,C
SPY260929P00550000,2026-09-29 18:36:18+00:00,550.0,0.01,0.0,0.01,-0.02,-66.66667,178.0,6,1.8437507812499998,False,REGULAR,USD,2026-09-29,P
SPY260929P00560000,2026-09-21 17:49:06+00:00,560.0,0.01,0.0,0.01,0.0,0.0,,110,1.75000125,False,REGULAR,USD,2026-09-29,P
SPY260929P00565000,2026-09-16 19:55:02+00:00,565.0,0.07,0.0,0.01,0.0,0.0,,20,1.6875015625,False,REGULAR,USD,2026-09-29,P
SPY260929P00570000,2026-09-21 15:07:08+00:00,570.0,0.01,0.0,0.01,0.0,0.0,20.0,41,1.65625171875,False,REGULAR,USD,2026-09-29,P
SPY260929P00575000,2026-09-28 13:51:45+00:00,575.0,0.01,0.0,0.01,0.0,0.0,1.0,31,1.625001875,False,REGULAR,USD,2026-09-29,P
SPY260929P00580000,2026-09-17 19:47:27+00:00,580.0,0.03,0.0,0.01,0.0,0.0,,48,1.5625021874999998,False,REGULAR,USD,2026-09-29,P
SPY260929P00595000,2026-09-16 19:54:35+00:00,595.0,0.1,0.0,0.01,0.0,0.0,,5,1.4375028125,False,REGULAR,USD,2026-09-29,P
SPY260929P00600000,2026-09-29 14:00:51+00:00,600.0,0.01,0.0,0.01,0.0,0.0,21.0,36,1.3750031249999999,False,REGULAR,USD,2026-09-29,P
SPY260929P00605000,2026-09-18 18:04:44+00:00,605.0,0.03,0.0,0.01,0.0,0.0,2.0,0,1.3437532812499997,False,REGULAR,USD,2026-09-29,P
SPY260929P00610000,2026-09-22 13:40:12+00:00,610.0,0.01,0.0,0.01,0.0,0.0,,135,1.2812535937499998,False,REGULAR,USD,2026-09-29,P
SPY260929P00615000,2026-09-21 16:53:05+00:00,615.0,0.03,0.0,0.01,0.0,0.0,5.0,149,1.2500037499999999,False,REGULAR,USD,2026-09-29,P
SPY260929P00620000,2026-09-21 14:13:48+00:00,620.0,0.02,0.0,0.01,0.0,0.0,36.0,95,1.1875040625,False,REGULAR,USD,2026-09-29,P
SPY260929P00625000,2026-09-18 20:02:54+00:00,625.0,0.05,0.0,0.01,0.0,0.0,40.0,41,1.15625421875,False,REGULAR,USD,2026-09-29,P
SPY260929P00635000,2026-09-17 14:30:39+00:00,635.0,0.08,0.0,0.01,0.0,0.0,,21,1.0625046875000002,False,REGULAR,USD,2026-09-29,P
SPY260929P00640000,2026-09-29 17:41:09+00:00,640.0,0.01,0.0,0.01,0.0,0.0,1.0,6,1.0312548437500002,False,REGULAR,USD,2026-09-29,P
SPY260929P00645000,2026-09-25 15:26:46+00:00,645.0,0.01,0.0,0.01,0.0,0.0,1265.0,1278,0.98437515625,False,REGULAR,USD,2026-09-29,P
SPY260929P00650000,2026-09-25 18:40:01+00:00,650.0,0.01,0.0,0.01,0.0,0.0,26.0,269,0.937500625,False,REGULAR,USD,2026-09-29,P
SPY260929P00655000,2026-09-25 19:49:30+00:00,655.0,0.01,0.0,0.01,0.0,0.0,327.0,322,0.9062509375,False,REGULAR,USD,2026-09-29,P
SPY260929P00660000,2026-09-25 16:43:46+00:00,660.0,0.02,0.0,0.01,0.0,0.0,53.0,52,0.87500125,False,REGULAR,USD,2026-09-29,P
SPY260929P00665000,2026-09-25 19:51:01+00:00,665.0,0.01,0.0,0.01,0.0,0.0,242.0,1416,0.8125018749999999,False,REGULAR,USD,2026-09-29,P
SPY260929P00670000,2026-09-25 19:52:56+00:00,670.0,0.01,0.0,0.01,0.0,0.0,105.0,6821,0.7812521875,False,REGULAR,USD,2026-09-29,P
SPY260929P00675000,2026-09-28 13:33:25+00:00,675.0,0.01,0.0,0.01,0.0,0.0,1.0,8038,0.7500025,False,REGULAR,USD,2026-09-29,P
SPY260929P00680000,2026-09-25 16:05:27+00:00,680.0,0.02,0.0,0.01,0.0,0.0,102.0,136,0.70312796875,False,REGULAR,USD,2026-09-29,P
SPY260929P00685000,2026-09-25 17:31:14+00:00,685.0,0.02,0.0,0.01,0.0,0.0,22.0,90,0.6562534375000001,False,REGULAR,USD,2026-09-29,P
SPY260929P00690000,2026-09-28 19:43:36+00:00,690.0,0.01,0.0,0.01,0.0,0.0,12.0,273,0.6250037500000001,False,REGULAR,USD,2026-09-29,P
SPY260929P00695000,2026-09-28 18:18:31+00:00,695.0,0.01,0.0,0.01,0.0,0.0,1344.0,1353,0.57812921875,False,REGULAR,USD,2026-09-29,P
SPY260929P00700000,2026-09-28 19:46:24+00:00,700.0,0.02,0.0,0.01,0.0,0.0,391.0,2037,0.5312546875,False,REGULAR,USD,2026-09-29,P
SPY260929P00705000,2026-09-29 15:06:35+00:00,705.0,0.01,0.0,0.01,0.0,0.0,1.0,2062,0.500005,False,REGULAR,USD,2026-09-29,P
SPY260929P00710000,2026-09-28 19:54:52+00:00,710.0,0.01,0.0,0.01,0.0,0.0,654.0,1519,0.48438015625,False,REGULAR,USD,2026-09-29,P
SPY260929P00715000,2026-09-28 19:58:27+00:00,715.0,0.01,0.0,0.01,0.0,0.0,106.0,2652,0.445318046875,False,REGULAR,USD,2026-09-29,P
SPY260929P00718000,2026-09-29 13:30:00+00:00,718.0,0.01,0.0,0.01,-0.02,-66.66667,1.0,342,0.42188078125,False,REGULAR,USD,2026-09-29,P
SPY260929P00719000,2026-09-29 13:30:00+00:00,719.0,0.01,0.0,0.01,-0.03,-75.0,1.0,225,0.414068359375,False,REGULAR,USD,2026-09-29,P
SPY260929P00720000,2026-09-28 20:13:31+00:00,720.0,0.01,0.0,0.01,0.0,0.0,46.0,3102,0.4062559375,False,REGULAR,USD,2026-09-29,P
SPY260929P00721000,2026-09-28 19:03:06+00:00,721.0,0.02,0.0,0.01,0.0,0.0,694.0,846,0.398443515625,False,REGULAR,USD,2026-09-29,P
SPY260929P00722000,2026-09-28 16:20:58+00:00,722.0,0.02,0.0,0.01,0.0,0.0,240.0,241,0.38672488281249995,False,REGULAR,USD,2026-09-29,P
SPY260929P00723000,2026-09-28 19:05:52+00:00,723.0,0.02,0.0,0.01,0.0,0.0,157.0,272,0.37500625,False,REGULAR,USD,2026-09-29,P
SPY260929P00724000,2026-09-28 20:08:38+00:00,724.0,0.01,0.0,0.01,0.0,0.0,1134.0,1285,0.367193828125,False,REGULAR,USD,2026-09-29,P
SPY260929P00725000,2026-09-28 20:14:58+00:00,725.0,0.01,0.0,0.01,0.0,0.0,2437.0,3507,0.35938140625,False,REGULAR,USD,2026-09-29,P
SPY260929P00726000,2026-09-29 13:35:22+00:00,726.0,0.01,0.0,0.01,0.0,0.0,40.0,361,0.35156898437499995,False,REGULAR,USD,2026-09-29,P
SPY260929P00727000,2026-09-29 18:21:01+00:00,727.0,0.01,0.0,0.01,0.0,0.0,3.0,1251,0.3437565625,False,REGULAR,USD,2026-09-29,P
SPY260929P00728000,2026-09-28 20:04:31+00:00,728.0,0.01,0.0,0.01,0.0,0.0,58.0,126,0.335944140625,False,REGULAR,USD,2026-09-29,P
SPY260929P00729000,2026-09-29 16:48:28+00:00,729.0,0.01,0.0,0.01,0.0,0.0,41.0,369,0.32813171874999997,False,REGULAR,USD,2026-09-29,P
SPY260929P00730000,2026-09-29 13:55:53+00:00,730.0,0.01,0.0,0.01,-0.03,-75.0,23.0,519,0.32031929687499994,False,REGULAR,USD,2026-09-29,P
SPY260929P00731000,2026-09-28 18:03:57+00:00,731.0,0.03,0.0,0.01,0.0,0.0,1.0,236,0.31250687499999996,False,REGULAR,USD,2026-09-29,P
SPY260929P00732000,2026-09-29 15:06:05+00:00,732.0,0.01,0.0,0.01,-0.01,-50.0,5.0,2133,0.304694453125,False,REGULAR,USD,2026-09-29,P
SPY260929P00733000,2026-09-28 19:28:54+00:00,733.0,0.01,0.0,0.01,0.0,0.0,15.0,2117,0.2929758203124999,False,REGULAR,USD,2026-09-29,P
SPY260929P00734000,2026-09-28 19:52:29+00:00,734.0,0.01,0.0,0.01,0.0,0.0,3.0,138,0.28516339843749994,False,REGULAR,USD,2026-09-29,P
SPY260929P00735000,2026-09-29 15:13:49+00:00,735.0,0.01,0.0,0.01,0.0,0.0,7.0,8175,0.27735097656249996,False,REGULAR,USD,2026-09-29,P
SPY260929P00736000,2026-09-28 19:52:52+00:00,736.0,0.01,0.0,0.01,0.0,0.0,3344.0,3057,0.26563234375,False,REGULAR,USD,2026-09-29,P
SPY260929P00737000,2026-09-29 14:40:51+00:00,737.0,0.01,0.0,0.01,0.0,0.0,2.0,560,0.257819921875,False,REGULAR,USD,2026-09-29,P
SPY260929P00738000,2026-09-28 19:55:00+00:00,738.0,0.01,0.0,0.01,-0.01,-50.0,5.0,629,0.2500075,False,REGULAR,USD,2026-09-29,P
SPY260929P00739000,2026-09-29 16:38:07+00:00,739.0,0.01,0.0,0.01,-0.01,-50.0,119.0,1078,0.242195078125,False,REGULAR,USD,2026-09-29,P
SPY260929P00740000,2026-09-29 18:40:18+00:00,740.0,0.01,0.0,0.01,-0.01,-50.0,946.0,6231,0.23438265625,False,REGULAR,USD,2026-09-29,P
SPY260929P00741000,2026-09-29 17:45:35+00:00,741.0,0.01,0.0,0.01,0.0,0.0,8479.0,10229,0.22657023437499998,False,REGULAR,USD,2026-09-29,P
SPY260929P00742000,2026-09-29 16:45:28+00:00,742.0,0.01,0.0,0.01,-0.02,-66.66667,1254.0,652,0.2148516015625,False,REGULAR,USD,2026-09-29,P
SPY260929P00743000,2026-09-29 15:39:21+00:00,743.0,0.01,0.0,0.01,-0.01,-50.0,663.0,1678,0.20703917968749996,False,REGULAR,USD,2026-09-29,P
SPY260929P00744000,2026-09-29 17:53:53+00:00,744.0,0.01,0.0,0.01,-0.01,-50.0,1621.0,1629,0.1992267578125,False,REGULAR,USD,2026-09-29,P
SPY260929P00745000,2026-09-29 18:10:17+00:00,745.0,0.01,0.0,0.01,0.0,0.0,16480.0,3733,0.1914143359375,False,REGULAR,USD,2026-09-29,P
SPY260929P00746000,2026-09-29 18:38:35+00:00,746.0,0.01,0.0,0.01,-0.01,-50.0,9786.0,938,0.179695703125,False,REGULAR,USD,2026-09-29,P
SPY260929P00747000,2026-09-29 18:51:58+00:00,747.0,0.01,0.0,0.01,-0.02,-66.66667,3057.0,2836,0.17188328125000002,False,REGULAR,USD,2026-09-29,P
SPY260929P00748000,2026-09-29 18:45:01+00:00,748.0,0.01,0.0,0.01,-0.02,-66.66667,2787.0,2111,0.16407085937500002,False,REGULAR,USD,2026-09-29,P
SPY260929P00749000,2026-09-29 18:38:35+00:00,749.0,0.01,0.0,0.01,-0.03,-75.0,1975.0,827,0.1562584375,False,REGULAR,USD,2026-09-29,P
SPY260929P00750000,2026-09-29 18:42:04+00:00,750.0,0.01,0.0,0.01,-0.04,-80.00001,5580.0,5932,0.14649291015625,False,REGULAR,USD,2026-09-29,P
SPY260929P00751000,2026-09-29 18:30:12+00:00,751.0,0.01,0.0,0.01,-0.049999997,-83.333336,4611.0,1674,0.13672738281250002,False,REGULAR,USD,2026-09-29,P
SPY260929P00752000,2026-09-29 18:53:41+00:00,752.0,0.01,0.0,0.01,-0.049999997,-83.333336,10270.0,2985,0.1289149609375,False,REGULAR,USD,2026-09-29,P
SPY260929P00753000,2026-09-29 18:50:30+00:00,753.0,0.01,0.0,0.01,-0.07,-87.5,8646.0,2651,0.11914943359374999,False,REGULAR,USD,2026-09-29,P
SPY260929P00754000,2026-09-29 18:53:28+00:00,754.0,0.01,0.0,0.01,-0.09,-90.0,7075.0,2810,0.10938390625,False,REGULAR,USD,2026-09-29,P
SPY260929P00755000,2026-09-29 18:53:46+00:00,755.0,0.02,0.01,0.02,-0.11,-91.66667,14911.0,6707,0.11036045898437499,False,REGULAR,USD,2026-09-29,P
SPY260929P00756000,2026-09-29 18:48:57+00:00,756.0,0.01,0.01,0.02,-0.17,-94.44444,56724.0,4069,0.100594931640625,False,REGULAR,USD,2026-09-29,P
SPY260929P00757000,2026-09-29 18:54:17+00:00,757.0,0.01,0.01,0.02,-0.22,-95.652176,134394.0,6243,0.090829404296875,False,REGULAR,USD,2026-09-29,P
SPY260929P00758000,2026-09-29 18:53:22+00:00,758.0,0.01,0.01,0.02,-0.3,-93.75,235508.0,6483,0.08008732421875,False,REGULAR,USD,2026-09-29,P
SPY260929P00759000,2026-09-29 18:53:41+00:00,759.0,0.01,0.01,0.02,-0.38,-97.4359,207602.0,8919,0.07032179687500001,False,REGULAR,USD,2026-09-29,P
SPY260929P00760000,2026-09-29 18:54:17+00:00,760.0,0.02,0.02,0.03,-0.48999998,-96.07842,267968.0,10230,0.063485927734375,False,REGULAR,USD,2026-09-29,P
SPY260929P00761000,2026-09-29 18:54:11+00:00,761.0,0.04,0.03,0.04,-0.63,-95.45455,311010.0,3632,0.0551852294921875,False,REGULAR,USD,2026-09-29,P
SPY260929P00762000,2026-09-29 18:54:11+00:00,762.0,0.06,0.05,0.06,-0.81,-93.10345,527670.0,6769,0.0473728076171875,False,REGULAR,USD,2026-09-29,P
SPY260929P00763000,2026-09-29 18:54:19+00:00,763.0,0.13,0.12,0.13,-1.01,-88.59649,632554.0,6657,0.0424900439453125,False,REGULAR,USD,2026-09-29,P
SPY260929P00764000,2026-09-29 18:54:22+00:00,764.0,0.34,0.33,0.34,-1.1,-76.388885,520976.0,7612,0.04102521484375,False,REGULAR,USD,2026-09-29,P
SPY260929P00765000,2026-09-29 18:54:26+00:00,765.0,0.78,0.77,0.78,-1.0500001,-57.377052,341567.0,6324,0.04126935302734375,True,REGULAR,USD,2026-09-29,P
SPY260929P00766000,2026-09-29 18:54:08+00:00,766.0,1.5,1.49,1.5,-0.79999995,-34.782604,115763.0,5236,0.045419702148437505,True,REGULAR,USD,2026-09-29,P
SPY260929P00767000,2026-09-29 18:53:54+00:00,767.0,2.34,2.31,2.32,-0.52,-18.181818,51891.0,5713,0.044443149414062494,True,REGULAR,USD,2026-09-29,P
SPY260929P00768000,2026-09-29 18:53:38+00:00,768.0,3.31,3.27,3.28,-0.18000007,-5.157595,22157.0,3947,0.05103488037109375,True,REGULAR,USD,2026-09-29,P
SPY260929P00769000,2026-09-29 18:53:30+00:00,769.0,4.25,4.3,4.31,0.03000021,0.7109055,13491.0,3049,0.06983352050781251,True,REGULAR,USD,2026-09-29,P
SPY260929P00770000,2026-09-29 18:51:40+00:00,770.0,5.34,5.28,5.29,0.30999994,6.1630206,8976.0,3747,0.07764594238281251,True,REGULAR,USD,2026-09-29,P
SPY260929P00771000,2026-09-29 18:53:05+00:00,771.0,6.22,6.3,6.31,0.30999994,5.245346,3384.0,2350,0.09449147705078126,True,REGULAR,USD,2026-09-29,P
SPY260929P00772000,2026-09-29 18:53:42+00:00,772.0,7.31,7.28,7.29,0.7399998,11.263314,2988.0,1166,0.100594931640625,True,REGULAR,USD,2026-09-29,P
SPY260929P00773000,2026-09-29 18:51:30+00:00,773.0,8.34,8.3,8.31,0.6300001,8.171207,2830.0,1207,0.118172880859375,True,REGULAR,USD,2026-09-29,P
SPY260929P00774000,2026-09-29 18:47:27+00:00,774.0,9.39,9.26,9.27,1.0200005,12.186385,1487.0,155,0.11524322265625,True,REGULAR,USD,2026-09-29,P
SPY260929P00775000,2026-09-29 18:48:49+00:00,775.0,10.42,10.25,10.26,0.64000034,6.5439706,2255.0,126,0.12012598632812499,True,REGULAR,USD,2026-09-29,P
SPY260929P00776000,2026-09-29 18:47:48+00:00,776.0,11.6,11.29,11.3,1.2000008,11.538469,3750.0,4,0.148446015625,True,REGULAR,USD,2026-09-29,P
SPY260929P00777000,2026-09-29 18:36:06+00:00,777.0,13.01,12.24,12.34,1.3500004,11.578048,192.0,1,0.17237155761718753,True,REGULAR,USD,2026-09-29,P
SPY260929P00778000,2026-09-29 18:47:09+00:00,778.0,13.37,13.2,13.33,1.0199995,8.259106,71.0,3,0.180672255859375,True,REGULAR,USD,2026-09-29,P
SPY260929P00779000,2026-09-29 18:01:59+00:00,779.0,13.97,14.2,14.33,0.3699999,2.7205873,159.0,3,0.1914143359375,True,REGULAR,USD,2026-09-29,P
SPY260929P00780000,2026-09-29 18:47:10+00:00,780.0,15.39,15.19,15.32,0.40000057,2.6684494,692.0,24,0.1992267578125,True,REGULAR,USD,2026-09-29,P
SPY260929P00781000,2026-09-29 18:51:59+00:00,781.0,16.3,16.19,16.32,0.94999886,6.1889176,205.0,3,0.20948056152343747,True,REGULAR,USD,2026-09-29,P
SPY260929P00782000,2026-09-29 17:33:08+00:00,782.0,18.89,17.2,17.34,2.8400002,17.694704,213.0,0,0.22754678710937498,True,REGULAR,USD,2026-09-29,P
SPY260929P00783000,2026-09-29 18:30:10+00:00,783.0,18.93,18.19,18.28,1.4500008,8.295199,94.0,1,0.21094539062499998,True,REGULAR,USD,2026-09-29,P
SPY260929P00784000,2026-09-29 18:39:15+00:00,784.0,19.19,19.2,19.34,0.88000107,4.806123,116.0,0,0.249030947265625,True,REGULAR,USD,2026-09-29,P
SPY260929P00785000,2026-09-29 18:48:59+00:00,785.0,20.39,20.21,20.33,1.0999985,5.7024283,20.0,0,0.25586681640625003,True,REGULAR,USD,2026-09-29,P
SPY260929P00786000,2026-09-29 18:00:00+00:00,786.0,23.3,21.21,21.33,5.17,28.516273,27.0,0,0.26563234375,True,REGULAR,USD,2026-09-29,P
SPY260929P00787000,2026-09-29 18:43:00+00:00,787.0,22.05,22.2,22.33,0.9699993,4.601515,30.0,0,0.27637442382812494,True,REGULAR,USD,2026-09-29,P
SPY260929P00788000,2026-09-29 14:40:13+00:00,788.0,22.61,23.2,23.33,0.98000145,4.530751,12.0,0,0.28613995117187496,True,REGULAR,USD,2026-09-29,P
SPY260929P00789000,2026-09-29 18:53:36+00:00,789.0,24.28,24.2,24.33,0.6400013,2.7072814,91.0,0,0.29688203124999996,True,REGULAR,USD,2026-09-29,P
SPY260929P00790000,2026-09-29 18:39:15+00:00,790.0,25.19,25.19,25.35,0.75,3.0687397,568.0,0,0.3154365332031249,True,REGULAR,USD,2026-09-29,P
SPY260929P00791000,2026-09-29 18:41:29+00:00,791.0,25.89,26.28,26.42,1.9799995,8.281052,254.0,0,0.352545537109375,True,REGULAR,USD,2026-09-29,P
SPY260929P00792000,2026-09-29 18:11:20+00:00,792.0,28.94,27.19,27.35,4.1400013,16.693554,9.0,0,0.335944140625,True,REGULAR,USD,2026-09-29,P
SPY260929P00793000,2026-09-29 18:40:54+00:00,793.0,27.94,28.25,28.45,3.25,13.163223,39.0,0,0.383795224609375,True,REGULAR,USD,2026-09-29,P
SPY260929P00794000,2026-09-28 18:38:08+00:00,794.0,27.22,29.23,29.39,0.0,0.0,80.0,0,0.37305314453125,True,REGULAR,USD,2026-09-29,P
SPY260929P00795000,2026-09-29 17:24:53+00:00,795.0,32.03,30.19,30.37,4.119999,14.76173,68.0,0,0.375982802734375,True,REGULAR,USD,2026-09-29,P
SPY260929P00796000,2026-09-29 18:13:34+00:00,796.0,32.74,31.19,31.39,2.880001,9.645014,4.0,0,0.39453730468750003,True,REGULAR,USD,2026-09-29,P
SPY260929P00797000,2026-09-29 18:40:54+00:00,797.0,31.94,32.19,32.35,-0.289999,-0.89977974,22.0,0,0.38672488281249995,True,REGULAR,USD,2026-09-29,P
SPY260929P00798000,2026-09-29 18:38:40+00:00,798.0,33.52,33.25,33.45,-0.13999939,-0.41592214,4.0,0,0.437505625,True,REGULAR,USD,2026-09-29,P
SPY260929P00799000,2026-09-29 18:47:10+00:00,799.0,34.39,34.19,34.39,0.5400009,1.595276,412.0,0,0.424810439453125,True,REGULAR,USD,2026-09-29,P
SPY260929P00800000,2026-09-29 18:36:27+00:00,800.0,35.92,35.19,35.35,1.829998,5.3681374,329.0,0,0.41602146484374997,True,REGULAR,USD,2026-09-29,P
SPY260929P00801000,2026-09-29 18:45:01+00:00,801.0,36.11,36.19,36.39,0.49000168,1.3756365,11.0,0,0.445318046875,True,REGULAR,USD,2026-09-29,P
SPY260929P00802000,2026-09-29 18:45:36+00:00,802.0,37.05,37.19,37.35,1.9199982,5.465409,8.0,0,0.43555251953125,True,REGULAR,USD,2026-09-29,P
SPY260929P00803000,2026-09-29 18:47:31+00:00,803.0,38.46,38.19,38.37,0.4300003,1.1306871,178.0,0,0.45508357421875,True,REGULAR,USD,2026-09-29,P
SPY260929P00804000,2026-09-29 15:49:31+00:00,804.0,39.99,39.23,39.39,2.5,6.6684446,3.0,0,0.47461462890625,True,REGULAR,USD,2026-09-29,P
SPY260929P00805000,2026-09-29 18:38:36+00:00,805.0,40.56,40.19,40.34,2.0200005,5.2413087,185.0,0,0.45898978515625005,True,REGULAR,USD,2026-09-29,P
SPY260929P00806000,2026-09-29 14:18:10+00:00,806.0,40.68,41.19,41.45,0.31000137,0.76790035,11.0,0,0.5205126074218749,True,REGULAR,USD,2026-09-29,P
SPY260929P00807000,2026-09-29 18:41:09+00:00,807.0,41.83,42.19,42.32,1.7200012,4.2882104,151.0,0,0.46484910156250003,True,REGULAR,USD,2026-09-29,P
SPY260929P00808000,2026-09-29 17:24:51+00:00,808.0,45.05,43.06,43.36,3.0699997,7.3130054,214.0,0,0.499028447265625,True,REGULAR,USD,2026-09-29,P
SPY260929P00809000,2026-09-29 18:34:49+00:00,809.0,45.13,44.24,44.48,3.1399994,7.477969,129.0,0,0.507817421875,True,REGULAR,USD,2026-09-29,P
SPY260929P00810000,2026-09-29 17:01:35+00:00,810.0,47.21,45.13,45.37,3.1699982,7.1979976,61.0,0,0.523442265625,True,REGULAR,USD,2026-09-29,P
SPY260929P00815000,2026-09-29 18:54:18+00:00,815.0,50.26,50.25,50.26,2.079998,4.3153486,1452.0,0,0.47070841796875,True,REGULAR,USD,2026-09-29,P
SPY260929P00820000,2026-09-29 17:44:45+00:00,820.0,56.72,55.12,55.34,2.670002,4.939874,123.0,0,0.596683720703125,True,REGULAR,USD,2026-09-29,P
SPY260929P00825000,2026-09-28 19:23:21+00:00,825.0,59.05,60.05,60.36,0.0,0.0,436.0,0,0.6562534375000001,True,REGULAR,USD,2026-09-29,P
SPY260929P00830000,2026-09-29 16:24:04+00:00,830.0,66.79,65.12,65.34,2.1600037,3.342107,11.0,0,0.68555001953125,True,REGULAR,USD,2026-09-29,P
SPY260929P00835000,2026-09-28 19:45:39+00:00,835.0,69.45,70.2,70.46,0.0,0.0,34.0,0,0.719729365234375,True,REGULAR,USD,2026-09-29,P
SPY260929P00840000,2026-09-28 16:44:58+00:00,840.0,72.92,75.13,75.36,0.0,0.0,150.0,0,0.6250037500000001,True,REGULAR,USD,2026-09-29,P
SPY260929P00845000,2026-09-29 18:09:47+00:00,845.0,81.9,80.12,80.34,3.1100006,3.9472022,76.0,0,0.500005,True,REGULAR,USD,2026-09-29,P
SPY260929P00850000,2026-09-29 18:33:50+00:00,850.0,86.31,85.12,85.35,2.4300003,2.8969963,6.0,0,0.6250037500000001,True,REGULAR,USD,2026-09-29,P
SPY260929P00855000,2026-09-28 15:58:32+00:00,855.0,89.68,90.18,90.42,0.0,0.0,128.0,0,0.84961087890625,True,REGULAR,USD,2026-09-29,P
SPY260929P00860000,2026-09-29 18:14:02+00:00,860.0,96.34,95.09,95.54,1.6499939,1.7425218,3.0,0,0.9082040429687499,True,REGULAR,USD,2026-09-29,P
SPY260929P00865000,2026-09-29 13:50:52+00:00,865.0,99.87,100.11,100.36,-0.29000092,-0.28953764,2.0,0,0.7187528125,True,REGULAR,USD,2026-09-29,P
SPY260929P00870000,2026-09-29 13:50:52+00:00,870.0,104.85,105.09,105.36,0.8899994,0.85609794,2.0,0,1.0371141894531253,True,REGULAR,USD,2026-09-29,P
SPY260929P00875000,2026-09-28 17:00:20+00:00,875.0,108.12,110.06,110.37,0.0,0.0,71.0,0,1.087895185546875,True,REGULAR,USD,2026-09-29,P
SPY260929P00880000,2026-09-29 18:38:23+00:00,880.0,115.8,115.19,115.37,1.7100067,1.4988227,1.0,0,1.0039112304687499,True,REGULAR,USD,2026-09-29,P
SPY260929P00885000,2026-09-28 19:12:28+00:00,885.0,118.89,120.12,120.36,0.0,0.0,60.0,0,0.8984385156249999,True,REGULAR,USD,2026-09-29,P
SPY260929P00890000,2026-09-28 19:30:06+00:00,890.0,124.03,125.11,125.36,0.0,0.0,118.0,0,0.87500125,True,REGULAR,USD,2026-09-29,P
SPY260929P00895000,2026-09-28 15:33:36+00:00,895.0,129.99,130.12,130.36,0.0,0.0,42.0,0,0.9687503125,True,REGULAR,USD,2026-09-29,P
SPY260929P00900000,2026-09-29 13:31:40+00:00,900.0,133.94,135.19,135.43,-0.13000488,-0.096967906,2.0,0,1.203128984375,True,REGULAR,USD,2026-09-29,P
SPY260929P00905000,2026-09-28 15:35:44+00:00,905.0,140.08,140.09,140.37,0.0,0.0,34.0,0,0.500005,True,REGULAR,USD,2026-09-29,P
SPY260929P00910000,2026-09-28 15:37:23+00:00,910.0,144.54,145.09,145.37,0.0,0.0,34.0,0,0.500005,True,REGULAR,USD,2026-09-29,P
SPY260929P00915000,2026-09-28 15:37:48+00:00,915.0,149.46,150.09,150.37,0.0,0.0,32.0,0,0.500005,True,REGULAR,USD,2026-09-29,P
SPY260929P00920000,2026-09-28 15:38:29+00:00,920.0,154.36,155.05,155.36,0.0,0.0,46.0,0,1.419924775390625,True,REGULAR,USD,2026-09-29,P
SPY260929P00925000,2026-09-28 15:40:14+00:00,925.0,159.52,160.12,160.36,0.0,0.0,42.0,0,1.140629296875,True,REGULAR,USD,2026-09-29,P
SPY260929P00930000,2026-09-28 15:41:56+00:00,930.0,165.08,165.05,165.36,0.0,0.0,22.0,0,1.4921900390624998,True,REGULAR,USD,2026-09-29,P
SPY260929P00935000,2026-09-29 15:23:37+00:00,935.0,172.16,170.09,170.36,2.130005,1.252723,1.0,0,1.5273461132812498,True,REGULAR,USD,2026-09-29,P
SPY260929P00940000,2026-09-29 15:26:07+00:00,940.0,176.88,175.19,175.39,1.800003,1.0281031,4.0,0,1.44140904296875,True,REGULAR,USD,2026-09-29,P
SPY260929P00945000,2026-09-29 15:13:59+00:00,945.0,181.02,180.2,180.42,1.7700043,0.98745006,2.0,0,1.5156274218749999,True,REGULAR,USD,2026-09-29,P
SPY260929P00950000,2026-09-28 19:31:40+00:00,950.0,184.17,185.09,185.36,0.0,0.0,48.0,0,1.6328143359374998,True,REGULAR,USD,2026-09-29,P
SPY260930C00375000,2026-09-14 19:40:11+00:00,375.0,386.82,388.89,390.62,0.0,0.0,1.0,0,4.376957653808593,True,REGULAR,USD,2026-09-30,C
SPY260930C00380000,2026-09-18 16:45:24+00:00,380.0,379.26,383.89,385.61,0.0,0.0,9.0,7,4.294926506347656,True,REGULAR,USD,2026-09-30,C
SPY260930C00410000,2026-09-28 14:00:25+00:00,410.0,358.34,353.77,355.51,0.0,0.0,1.0,1,3.8007817480468753,True,REGULAR,USD,2026-09-30,C
SPY260930C00415000,2026-07-13 15:48:20+00:00,415.0,340.0,348.35,351.14,0.0,0.0,41.0,73,4.088383795776368,True,REGULAR,USD,2026-09-30,C
SPY260930C00420000,2026-09-17 14:35:50+00:00,420.0,341.52,343.77,345.39,0.0,0.0,7.0,0,3.5800791748046876,True,REGULAR,USD,2026-09-30,C
SPY260930C00425000,2026-08-31 19:05:39+00:00,425.0,341.62,338.89,340.54,0.0,0.0,44.0,3,3.621094697265625,True,REGULAR,USD,2026-09-30,C
SPY260930C00440000,2026-05-18 14:50:23+00:00,440.0,303.01,0.0,0.0,0.0,0.0,2.0,0,1.0000000000000003e-05,True,REGULAR,USD,2026-09-30,C
SPY260930C00450000,2026-05-27 14:49:18+00:00,450.0,303.49,0.0,0.0,0.0,0.0,,0,1.0000000000000003e-05,True,REGULAR,USD,2026-09-30,C
SPY260930C00460000,2026-04-09 17:24:56+00:00,460.0,229.77,282.14,285.65,0.0,0.0,,0,1.0000000000000003e-05,True,REGULAR,USD,2026-09-30,C
SPY260930C00470000,2026-06-12 18:25:01+00:00,470.0,275.35,286.58,289.97,0.0,0.0,1.0,0,1.0000000000000003e-05,True,REGULAR,USD,2026-09-30,C
SPY260930C00475000,2026-09-17 19:51:13+00:00,475.0,287.83,288.83,290.51,0.0,0.0,105.0,0,2.982424418945312,True,REGULAR,USD,2026-09-30,C
SPY260930C00480000,2026-09-17 19:56:14+00:00,480.0,283.08,283.77,285.47,0.0,0.0,2.0,0,2.9003933740234373,True,REGULAR,USD,2026-09-30,C
SPY260930C00485000,2026-09-17 19:56:51+00:00,485.0,278.1,278.77,280.51,0.0,0.0,40.0,0,2.8652372119140628,True,REGULAR,USD,2026-09-30,C
SPY260930C00490000,2026-09-21 14:32:01+00:00,490.0,279.48,273.77,275.48,0.0,0.0,1.0,1,2.7910186474609375,True,REGULAR,USD,2026-09-30,C
SPY260930C00495000,2026-09-17 19:55:58+00:00,495.0,268.1,268.99,270.51,0.0,0.0,25.0,0,2.750979685058594,True,REGULAR,USD,2026-09-30,C
SPY260930C00500000,2026-09-17 19:51:41+00:00,500.0,263.08,263.99,265.58,0.0,0.0,50.0,0,1.625001875,True,REGULAR,USD,2026-09-30,C
SPY260930C00505000,2026-09-17 19:56:51+00:00,505.0,258.12,258.84,260.49,0.0,0.0,30.0,0,2.6279331176757816,True,REGULAR,USD,2026-09-30,C
SPY260930C00510000,2026-09-17 19:56:14+00:00,510.0,253.09,253.81,255.49,0.0,0.0,5.0,1,2.572269194335937,True,REGULAR,USD,2026-09-30,C
SPY260930C00515000,2026-09-17 19:51:41+00:00,515.0,248.08,248.87,250.49,0.0,0.0,50.0,0,2.517581831054687,True,REGULAR,USD,2026-09-30,C
SPY260930C00520000,2026-09-17 19:56:51+00:00,520.0,243.12,244.0,245.52,0.0,0.0,30.0,0,2.4785194287109373,True,REGULAR,USD,2026-09-30,C
SPY260930C00525000,2026-09-17 19:56:14+00:00,525.0,238.07,238.93,240.53,0.0,0.0,5.0,0,2.4287148657226565,True,REGULAR,USD,2026-09-30,C
SPY260930C00530000,2026-09-17 19:51:41+00:00,530.0,232.94,233.84,235.61,0.0,0.0,50.0,0,2.4111367846679688,True,REGULAR,USD,2026-09-30,C
SPY260930C00535000,2026-09-17 19:51:41+00:00,535.0,227.84,228.93,230.49,0.0,0.0,50.0,0,2.302738618164062,True,REGULAR,USD,2026-09-30,C
SPY260930C00540000,2026-09-18 19:05:16+00:00,540.0,221.77,224.0,225.49,0.0,0.0,27.0,27,2.2500043749999996,True,REGULAR,USD,2026-09-30,C
SPY260930C00545000,2026-09-17 19:56:14+00:00,545.0,218.07,218.98,220.48,0.0,0.0,5.0,0,2.1923873315429683,True,REGULAR,USD,2026-09-30,C
SPY260930C00550000,2026-09-17 19:55:58+00:00,550.0,213.07,213.78,215.48,0.0,0.0,20.0,0,2.1406296484375,True,REGULAR,USD,2026-09-30,C
SPY260930C00555000,2026-09-17 19:55:58+00:00,555.0,208.07,209.01,210.56,0.0,0.0,5.0,0,1.2500037499999999,True,REGULAR,USD,2026-09-30,C
SPY260930C00560000,2026-09-17 19:55:58+00:00,560.0,203.07,203.83,205.52,0.0,0.0,20.0,0,2.0551806433105466,True,REGULAR,USD,2026-09-30,C
SPY260930C00565000,2026-09-17 19:55:58+00:00,565.0,198.07,199.01,200.52,0.0,0.0,5.0,0,2.003911240234375,True,REGULAR,USD,2026-09-30,C
SPY260930C00570000,2026-09-17 19:51:13+00:00,570.0,192.84,194.0,195.5,0.0,0.0,75.0,0,1.9453127734375002,True,REGULAR,USD,2026-09-30,C
SPY260930C00575000,2026-09-17 19:55:22+00:00,575.0,188.19,189.0,190.56,0.0,0.0,250.0,0,0.500005,True,REGULAR,USD,2026-09-30,C
SPY260930C00580000,2026-09-17 19:55:58+00:00,580.0,183.07,183.94,185.56,0.0,0.0,5.0,0,1.867676442871094,True,REGULAR,USD,2026-09-30,C
SPY260930C00585000,2026-09-17 19:51:02+00:00,585.0,177.97,179.01,180.5,0.0,0.0,500.0,0,1.7949229003906249,True,REGULAR,USD,2026-09-30,C
SPY260930C00590000,2026-09-17 19:51:29+00:00,590.0,172.9,173.94,175.49,0.0,0.0,95.0,0,1.741700510253906,True,REGULAR,USD,2026-09-30,C
SPY260930C00594000,2026-09-29 18:16:28+00:00,594.0,169.73,170.0,171.5,4.029999,2.4321055,1.0,4,1.7060561572265625,True,REGULAR,USD,2026-09-30,C
SPY260930C00595000,2026-09-29 18:34:51+00:00,595.0,168.92,168.85,170.5,-4.650009,-2.6790395,2.0,1,1.6962905810546878,True,REGULAR,USD,2026-09-30,C
SPY260930C00596000,2026-09-29 18:34:51+00:00,596.0,167.99,168.01,169.5,-4.649994,-2.6934626,1.0,1,1.6865250048828124,True,REGULAR,USD,2026-09-30,C
SPY260930C00597000,2026-09-29 18:34:54+00:00,597.0,167.01,166.85,168.54,0.9099884,0.54785573,7.0,0,1.69140779296875,True,REGULAR,USD,2026-09-30,C
SPY260930C00598000,2026-09-29 18:34:54+00:00,598.0,166.09,165.78,167.54,-0.65000916,-0.38983396,17.0,4,1.681642216796875,True,REGULAR,USD,2026-09-30,C
SPY260930C00599000,2026-09-29 18:29:39+00:00,599.0,165.17,164.85,166.45,-0.6399994,-0.3859836,6.0,4,1.6386736816406249,True,REGULAR,USD,2026-09-30,C
SPY260930C00600000,2026-09-29 18:24:14+00:00,600.0,164.33,163.81,165.54,-6.7400055,-3.9399107,4.0,6,1.6616227856445316,True,REGULAR,USD,2026-09-30,C
SPY260930C00601000,2026-09-29 18:24:14+00:00,601.0,163.4,163.15,164.64,1.4899902,0.9202583,4.0,0,1.2832067089843748,True,REGULAR,USD,2026-09-30,C
SPY260930C00602000,2026-09-29 18:37:38+00:00,602.0,162.85,161.85,163.52,-6.399994,-3.781385,11.0,2,1.6347674511718748,True,REGULAR,USD,2026-09-30,C
SPY260930C00603000,2026-09-29 18:37:38+00:00,603.0,161.93,160.97,162.6,-6.3900146,-3.7963488,10.0,2,0.937500625,True,REGULAR,USD,2026-09-30,C
SPY260930C00604000,2026-09-29 17:59:38+00:00,604.0,158.65,159.84,161.65,-5.0,-3.055301,1.0,4,1.6586931127929687,True,REGULAR,USD,2026-09-30,C
SPY260930C00605000,2026-09-29 17:59:38+00:00,605.0,157.72,158.84,160.6,-5.0099945,-3.078716,1.0,4,1.6328143359374998,True,REGULAR,USD,2026-09-30,C
SPY260930C00606000,2026-09-29 18:45:32+00:00,606.0,158.94,157.86,159.6,-6.3899994,-3.864997,2.0,2,1.623048759765625,True,REGULAR,USD,2026-09-30,C
SPY260930C00607000,2026-09-29 18:45:29+00:00,607.0,157.98,156.84,158.62,-2.949997,-1.8330933,3.0,2,1.6196308081054687,True,REGULAR,USD,2026-09-30,C
SPY260930C00608000,2026-09-29 18:39:01+00:00,608.0,156.53,155.97,157.5,-3.4799957,-2.1748614,4.0,9,1.569826369628906,True,REGULAR,USD,2026-09-30,C
SPY260930C00609000,2026-09-29 18:39:01+00:00,609.0,155.6,154.86,156.64,-3.1100006,-1.9595492,2.0,9,1.6059590014648437,True,REGULAR,USD,2026-09-30,C
SPY260930C00610000,2026-09-28 18:30:48+00:00,610.0,156.93,153.92,155.5,0.0,0.0,4.0,4,1.5507834960937497,True,REGULAR,USD,2026-09-30,C
SPY260930C00611000,2026-09-29 18:42:39+00:00,611.0,154.16,152.86,154.5,-1.8499908,-1.1858156,1.0,10,1.541017919921875,True,REGULAR,USD,2026-09-30,C
SPY260930C00612000,2026-09-29 18:42:39+00:00,612.0,153.23,151.97,153.5,-2.6500092,-1.7000315,2.0,11,1.5312523437499999,True,REGULAR,USD,2026-09-30,C
SPY260930C00613000,2026-09-28 17:12:30+00:00,613.0,156.29,150.85,152.53,0.0,0.0,2.0,2,1.5317406225585937,True,REGULAR,USD,2026-09-30,C
SPY260930C00614000,2026-09-25 17:30:54+00:00,614.0,157.29,149.88,151.64,0.0,0.0,5.0,5,1.5566428417968747,True,REGULAR,USD,2026-09-30,C
SPY260930C00615000,2026-09-25 17:30:54+00:00,615.0,156.36,148.94,150.5,0.0,0.0,5.0,5,1.5024438940429685,True,REGULAR,USD,2026-09-30,C
SPY260930C00616000,2026-09-17 19:53:45+00:00,616.0,147.03,147.85,149.53,0.0,0.0,200.0,0,1.5029321728515623,True,REGULAR,USD,2026-09-30,C
SPY260930C00617000,2026-09-17 19:51:07+00:00,617.0,146.03,146.97,148.49,0.0,0.0,100.0,0,1.4799830688476563,True,REGULAR,USD,2026-09-30,C
SPY260930C00618000,2026-09-17 19:53:45+00:00,618.0,144.75,145.97,147.49,0.0,0.0,200.0,0,1.4702174926757814,True,REGULAR,USD,2026-09-30,C
SPY260930C00619000,2026-09-17 19:51:29+00:00,619.0,144.11,144.85,146.45,0.0,0.0,50.0,0,1.4472683886718751,True,REGULAR,USD,2026-09-30,C
SPY260930C00620000,2026-09-25 14:06:40+00:00,620.0,148.1,144.01,145.5,0.0,0.0,1.0,1,1.4545925708007812,True,REGULAR,USD,2026-09-30,C
SPY260930C00621000,2026-09-17 19:55:22+00:00,621.0,142.1,142.85,144.6,0.0,0.0,50.0,0,1.4765651171875,True,REGULAR,USD,2026-09-30,C
SPY260930C00622000,2026-09-17 19:55:58+00:00,622.0,141.0,141.85,143.64,0.0,0.0,10.0,0,1.478518232421875,True,REGULAR,USD,2026-09-30,C
SPY260930C00623000,2026-09-18 14:19:08+00:00,623.0,136.83,140.85,142.64,0.0,0.0,2.0,2,1.46875265625,True,REGULAR,USD,2026-09-30,C
SPY260930C00624000,2026-09-17 19:56:14+00:00,624.0,139.09,140.01,141.6,0.0,0.0,5.0,0,0.945313046875,True,REGULAR,USD,2026-09-30,C
SPY260930C00625000,2026-09-17 19:55:22+00:00,625.0,138.19,138.85,140.64,0.0,0.0,250.0,0,1.4492215039062502,True,REGULAR,USD,2026-09-30,C
SPY260930C00626000,2026-09-17 19:53:45+00:00,626.0,137.4,138.02,139.5,0.0,0.0,200.0,0,1.3974639501953123,True,REGULAR,USD,2026-09-30,C
SPY260930C00627000,2026-09-17 19:51:23+00:00,627.0,135.88,137.02,138.5,0.0,0.0,163.0,0,1.3876983740234374,True,REGULAR,USD,2026-09-30,C
SPY260930C00628000,2026-09-17 19:53:49+00:00,628.0,135.27,136.02,137.53,0.0,0.0,15.0,0,1.3876983740234374,True,REGULAR,USD,2026-09-30,C
SPY260930C00629000,2026-09-17 19:53:45+00:00,629.0,134.4,134.79,136.53,0.0,0.0,200.0,0,1.3779327978515623,True,REGULAR,USD,2026-09-30,C
SPY260930C00630000,2026-09-29 17:00:11+00:00,630.0,133.03,134.01,135.6,0.13999939,0.10534983,2.0,0,0.8984385156249999,True,REGULAR,USD,2026-09-30,C
SPY260930C00631000,2026-09-17 19:50:56+00:00,631.0,131.89,132.83,134.5,0.0,0.0,750.0,1,1.3496126269531248,True,REGULAR,USD,2026-09-30,C
SPY260930C00632000,2026-09-17 19:55:40+00:00,632.0,131.06,131.93,133.44,0.0,0.0,150.0,0,1.3212924560546875,True,REGULAR,USD,2026-09-30,C
SPY260930C00633000,2026-09-29 16:16:57+00:00,633.0,130.2,130.79,132.5,-0.08999634,-0.06907387,2.0,3,1.3310580322265622,True,REGULAR,USD,2026-09-30,C
SPY260930C00634000,2026-09-17 19:55:40+00:00,634.0,129.05,129.9,131.49,0.0,0.0,150.0,0,1.3183627832031248,True,REGULAR,USD,2026-09-30,C
SPY260930C00635000,2026-09-17 19:50:56+00:00,635.0,127.85,129.01,130.51,0.0,0.0,510.0,1,1.3154331103515622,True,REGULAR,USD,2026-09-30,C
SPY260930C00636000,2026-09-17 19:55:40+00:00,636.0,127.05,128.01,129.67,0.0,0.0,152.0,0,0.937500625,True,REGULAR,USD,2026-09-30,C
SPY260930C00637000,2026-09-17 19:55:22+00:00,637.0,126.06,127.02,128.5,0.0,0.0,200.0,0,1.2934605639648438,True,REGULAR,USD,2026-09-30,C
SPY260930C00638000,2026-09-29 16:17:04+00:00,638.0,125.25,125.96,127.51,-0.040000916,-0.03192666,2.0,0,1.2871129394531249,True,REGULAR,USD,2026-09-30,C
SPY260930C00639000,2026-09-29 16:16:52+00:00,639.0,124.98,125.01,126.57,1.0600052,0.8553948,2.0,0,0.7812521875,True,REGULAR,USD,2026-09-30,C
SPY260930C00640000,2026-09-29 16:16:42+00:00,640.0,123.26,124.01,125.53,0.27000427,0.21953352,4.0,2,1.2739294116210935,True,REGULAR,USD,2026-09-30,C
SPY260930C00641000,2026-09-29 16:16:22+00:00,641.0,122.18,122.97,124.51,0.26000214,0.21325634,2.0,0,1.2587927685546876,True,REGULAR,USD,2026-09-30,C
SPY260930C00642000,2026-09-29 16:16:11+00:00,642.0,121.98,121.94,123.51,0.69000244,0.5688865,2.0,0,1.2490271923828122,True,REGULAR,USD,2026-09-30,C
SPY260930C00643000,2026-09-29 16:16:01+00:00,643.0,120.21,120.79,122.51,0.20999908,0.17499924,2.0,0,1.2397498950195311,True,REGULAR,USD,2026-09-30,C
SPY260930C00644000,2026-09-29 16:15:53+00:00,644.0,119.2,119.94,121.51,-3.9800034,-3.2310467,6.0,7,1.23047259765625,True,REGULAR,USD,2026-09-30,C
SPY260930C00645000,2026-09-29 17:28:41+00:00,645.0,117.3,118.76,120.57,-4.689995,-3.8445733,18.0,6,1.237796779785156,True,REGULAR,USD,2026-09-30,C
SPY260930C00646000,2026-09-29 16:15:27+00:00,646.0,117.03,117.76,119.57,-4.1200027,-3.4007452,4.0,11,1.2280312036132814,True,REGULAR,USD,2026-09-30,C
SPY260930C00647000,2026-09-29 16:15:17+00:00,647.0,116.91,116.76,118.48,-3.199997,-2.664222,6.0,13,1.1938516870117186,True,REGULAR,USD,2026-09-30,C
SPY260930C00648000,2026-09-29 16:15:08+00:00,648.0,115.08,115.76,117.51,-4.1100006,-3.4482763,8.0,6,1.1928751293945314,True,REGULAR,USD,2026-09-30,C
SPY260930C00649000,2026-09-29 16:14:43+00:00,649.0,114.18,115.02,116.54,-3.949997,-3.3437712,18.0,15,0.500005,True,REGULAR,USD,2026-09-30,C
SPY260930C00650000,2026-09-29 16:13:59+00:00,650.0,113.1,113.97,115.51,-4.010002,-3.424133,14.0,17,1.1743205346679688,True,REGULAR,USD,2026-09-30,C
SPY260930C00651000,2026-09-29 16:13:50+00:00,651.0,112.23,112.83,114.51,0.30000305,0.2680274,10.0,0,1.1650432373046877,True,REGULAR,USD,2026-09-30,C
SPY260930C00652000,2026-09-29 17:55:46+00:00,652.0,110.1,111.95,113.45,-5.090004,-4.41879,20.0,3,1.138676181640625,True,REGULAR,USD,2026-09-30,C
SPY260930C00653000,2026-09-29 16:17:30+00:00,653.0,110.18,110.95,112.5,-7.659996,-6.5003366,36.0,4,1.1435589697265625,True,REGULAR,USD,2026-09-30,C
SPY260930C00654000,2026-09-29 17:40:08+00:00,654.0,110.09,109.97,111.47,-3.100006,-2.738763,30.0,8,1.1259809326171877,True,REGULAR,USD,2026-09-30,C
SPY260930C00655000,2026-09-29 17:55:13+00:00,655.0,107.85,108.95,110.51,-8.610001,-7.393097,40.0,10,1.1274457690429687,True,REGULAR,USD,2026-09-30,C
SPY260930C00656000,2026-09-29 17:52:27+00:00,656.0,107.08,107.97,109.51,-4.1500015,-3.731009,36.0,21,1.1181684716796876,True,REGULAR,USD,2026-09-30,C
SPY260930C00657000,2026-09-29 16:27:42+00:00,657.0,106.48,106.82,108.54,-7.6399994,-6.6947064,18.0,27,1.1167036352539061,True,REGULAR,USD,2026-09-30,C
SPY260930C00658000,2026-09-29 17:50:08+00:00,658.0,105.23,105.95,107.51,-3.8299942,-3.5118232,40.0,17,1.0996138769531252,True,REGULAR,USD,2026-09-30,C
SPY260930C00659000,2026-09-29 17:56:46+00:00,659.0,103.77,104.95,106.54,-4.890007,-4.5002823,34.0,24,1.0976607617187502,True,REGULAR,USD,2026-09-30,C
SPY260930C00660000,2026-09-29 17:57:44+00:00,660.0,102.72,103.86,105.6,-4.3600006,-4.0717225,36.0,7,1.1035201074218752,True,REGULAR,USD,2026-09-30,C
SPY260930C00661000,2026-09-29 18:16:08+00:00,661.0,102.83,102.95,104.5,-3.5299988,-3.3189156,50.0,10,1.0688523120117188,True,REGULAR,USD,2026-09-30,C
SPY260930C00662000,2026-09-29 18:51:10+00:00,662.0,103.46,101.86,103.46,-0.94000244,-0.9150223,36.0,3,1.049321159667969,True,REGULAR,USD,2026-09-30,C
SPY260930C00663000,2026-09-29 18:15:01+00:00,663.0,100.88,100.86,102.54,-3.459999,-3.3160813,40.0,14,1.0605515722656251,True,REGULAR,USD,2026-09-30,C
SPY260930C00664000,2026-09-29 18:53:03+00:00,664.0,101.51,100.02,101.55,-1.8899994,-1.8278524,64.0,17,0.5937540625000001,True,REGULAR,USD,2026-09-30,C
SPY260930C00665000,2026-09-29 18:19:26+00:00,665.0,99.05,98.86,100.55,-3.2899933,-3.214768,30.0,26,1.0444383715820313,True,REGULAR,USD,2026-09-30,C
SPY260930C00666000,2026-09-29 18:53:39+00:00,666.0,99.63,98.03,99.63,-2.0,-1.98334,42.0,19,0.710940390625,True,REGULAR,USD,2026-09-30,C
SPY260930C00667000,2026-09-29 18:26:50+00:00,667.0,97.06,96.87,98.63,-3.590004,-3.5668197,118.0,22,1.0444383715820313,True,REGULAR,USD,2026-09-30,C
SPY260930C00668000,2026-09-29 18:54:15+00:00,668.0,96.81,95.87,97.63,-2.8899994,-2.898986,91.0,40,1.0346727954101564,True,REGULAR,USD,2026-09-30,C
SPY260930C00669000,2026-09-29 18:50:02+00:00,669.0,95.79,95.52,96.61,-2.2699966,-2.314906,122.0,36,0.8564467480468749,True,REGULAR,USD,2026-09-30,C
SPY260930C00670000,2026-09-29 18:53:39+00:00,670.0,94.8,94.03,95.61,-1.3899994,-1.4447557,191.0,53,0.6679720703125002,True,REGULAR,USD,2026-09-30,C
SPY260930C00671000,2026-09-29 18:53:58+00:00,671.0,94.6,93.03,94.6,-0.66000366,-0.7044547,157.0,43,0.6523472265625001,True,REGULAR,USD,2026-09-30,C
SPY260930C00672000,2026-09-29 18:52:55+00:00,672.0,92.89,91.84,93.61,-1.3300018,-1.4135422,172.0,41,0.9924317163085938,True,REGULAR,USD,2026-09-30,C
SPY260930C00673000,2026-09-29 18:43:14+00:00,673.0,91.92,90.89,92.61,-1.9300003,-2.0564735,96.0,38,0.9829103271484375,True,REGULAR,USD,2026-09-30,C
SPY260930C00674000,2026-09-29 18:51:51+00:00,674.0,90.79,89.86,91.61,-1.449997,-1.5724943,170.0,16,0.973633076171875,True,REGULAR,USD,2026-09-30,C
SPY260930C00675000,2026-09-29 18:49:56+00:00,675.0,89.79,89.58,90.6,-1.8199997,-1.987333,310.0,58,0.8173846386718748,True,REGULAR,USD,2026-09-30,C
SPY260930C00676000,2026-09-29 18:41:18+00:00,676.0,89.34,87.98,89.5,-0.7900009,-0.87651277,265.0,23,0.9301764794921875,True,REGULAR,USD,2026-09-30,C
SPY260930C00677000,2026-09-29 18:41:31+00:00,677.0,88.22,86.86,88.65,-1.6100006,-1.792275,146.0,26,0.9536137451171874,True,REGULAR,USD,2026-09-30,C
SPY260930C00678000,2026-09-29 18:21:11+00:00,678.0,86.07,85.92,87.46,-1.949997,-2.2154021,51.0,24,0.9018564501953125,True,REGULAR,USD,2026-09-30,C
SPY260930C00679000,2026-09-29 18:31:18+00:00,679.0,84.98,85.0,86.41,-2.8099976,-3.2008173,28.0,28,0.8808605664062499,True,REGULAR,USD,2026-09-30,C
SPY260930C00680000,2026-09-29 18:48:47+00:00,680.0,84.69,83.9,85.61,-1.4599991,-1.6949142,78.0,89,0.9169930175781251,True,REGULAR,USD,2026-09-30,C
SPY260930C00681000,2026-09-29 18:49:19+00:00,681.0,83.73,83.0,84.48,-1.5,-1.7599436,108.0,42,0.8791515991210936,True,REGULAR,USD,2026-09-30,C
SPY260930C00682000,2026-09-29 18:54:17+00:00,682.0,82.84,82.81,83.54,-1.3200073,-1.5684497,90.0,27,0.788088056640625,True,REGULAR,USD,2026-09-30,C
SPY260930C00683000,2026-09-29 18:53:58+00:00,683.0,81.87,81.06,82.45,-0.6800003,-0.82404304,255.0,25,0.8540053662109376,True,REGULAR,USD,2026-09-30,C
SPY260930C00684000,2026-09-29 18:52:47+00:00,684.0,80.8,79.94,81.51,-1.449997,-1.754807,100.0,83,0.858399853515625,True,REGULAR,USD,2026-09-30,C
SPY260930C00685000,2026-09-29 17:47:37+00:00,685.0,78.41,79.04,80.54,-2.6699982,-3.2930415,68.0,51,0.8554701953125,True,REGULAR,USD,2026-09-30,C
SPY260930C00686000,2026-09-29 17:58:58+00:00,686.0,77.46,78.02,79.5,-2.7300034,-3.4044187,14.0,16,0.8374039697265624,True,REGULAR,USD,2026-09-30,C
SPY260930C00687000,2026-09-29 18:19:25+00:00,687.0,77.0,77.02,78.51,-2.1500015,-2.7163632,54.0,31,0.8305681005859374,True,REGULAR,USD,2026-09-30,C
SPY260930C00688000,2026-09-29 18:18:05+00:00,688.0,75.9,76.02,77.54,-2.3600006,-3.0155897,12.0,49,0.8273943041992187,True,REGULAR,USD,2026-09-30,C
SPY260930C00689000,2026-09-29 18:30:24+00:00,689.0,75.13,75.02,76.54,-2.0300064,-2.630905,168.0,61,0.818117053222656,True,REGULAR,USD,2026-09-30,C
SPY260930C00690000,2026-09-29 18:54:05+00:00,690.0,75.27,74.08,75.52,-0.83000183,-1.0906726,207.0,65,0.804689453125,True,REGULAR,USD,2026-09-30,C
SPY260930C00691000,2026-09-29 17:30:56+00:00,691.0,72.91,73.06,74.52,-2.699997,-3.5709522,114.0,34,0.7954122021484374,True,REGULAR,USD,2026-09-30,C
SPY260930C00692000,2026-09-29 16:09:51+00:00,692.0,71.48,72.08,73.52,-2.959999,-3.9763556,12.0,35,0.7861349511718749,True,REGULAR,USD,2026-09-30,C
SPY260930C00693000,2026-09-29 15:59:38+00:00,693.0,70.26,71.0,72.51,-3.1500015,-4.2909703,68.0,52,0.7749045947265626,True,REGULAR,USD,2026-09-30,C
SPY260930C00694000,2026-09-29 17:27:29+00:00,694.0,69.91,70.08,71.44,-2.4299927,-3.3591275,340.0,48,0.7509790527343749,True,REGULAR,USD,2026-09-30,C
SPY260930C00695000,2026-09-29 18:49:44+00:00,695.0,69.82,69.03,70.43,-1.4000015,-1.9662942,270.0,58,0.7397486962890624,True,REGULAR,USD,2026-09-30,C
SPY260930C00696000,2026-09-29 17:47:01+00:00,696.0,67.4,68.02,69.46,-4.169998,-5.826461,206.0,77,0.7368190380859375,True,REGULAR,USD,2026-09-30,C
SPY260930C00697000,2026-09-29 17:36:03+00:00,697.0,66.34,67.04,68.44,-3.7600021,-5.363769,142.0,66,0.7236355761718749,True,REGULAR,USD,2026-09-30,C
SPY260930C00698000,2026-09-29 17:48:34+00:00,698.0,65.27,66.04,67.46,-4.6200027,-6.6103916,106.0,52,0.7182645361328125,True,REGULAR,USD,2026-09-30,C
SPY260930C00699000,2026-09-29 17:48:34+00:00,699.0,64.27,65.04,66.44,-3.9300003,-5.762464,258.0,41,0.7050810742187501,True,REGULAR,USD,2026-09-30,C
SPY260930C00700000,2026-09-29 18:41:40+00:00,700.0,64.45,64.45,65.43,-1.7800064,-2.6876132,92.0,167,0.551762294921875,True,REGULAR,USD,2026-09-30,C
SPY260930C00701000,2026-09-29 17:48:14+00:00,701.0,62.27,63.02,64.47,-3.9299965,-5.9365506,258.0,63,0.6928741650390625,True,REGULAR,USD,2026-09-30,C
SPY260930C00702000,2026-09-29 18:10:58+00:00,702.0,60.5,62.02,63.44,-4.720001,-7.237046,852.0,62,0.6777375976562501,True,REGULAR,USD,2026-09-30,C
SPY260930C00703000,2026-09-29 18:21:16+00:00,703.0,60.73,61.45,61.92,-2.1100006,-3.357735,48.0,163,0.5185595019531251,True,REGULAR,USD,2026-09-30,C
SPY260930C00704000,2026-09-29 18:21:16+00:00,704.0,59.75,60.02,61.55,-2.4000015,-3.8616276,170.0,92,0.6796907031250001,True,REGULAR,USD,2026-09-30,C
SPY260930C00705000,2026-09-29 17:48:24+00:00,705.0,58.33,59.02,60.52,-2.4799995,-4.0782757,88.0,87,0.6650424121093752,True,REGULAR,USD,2026-09-30,C
SPY260930C00706000,2026-09-29 16:24:12+00:00,706.0,57.75,58.02,59.47,-1.8300018,-3.0715034,40.0,98,0.64648791015625,True,REGULAR,USD,2026-09-30,C
SPY260930C00707000,2026-09-29 16:01:12+00:00,707.0,56.21,57.02,58.47,-2.6200027,-4.4535146,340.0,107,0.6372106591796876,True,REGULAR,USD,2026-09-30,C
SPY260930C00708000,2026-09-29 17:47:25+00:00,708.0,55.14,56.45,56.97,-3.1100006,-5.339057,92.0,150,0.5019581054687501,True,REGULAR,USD,2026-09-30,C
SPY260930C00709000,2026-09-29 17:47:25+00:00,709.0,54.16,55.02,56.52,-3.130001,-5.4634337,108.0,154,0.6274451318359376,True,REGULAR,USD,2026-09-30,C
SPY260930C00710000,2026-09-29 17:00:16+00:00,710.0,53.05,53.86,55.55,-2.9099998,-5.200143,195.0,66,0.6232947827148438,True,REGULAR,USD,2026-09-30,C
SPY260930C00711000,2026-09-29 18:13:18+00:00,711.0,52.32,53.0,54.47,-3.170002,-5.712744,100.0,42,0.6001016552734376,True,REGULAR,USD,2026-09-30,C
SPY260930C00712000,2026-09-29 18:23:41+00:00,712.0,52.33,52.02,53.51,-1.4099998,-2.6237435,726.0,91,0.5976602734375001,True,REGULAR,USD,2026-09-30,C
SPY260930C00713000,2026-09-29 16:52:25+00:00,713.0,50.18,51.04,52.46,-3.209999,-6.01236,68.0,25,0.5795940478515625,True,REGULAR,USD,2026-09-30,C
SPY260930C00714000,2026-09-29 17:48:50+00:00,714.0,49.36,50.02,51.46,-3.4899979,-6.6035914,94.0,74,0.570316796875,True,REGULAR,USD,2026-09-30,C
SPY260930C00715000,2026-09-29 18:33:53+00:00,715.0,48.86,49.46,49.92,-1.4099998,-2.8048534,22.0,206,0.42676354492187507,True,REGULAR,USD,2026-09-30,C
SPY260930C00716000,2026-09-29 18:33:34+00:00,716.0,47.93,48.02,49.42,-2.0600014,-4.1208267,74.0,81,0.5449264257812501,True,REGULAR,USD,2026-09-30,C
SPY260930C00717000,2026-09-29 18:32:24+00:00,717.0,46.91,47.04,48.52,-2.2999992,-4.6738453,102.0,126,0.5522505712890625,True,REGULAR,USD,2026-09-30,C
SPY260930C00718000,2026-09-29 18:31:09+00:00,718.0,46.45,46.02,47.47,-1.8800011,-3.8899255,80.0,100,0.5346726220703125,True,REGULAR,USD,2026-09-30,C
SPY260930C00719000,2026-09-29 18:30:27+00:00,719.0,45.6,45.18,46.53,-1.1300011,-2.418149,50.0,50,0.5346726220703125,True,REGULAR,USD,2026-09-30,C
SPY260930C00720000,2026-09-29 18:29:32+00:00,720.0,44.09,44.16,45.46,-1.5900002,-3.4807358,62.0,62,0.5141650146484374,True,REGULAR,USD,2026-09-30,C
SPY260930C00721000,2026-09-29 18:28:40+00:00,721.0,43.32,43.46,43.92,-1.3699989,-3.0655606,156.0,97,0.38086556640624997,True,REGULAR,USD,2026-09-30,C
SPY260930C00722000,2026-09-29 18:04:25+00:00,722.0,41.59,42.07,43.45,-2.75,-6.202075,46.0,61,0.4936574072265626,True,REGULAR,USD,2026-09-30,C
SPY260930C00723000,2026-09-29 18:02:30+00:00,723.0,40.59,41.18,42.46,-2.709999,-6.2586584,30.0,90,0.4858449853515625,True,REGULAR,USD,2026-09-30,C
SPY260930C00724000,2026-09-29 18:01:02+00:00,724.0,39.75,40.46,40.96,-2.540001,-6.0061502,113.0,160,0.372076591796875,True,REGULAR,USD,2026-09-30,C
SPY260930C00725000,2026-09-29 17:57:14+00:00,725.0,37.87,39.46,39.88,-2.3400002,-5.8194485,58.0,126,0.33399103515625,True,REGULAR,USD,2026-09-30,C
SPY260930C00726000,2026-09-29 17:56:38+00:00,726.0,36.85,38.46,38.92,-4.800003,-11.524617,75.0,634,0.34278000976562495,True,REGULAR,USD,2026-09-30,C
SPY260930C00727000,2026-09-29 17:54:42+00:00,727.0,35.93,37.46,37.89,-4.169998,-10.398998,8.0,575,0.3232489550781249,True,REGULAR,USD,2026-09-30,C
SPY260930C00728000,2026-09-29 18:38:36+00:00,728.0,36.59,36.46,36.92,-2.75,-6.9903407,20.0,646,0.327155166015625,True,REGULAR,USD,2026-09-30,C
SPY260930C00729000,2026-09-29 18:11:34+00:00,729.0,34.48,35.46,35.89,-2.2299995,-6.074638,35.0,561,0.30762411132812495,True,REGULAR,USD,2026-09-30,C
SPY260930C00730000,2026-09-29 18:10:58+00:00,730.0,33.23,34.46,34.89,-2.2400017,-6.3152003,169.0,5742,0.3007882421875,True,REGULAR,USD,2026-09-30,C
SPY260930C00731000,2026-09-29 18:36:13+00:00,731.0,33.11,33.46,34.46,-4.489998,-11.941484,24.0,1168,0.4096738720703125,True,REGULAR,USD,2026-09-30,C
SPY260930C00732000,2026-09-29 18:22:06+00:00,732.0,32.2,32.46,32.97,-3.5,-9.803922,2.0,795,0.3110420458984374,True,REGULAR,USD,2026-09-30,C
SPY260930C00733000,2026-09-28 18:10:29+00:00,733.0,34.72,31.46,31.89,0.0,0.0,8.0,1031,0.27735097656249996,True,REGULAR,USD,2026-09-30,C
SPY260930C00734000,2026-09-29 13:36:57+00:00,734.0,31.85,30.46,30.89,-1.8599987,-5.5176473,2.0,726,0.2700268310546875,True,REGULAR,USD,2026-09-30,C
SPY260930C00735000,2026-09-28 18:10:29+00:00,735.0,32.73,29.46,29.93,0.0,0.0,16.0,1838,0.27539787109374997,True,REGULAR,USD,2026-09-30,C
SPY260930C00736000,2026-09-29 17:27:50+00:00,736.0,27.26,28.46,28.93,-2.459999,-8.277251,52.0,762,0.26758544921875,True,REGULAR,USD,2026-09-30,C
SPY260930C00737000,2026-09-28 19:48:01+00:00,737.0,28.56,27.46,27.93,-0.26000023,-0.90215206,15.0,701,0.25977302734375,True,REGULAR,USD,2026-09-30,C
SPY260930C00738000,2026-09-29 18:22:42+00:00,738.0,26.31,26.45,26.98,-2.8400002,-9.74271,23.0,410,0.264655791015625,True,REGULAR,USD,2026-09-30,C
SPY260930C00739000,2026-09-29 18:04:02+00:00,739.0,24.52,25.47,25.92,-2.3099995,-8.609763,6.0,354,0.24073024902343748,True,REGULAR,USD,2026-09-30,C
SPY260930C00740000,2026-09-29 18:48:39+00:00,740.0,24.73,24.47,24.9,-1.5100002,-5.7545743,46.0,2443,0.22705851074218747,True,REGULAR,USD,2026-09-30,C
SPY260930C00741000,2026-09-29 18:41:10+00:00,741.0,24.35,23.47,23.93,-1.7600002,-6.7407136,26.0,620,0.22754678710937498,True,REGULAR,USD,2026-09-30,C
SPY260930C00742000,2026-09-29 18:41:10+00:00,742.0,23.34,22.47,22.94,-0.79999924,-3.3139987,5.0,1293,0.22217574707031246,True,REGULAR,USD,2026-09-30,C
SPY260930C00743000,2026-09-28 19:58:02+00:00,743.0,22.76,21.48,21.9,0.0,0.0,96.0,833,0.2036212451171875,True,REGULAR,USD,2026-09-30,C
SPY260930C00744000,2026-09-29 18:39:17+00:00,744.0,20.98,20.49,20.95,-1.5500011,-6.879721,4.0,586,0.20801573242187496,True,REGULAR,USD,2026-09-30,C
SPY260930C00745000,2026-09-29 18:46:26+00:00,745.0,20.01,19.49,19.91,-0.7099991,-3.4266367,6.0,3813,0.18994950683593753,True,REGULAR,USD,2026-09-30,C
SPY260930C00746000,2026-09-28 17:48:15+00:00,746.0,21.46,18.49,18.95,0.0,0.0,7.0,914,0.1909260595703125,True,REGULAR,USD,2026-09-30,C
SPY260930C00747000,2026-09-29 18:54:10+00:00,747.0,17.87,17.49,18.49,-3.6799984,-17.07656,48.0,854,0.25318129638671877,True,REGULAR,USD,2026-09-30,C
SPY260930C00748000,2026-09-29 18:52:53+00:00,748.0,16.96,16.5,16.96,-2.5900002,-13.696457,19.0,400,0.17627776855468752,True,REGULAR,USD,2026-09-30,C
SPY260930C00749000,2026-09-29 13:35:04+00:00,749.0,16.55,15.52,15.94,-0.8200016,-4.720792,4.0,440,0.16358258300781253,True,REGULAR,USD,2026-09-30,C
SPY260930C00750000,2026-09-29 18:53:07+00:00,750.0,14.97,14.68,15.03,-0.8899994,-5.629345,671.0,5608,0.17017431396484378,True,REGULAR,USD,2026-09-30,C
SPY260930C00751000,2026-09-29 18:09:36+00:00,751.0,12.43,13.55,14.01,-3.92,-23.975534,85.0,1499,0.15821154296875,True,REGULAR,USD,2026-09-30,C
SPY260930C00752000,2026-09-29 17:58:54+00:00,752.0,10.88,12.58,12.99,-4.54,-29.442282,31.0,917,0.14600463378906248,True,REGULAR,USD,2026-09-30,C
SPY260930C00753000,2026-09-29 18:15:56+00:00,753.0,10.93,11.63,12.09,-3.46,-24.044476,231.0,538,0.14991084472656252,True,REGULAR,USD,2026-09-30,C
SPY260930C00754000,2026-09-29 18:45:57+00:00,754.0,11.2,10.85,11.14,-2.7700005,-19.828207,192.0,726,0.14563842651367187,True,REGULAR,USD,2026-09-30,C
SPY260930C00755000,2026-09-29 18:46:31+00:00,755.0,10.2,9.87,10.14,-0.90999985,-8.190818,579.0,3271,0.1355066918945313,True,REGULAR,USD,2026-09-30,C
SPY260930C00756000,2026-09-29 18:53:59+00:00,756.0,8.94,8.95,9.25,-1.4100008,-13.623196,411.0,1346,0.13526255371093754,True,REGULAR,USD,2026-09-30,C
SPY260930C00757000,2026-09-29 18:44:50+00:00,757.0,8.35,8.19,8.23,-1.3099995,-13.56107,406.0,1461,0.12256736816406251,True,REGULAR,USD,2026-09-30,C
SPY260930C00758000,2026-09-29 18:45:57+00:00,758.0,7.48,7.29,7.33,-1.2000003,-13.824888,983.0,940,0.11914943359374999,True,REGULAR,USD,2026-09-30,C
SPY260930C00759000,2026-09-29 18:51:22+00:00,759.0,6.48,6.43,6.46,-1.4099998,-17.87072,7532.0,1672,0.116219775390625,True,REGULAR,USD,2026-09-30,C
SPY260930C00760000,2026-09-29 18:53:04+00:00,760.0,5.65,5.64,5.66,-1.1500001,-16.911766,3726.0,4849,0.11548736083984376,True,REGULAR,USD,2026-09-30,C
SPY260930C00761000,2026-09-29 18:52:49+00:00,761.0,4.85,4.81,4.84,-1.19,-19.701988,4786.0,6314,0.11139804626464843,True,REGULAR,USD,2026-09-30,C
SPY260930C00762000,2026-09-29 18:52:53+00:00,762.0,4.12,4.07,4.09,-1.4300003,-25.76577,19488.0,2265,0.10877356079101563,True,REGULAR,USD,2026-09-30,C
SPY260930C00763000,2026-09-29 18:53:53+00:00,763.0,3.4,3.4,3.42,-1.1799998,-25.764189,36716.0,1611,0.10755286987304688,True,REGULAR,USD,2026-09-30,C
SPY260930C00764000,2026-09-29 18:54:08+00:00,764.0,2.75,2.75,2.76,-1.22,-30.730478,55663.0,1865,0.10407390075683592,True,REGULAR,USD,2026-09-30,C
SPY260930C00765000,2026-09-29 18:54:01+00:00,765.0,2.21,2.2,2.21,-1.1499999,-34.22619,66999.0,4964,0.10267010620117187,False,REGULAR,USD,2026-09-30,C
SPY260930C00766000,2026-09-29 18:54:00+00:00,766.0,1.74,1.73,1.74,-1.0699999,-38.07829,50003.0,4816,0.10169355346679687,False,REGULAR,USD,2026-09-30,C
SPY260930C00767000,2026-09-29 18:54:00+00:00,767.0,1.32,1.32,1.33,-1.0099999,-43.347633,34389.0,2774,0.10035079345703124,False,REGULAR,USD,2026-09-30,C
SPY260930C00768000,2026-09-29 18:53:40+00:00,768.0,0.99,1.0,1.01,-0.88,-47.058823,50717.0,4638,0.1001066552734375,False,REGULAR,USD,2026-09-30,C
SPY260930C00769000,2026-09-29 18:53:55+00:00,769.0,0.74,0.73,0.74,-0.76,-50.666668,26097.0,5672,0.09925217163085936,False,REGULAR,USD,2026-09-30,C
SPY260930C00770000,2026-09-29 18:53:40+00:00,770.0,0.54,0.53,0.54,-0.65000004,-54.621845,37407.0,10906,0.09925217163085936,False,REGULAR,USD,2026-09-30,C
SPY260930C00771000,2026-09-29 18:53:23+00:00,771.0,0.41,0.4,0.41,-0.53,-56.382977,10453.0,4700,0.10120527709960936,False,REGULAR,USD,2026-09-30,C
SPY260930C00772000,2026-09-29 18:53:37+00:00,772.0,0.3,0.28,0.29,-0.43,-58.90411,13860.0,3934,0.10132734619140624,False,REGULAR,USD,2026-09-30,C
SPY260930C00773000,2026-09-29 18:53:05+00:00,773.0,0.21,0.21,0.22,-0.35000002,-62.500008,9597.0,3623,0.10376872802734374,False,REGULAR,USD,2026-09-30,C
SPY260930C00774000,2026-09-29 18:54:14+00:00,774.0,0.17,0.16,0.17,-0.26,-61.904762,9350.0,3421,0.106454248046875,False,REGULAR,USD,2026-09-30,C
SPY260930C00775000,2026-09-29 18:53:48+00:00,775.0,0.13,0.12,0.13,-0.20000002,-60.606064,9198.0,19076,0.1088956298828125,False,REGULAR,USD,2026-09-30,C
SPY260930C00776000,2026-09-29 18:54:24+00:00,776.0,0.1,0.1,0.11,-0.13999999,-55.999996,3890.0,1957,0.1137783935546875,False,REGULAR,USD,2026-09-30,C
SPY260930C00777000,2026-09-29 18:54:17+00:00,777.0,0.08,0.08,0.09,-0.10000001,-52.63158,4576.0,8185,0.117196328125,False,REGULAR,USD,2026-09-30,C
SPY260930C00778000,2026-09-29 18:48:49+00:00,778.0,0.07,0.07,0.08,-0.080000006,-53.333336,2271.0,4585,0.12256736816406251,False,REGULAR,USD,2026-09-30,C
SPY260930C00779000,2026-09-29 18:52:20+00:00,779.0,0.07,0.06,0.07,-0.04,-36.363636,2093.0,4684,0.1274501318359375,False,REGULAR,USD,2026-09-30,C
SPY260930C00780000,2026-09-29 18:54:00+00:00,780.0,0.06,0.05,0.06,-0.040000003,-40.000004,10844.0,20825,0.131844619140625,False,REGULAR,USD,2026-09-30,C
SPY260930C00781000,2026-09-29 18:44:38+00:00,781.0,0.04,0.04,0.05,-0.04,-44.444443,800.0,3617,0.13477427734375003,False,REGULAR,USD,2026-09-30,C
SPY260930C00782000,2026-09-29 18:40:44+00:00,782.0,0.04,0.04,0.05,-0.010000002,-20.000002,1285.0,3557,0.141610146484375,False,REGULAR,USD,2026-09-30,C
SPY260930C00783000,2026-09-29 18:27:26+00:00,783.0,0.03,0.03,0.04,-0.020000001,-40.000004,1661.0,2199,0.1445398046875,False,REGULAR,USD,2026-09-30,C
SPY260930C00784000,2026-09-29 18:46:11+00:00,784.0,0.03,0.03,0.04,-0.01,-25.0,239.0,3966,0.15137567382812503,False,REGULAR,USD,2026-09-30,C
SPY260930C00785000,2026-09-29 18:40:44+00:00,785.0,0.03,0.03,0.04,-0.01,-25.0,1112.0,8332,0.15821154296875,False,REGULAR,USD,2026-09-30,C
SPY260930C00786000,2026-09-29 18:42:39+00:00,786.0,0.03,0.02,0.03,-0.01,-33.333336,45.0,23790,0.15821154296875,False,REGULAR,USD,2026-09-30,C
SPY260930C00787000,2026-09-29 18:45:57+00:00,787.0,0.03,0.02,0.03,0.0,0.0,2684.0,2824,0.16407085937500002,False,REGULAR,USD,2026-09-30,C
SPY260930C00788000,2026-09-29 16:43:15+00:00,788.0,0.03,0.02,0.03,0.0,0.0,92.0,2205,0.17090672851562502,False,REGULAR,USD,2026-09-30,C
SPY260930C00789000,2026-09-29 18:52:00+00:00,789.0,0.03,0.02,0.03,0.0,0.0,94.0,4418,0.17774259765625,False,REGULAR,USD,2026-09-30,C
SPY260930C00790000,2026-09-29 18:47:58+00:00,790.0,0.02,0.02,0.03,0.0,0.0,77.0,12429,0.18360191406249998,False,REGULAR,USD,2026-09-30,C
SPY260930C00791000,2026-09-29 16:41:40+00:00,791.0,0.02,0.01,0.02,-0.01,-33.333336,204.0,2079,0.18164880859375,False,REGULAR,USD,2026-09-30,C
SPY260930C00792000,2026-09-29 17:55:42+00:00,792.0,0.02,0.01,0.02,0.0,0.0,3.0,1839,0.187508125,False,REGULAR,USD,2026-09-30,C
SPY260930C00793000,2026-09-29 18:38:57+00:00,793.0,0.02,0.01,0.02,0.0,0.0,596.0,3157,0.19336744140625,False,REGULAR,USD,2026-09-30,C
SPY260930C00794000,2026-09-29 16:44:57+00:00,794.0,0.02,0.01,0.02,0.0,0.0,1263.0,5052,0.1992267578125,False,REGULAR,USD,2026-09-30,C
SPY260930C00795000,2026-09-29 16:35:59+00:00,795.0,0.01,0.01,0.02,-0.01,-50.0,43.0,6015,0.20508607421874997,False,REGULAR,USD,2026-09-30,C
SPY260930C00796000,2026-09-28 20:07:18+00:00,796.0,0.02,0.01,0.02,0.0,0.0,4707.0,2190,0.21094539062499998,False,REGULAR,USD,2026-09-30,C
SPY260930C00797000,2026-09-29 14:00:24+00:00,797.0,0.01,0.01,0.02,-0.01,-50.0,12.0,5146,0.21680470703125,False,REGULAR,USD,2026-09-30,C
SPY260930C00798000,2026-09-29 13:30:00+00:00,798.0,0.02,0.01,0.02,0.0,0.0,1.0,3342,0.22266402343749997,False,REGULAR,USD,2026-09-30,C
SPY260930C00799000,2026-09-29 17:51:17+00:00,799.0,0.01,0.01,0.02,-0.01,-50.0,6.0,6693,0.22852333984375,False,REGULAR,USD,2026-09-30,C
SPY260930C00800000,2026-09-29 18:48:14+00:00,800.0,0.01,0.01,0.02,-0.01,-50.0,1037.0,55649,0.23438265625,False,REGULAR,USD,2026-09-30,C
SPY260930C00801000,2026-09-29 18:40:39+00:00,801.0,0.01,0.0,0.01,-0.01,-50.0,540.0,3203,0.22266402343749997,False,REGULAR,USD,2026-09-30,C
SPY260930C00802000,2026-09-29 15:11:13+00:00,802.0,0.01,0.0,0.01,0.0,0.0,386.0,3051,0.2304764453125,False,REGULAR,USD,2026-09-30,C
SPY260930C00803000,2026-09-29 13:59:25+00:00,803.0,0.02,0.0,0.01,0.0,0.0,15.0,3418,0.23438265625,False,REGULAR,USD,2026-09-30,C
SPY260930C00804000,2026-09-29 17:23:07+00:00,804.0,0.01,0.0,0.01,-0.02,-66.66667,273.0,982,0.23828886718749998,False,REGULAR,USD,2026-09-30,C
SPY260930C00805000,2026-09-29 13:54:39+00:00,805.0,0.01,0.0,0.01,-0.01,-50.0,480.0,4798,0.2461012890625,False,REGULAR,USD,2026-09-30,C
SPY260930C00806000,2026-09-28 18:08:51+00:00,806.0,0.02,0.0,0.01,0.0,0.0,1.0,2872,0.2500075,False,REGULAR,USD,2026-09-30,C
SPY260930C00807000,2026-09-28 19:11:43+00:00,807.0,0.01,0.0,0.01,0.0,0.0,1.0,2356,0.257819921875,False,REGULAR,USD,2026-09-30,C
SPY260930C00808000,2026-09-29 16:44:25+00:00,808.0,0.01,0.0,0.01,-0.02,-66.66667,2.0,1128,0.2617261328125,False,REGULAR,USD,2026-09-30,C
SPY260930C00809000,2026-09-28 20:07:43+00:00,809.0,0.01,0.0,0.01,0.0,0.0,130.0,8128,0.26563234375,False,REGULAR,USD,2026-09-30,C
SPY260930C00810000,2026-09-29 16:21:42+00:00,810.0,0.01,0.0,0.01,0.0,0.0,6.0,12024,0.273444765625,False,REGULAR,USD,2026-09-30,C
SPY260930C00811000,2026-09-28 20:01:12+00:00,811.0,0.01,0.0,0.01,0.0,0.0,274.0,6715,0.27735097656249996,False,REGULAR,USD,2026-09-30,C
SPY260930C00812000,2026-09-28 19:46:27+00:00,812.0,0.01,0.0,0.01,0.0,0.0,253.0,1777,0.28125718749999995,False,REGULAR,USD,2026-09-30,C
SPY260930C00813000,2026-09-28 16:33:08+00:00,813.0,0.02,0.0,0.01,0.0,0.0,4106.0,5606,0.2890696093749999,False,REGULAR,USD,2026-09-30,C
SPY260930C00814000,2026-09-28 15:03:09+00:00,814.0,0.01,0.0,0.01,0.0,0.0,1920.0,10926,0.2929758203124999,False,REGULAR,USD,2026-09-30,C
SPY260930C00815000,2026-09-29 14:11:05+00:00,815.0,0.01,0.0,0.01,0.0,0.0,2.0,8043,0.29688203124999996,False,REGULAR,USD,2026-09-30,C
SPY260930C00816000,2026-09-28 14:46:14+00:00,816.0,0.01,0.0,0.01,0.0,0.0,4949.0,32600,0.304694453125,False,REGULAR,USD,2026-09-30,C
SPY260930C00817000,2026-09-28 19:21:42+00:00,817.0,0.01,0.0,0.01,0.0,0.0,5860.0,23958,0.3086006640625,False,REGULAR,USD,2026-09-30,C
SPY260930C00818000,2026-09-28 14:11:40+00:00,818.0,0.01,0.0,0.01,0.0,0.0,14.0,11270,0.31250687499999996,False,REGULAR,USD,2026-09-30,C
SPY260930C00819000,2026-09-25 20:03:11+00:00,819.0,0.01,0.0,0.01,0.0,0.0,39.0,14751,0.32031929687499994,False,REGULAR,USD,2026-09-30,C
SPY260930C00820000,2026-09-28 15:13:49+00:00,820.0,0.01,0.0,0.01,0.0,0.0,10.0,10565,0.3242255078124999,False,REGULAR,USD,2026-09-30,C
SPY260930C00821000,2026-09-28 18:22:09+00:00,821.0,0.01,0.0,0.01,0.0,0.0,1.0,7036,0.32813171874999997,False,REGULAR,USD,2026-09-30,C
SPY260930C00822000,2026-09-25 16:07:10+00:00,822.0,0.02,0.0,0.01,0.0,0.0,128.0,2908,0.335944140625,False,REGULAR,USD,2026-09-30,C
SPY260930C00823000,2026-09-24 14:08:28+00:00,823.0,0.02,0.0,0.01,0.0,0.0,2.0,328,0.3398503515625,False,REGULAR,USD,2026-09-30,C
SPY260930C00824000,2026-09-23 17:35:35+00:00,824.0,0.01,0.0,0.01,0.0,0.0,480.0,3849,0.3437565625,False,REGULAR,USD,2026-09-30,C
SPY260930C00825000,2026-09-28 13:37:37+00:00,825.0,0.01,0.0,0.01,0.0,0.0,520.0,42409,0.35156898437499995,False,REGULAR,USD,2026-09-30,C
SPY260930C00826000,2026-09-25 19:45:50+00:00,826.0,0.02,0.0,0.01,0.0,0.0,964.0,14172,0.35156898437499995,False,REGULAR,USD,2026-09-30,C
SPY260930C00827000,2026-09-25 15:50:13+00:00,827.0,0.02,0.0,0.01,0.0,0.0,4002.0,1029,0.35938140625,False,REGULAR,USD,2026-09-30,C
SPY260930C00828000,2026-09-25 16:09:25+00:00,828.0,0.01,0.0,0.01,0.0,0.0,1285.0,2506,0.367193828125,False,REGULAR,USD,2026-09-30,C
SPY260930C00829000,2026-09-25 14:23:30+00:00,829.0,0.01,0.0,0.01,0.0,0.0,24.0,2128,0.367193828125,False,REGULAR,USD,2026-09-30,C
SPY260930C00830000,2026-09-28 14:09:20+00:00,830.0,0.01,0.0,0.01,0.0,0.0,9.0,2249,0.37500625,False,REGULAR,USD,2026-09-30,C
SPY260930C00831000,2026-09-25 19:45:10+00:00,831.0,0.01,0.0,0.01,0.0,0.0,245.0,1020,0.3789124609375,False,REGULAR,USD,2026-09-30,C
SPY260930C00832000,2026-09-25 19:40:36+00:00,832.0,0.01,0.0,0.01,0.0,0.0,1547.0,1918,0.38281867187499996,False,REGULAR,USD,2026-09-30,C
SPY260930C00833000,2026-09-25 14:01:57+00:00,833.0,0.01,0.0,0.01,0.0,0.0,400.0,801,0.39063109375,False,REGULAR,USD,2026-09-30,C
SPY260930C00834000,2026-09-28 13:31:39+00:00,834.0,0.01,0.0,0.01,0.0,0.0,480.0,3413,0.39453730468750003,False,REGULAR,USD,2026-09-30,C
SPY260930C00835000,2026-09-28 13:38:52+00:00,835.0,0.01,0.0,0.01,0.0,0.0,520.0,1782,0.398443515625,False,REGULAR,USD,2026-09-30,C
SPY260930C00836000,2026-09-25 20:00:05+00:00,836.0,0.01,0.0,0.01,0.0,0.0,125.0,618,0.4062559375,False,REGULAR,USD,2026-09-30,C
SPY260930C00837000,2026-09-25 17:09:13+00:00,837.0,0.01,0.0,0.01,0.0,0.0,81.0,1081,0.4062559375,False,REGULAR,USD,2026-09-30,C
SPY260930C00838000,2026-09-25 17:13:07+00:00,838.0,0.01,0.0,0.01,0.0,0.0,556.0,2239,0.414068359375,False,REGULAR,USD,2026-09-30,C
SPY260930C00839000,2026-09-25 16:14:58+00:00,839.0,0.01,0.0,0.01,0.0,0.0,928.0,1018,0.42188078125,False,REGULAR,USD,2026-09-30,C
SPY260930C00840000,2026-09-25 18:29:29+00:00,840.0,0.01,0.0,0.01,0.0,0.0,18.0,1600,0.42188078125,False,REGULAR,USD,2026-09-30,C
SPY260930C00841000,2026-09-25 17:35:01+00:00,841.0,0.01,0.0,0.01,0.0,0.0,2358.0,1757,0.42969320312500003,False,REGULAR,USD,2026-09-30,C
SPY260930C00842000,2026-09-25 14:50:30+00:00,842.0,0.01,0.0,0.01,0.0,0.0,2.0,2116,0.4335994140625,False,REGULAR,USD,2026-09-30,C
SPY260930C00843000,2026-09-24 19:42:09+00:00,843.0,0.02,0.0,0.01,0.0,0.0,65.0,1307,0.437505625,False,REGULAR,USD,2026-09-30,C
SPY260930C00844000,2026-09-25 17:25:47+00:00,844.0,0.01,0.0,0.01,0.0,0.0,1.0,324,0.445318046875,False,REGULAR,USD,2026-09-30,C
SPY260930C00845000,2026-09-24 19:55:29+00:00,845.0,0.01,0.0,0.01,0.0,0.0,1935.0,2147,0.445318046875,False,REGULAR,USD,2026-09-30,C
SPY260930C00846000,2026-09-24 13:33:02+00:00,846.0,0.02,0.0,0.01,0.0,0.0,3.0,1109,0.45313046875,False,REGULAR,USD,2026-09-30,C
SPY260930C00847000,2026-09-24 20:02:33+00:00,847.0,0.02,0.0,0.01,0.0,0.0,12.0,872,0.46094289062500005,False,REGULAR,USD,2026-09-30,C
SPY260930C00848000,2026-09-24 20:05:43+00:00,848.0,0.02,0.0,0.01,0.0,0.0,111.0,1001,0.46094289062500005,False,REGULAR,USD,2026-09-30,C
SPY260930C00849000,2026-09-24 20:11:22+00:00,849.0,0.02,0.0,0.01,0.0,0.0,22.0,1027,0.4687553125,False,REGULAR,USD,2026-09-30,C
SPY260930C00850000,2026-09-25 18:00:16+00:00,850.0,0.01,0.0,0.01,0.0,0.0,285.0,6580,0.4687553125,False,REGULAR,USD,2026-09-30,C
SPY260930C00851000,2026-09-21 15:49:57+00:00,851.0,0.01,0.0,0.01,0.0,0.0,11.0,63,0.476567734375,False,REGULAR,USD,2026-09-30,C
SPY260930C00852000,2026-09-24 19:53:26+00:00,852.0,0.01,0.0,0.01,0.0,0.0,759.0,1409,0.48438015625,False,REGULAR,USD,2026-09-30,C
SPY260930C00853000,2026-09-24 19:55:03+00:00,853.0,0.01,0.0,0.01,0.0,0.0,27.0,1455,0.48438015625,False,REGULAR,USD,2026-09-30,C
SPY260930C00854000,2026-09-24 13:37:50+00:00,854.0,0.01,0.0,0.01,0.0,0.0,1.0,1707,0.49219257812500006,False,REGULAR,USD,2026-09-30,C
SPY260930C00855000,2026-09-24 19:57:36+00:00,855.0,0.01,0.0,0.01,0.0,0.0,10.0,608,0.500005,False,REGULAR,USD,2026-09-30,C
SPY260930C00856000,2026-09-24 19:58:40+00:00,856.0,0.01,0.0,0.01,0.0,0.0,836.0,912,0.500005,False,REGULAR,USD,2026-09-30,C
SPY260930C00857000,2026-09-24 19:51:25+00:00,857.0,0.01,0.0,0.01,0.0,0.0,124.0,1850,0.507817421875,False,REGULAR,USD,2026-09-30,C
SPY260930C00858000,2026-09-24 20:11:28+00:00,858.0,0.01,0.0,0.01,0.0,0.0,27.0,1238,0.507817421875,False,REGULAR,USD,2026-09-30,C
SPY260930C00859000,2026-09-24 20:10:52+00:00,859.0,0.01,0.0,0.01,0.0,0.0,197.0,1141,0.51562984375,False,REGULAR,USD,2026-09-30,C
SPY260930C00860000,2026-09-24 20:10:14+00:00,860.0,0.01,0.0,0.01,0.0,0.0,511.0,1320,0.51562984375,False,REGULAR,USD,2026-09-30,C
SPY260930C00865000,2026-09-24 20:09:23+00:00,865.0,0.01,0.0,0.01,0.0,0.0,28.0,3817,0.51562984375,False,REGULAR,USD,2026-09-30,C
SPY260930C00870000,2026-09-24 20:09:16+00:00,870.0,0.01,0.0,0.01,0.0,0.0,79.0,1591,0.5312546875,False,REGULAR,USD,2026-09-30,C
SPY260930C00875000,2026-09-24 20:06:40+00:00,875.0,0.02,0.0,0.01,0.0,0.0,33.0,751,0.5625043750000001,False,REGULAR,USD,2026-09-30,C
SPY260930C00880000,2026-09-22 13:50:34+00:00,880.0,0.02,0.0,0.01,0.0,0.0,59.0,1034,0.57812921875,False,REGULAR,USD,2026-09-30,C
SPY260930C00885000,2026-09-10 14:06:20+00:00,885.0,0.01,0.0,0.01,0.0,0.0,63.0,624,0.5937540625000001,False,REGULAR,USD,2026-09-30,C
SPY260930C00890000,2026-09-24 17:52:16+00:00,890.0,0.01,0.0,0.01,0.0,0.0,92.0,851,0.6250037500000001,False,REGULAR,USD,2026-09-30,C
SPY260930C00895000,2026-09-22 13:41:57+00:00,895.0,0.01,0.0,0.01,0.0,0.0,148.0,4579,0.64062859375,False,REGULAR,USD,2026-09-30,C
SPY260930C00900000,2026-09-17 18:36:11+00:00,900.0,0.01,0.0,0.01,0.0,0.0,1.0,6857,0.6562534375000001,False,REGULAR,USD,2026-09-30,C
SPY260930P00375000,2026-09-24 16:35:37+00:00,375.0,0.01,0.0,0.01,0.0,0.0,10.0,15475,2.68750328125,False,REGULAR,USD,2026-09-30,P
SPY260930P00380000,2026-09-21 14:12:57+00:00,380.0,0.01,0.0,0.01,0.0,0.0,1.0,11608,2.6250034375,False,REGULAR,USD,2026-09-30,P
SPY260930P00385000,2026-09-21 18:55:39+00:00,385.0,0.01,0.0,0.01,0.0,0.0,426.0,9275,2.6250034375,False,REGULAR,USD,2026-09-30,P
SPY260930P00390000,2026-09-09 19:58:00+00:00,390.0,0.01,0.0,0.01,0.0,0.0,50.0,1739,2.56250359375,False,REGULAR,USD,2026-09-30,P
SPY260930P00395000,2026-09-15 13:46:16+00:00,395.0,0.01,0.0,0.01,0.0,0.0,1.0,3683,2.50000375,False,REGULAR,USD,2026-09-30,P
SPY260930P00400000,2026-09-14 13:35:22+00:00,400.0,0.01,0.0,0.01,0.0,0.0,32.0,10009,2.50000375,False,REGULAR,USD,2026-09-30,P
SPY260930P00405000,2026-09-15 15:59:49+00:00,405.0,0.01,0.0,0.01,0.0,0.0,50.0,9932,2.43750390625,False,REGULAR,USD,2026-09-30,P
SPY260930P00410000,2026-09-16 19:54:17+00:00,410.0,0.01,0.0,0.01,0.0,0.0,200.0,2305,2.3750040624999995,False,REGULAR,USD,2026-09-30,P
SPY260930P00415000,2026-09-16 19:56:42+00:00,415.0,0.01,0.0,0.01,0.0,0.0,300.0,3557,2.3125042187499996,False,REGULAR,USD,2026-09-30,P
SPY260930P00420000,2026-09-28 14:46:59+00:00,420.0,0.01,0.0,0.01,0.0,0.0,1.0,894,2.3125042187499996,False,REGULAR,USD,2026-09-30,P
SPY260930P00425000,2026-09-04 19:12:22+00:00,425.0,0.02,0.0,0.01,0.0,0.0,15.0,3338,2.2500043749999996,False,REGULAR,USD,2026-09-30,P
SPY260930P00430000,2026-09-16 18:47:32+00:00,430.0,0.01,0.0,0.01,0.0,0.0,201.0,655,2.1875045312499997,False,REGULAR,USD,2026-09-30,P
SPY260930P00435000,2026-09-16 14:02:19+00:00,435.0,0.01,0.0,0.01,0.0,0.0,21.0,150725,2.1875045312499997,False,REGULAR,USD,2026-09-30,P
SPY260930P00440000,2026-09-02 20:01:56+00:00,440.0,0.03,0.0,0.01,0.0,0.0,24.0,1015,2.1250046874999997,False,REGULAR,USD,2026-09-30,P
SPY260930P00445000,2026-09-11 13:31:46+00:00,445.0,0.01,0.0,0.01,0.0,0.0,12.0,592,2.0625048437499998,False,REGULAR,USD,2026-09-30,P
SPY260930P00450000,2026-09-16 18:57:18+00:00,450.0,0.02,0.0,0.01,0.0,0.0,2.0,11301,2.0625048437499998,False,REGULAR,USD,2026-09-30,P
SPY260930P00455000,2026-09-15 14:40:37+00:00,455.0,0.02,0.0,0.01,0.0,0.0,5.0,1210,2.000005,False,REGULAR,USD,2026-09-30,P
SPY260930P00460000,2026-09-15 14:09:45+00:00,460.0,0.01,0.0,0.01,0.0,0.0,1.0,1325,1.9375003125,False,REGULAR,USD,2026-09-30,P
SPY260930P00465000,2026-09-14 14:00:36+00:00,465.0,0.03,0.0,0.01,0.0,0.0,10.0,251,1.9375003125,False,REGULAR,USD,2026-09-30,P
SPY260930P00470000,2026-09-25 17:22:30+00:00,470.0,0.01,0.0,0.01,0.0,0.0,1.0,1828,1.875000625,False,REGULAR,USD,2026-09-30,P
SPY260930P00475000,2026-09-17 20:04:38+00:00,475.0,0.01,0.0,0.01,0.0,0.0,100.0,1816,1.8437507812499998,False,REGULAR,USD,2026-09-30,P
SPY260930P00480000,2026-09-25 17:22:17+00:00,480.0,0.01,0.0,0.01,0.0,0.0,1.0,1472,1.8125009374999999,False,REGULAR,USD,2026-09-30,P
SPY260930P00485000,2026-09-15 20:03:51+00:00,485.0,0.03,0.0,0.01,0.0,0.0,72.0,710,1.75000125,False,REGULAR,USD,2026-09-30,P
SPY260930P00490000,2026-09-17 14:40:14+00:00,490.0,0.02,0.0,0.01,0.0,0.0,20.0,1323,1.75000125,False,REGULAR,USD,2026-09-30,P
SPY260930P00495000,2026-09-18 14:28:52+00:00,495.0,0.01,0.0,0.01,0.0,0.0,400.0,815,1.6875015625,False,REGULAR,USD,2026-09-30,P
SPY260930P00500000,2026-09-17 14:40:30+00:00,500.0,0.01,0.0,0.01,0.0,0.0,27.0,3165,1.65625171875,False,REGULAR,USD,2026-09-30,P
SPY260930P00505000,2026-09-18 19:48:33+00:00,505.0,0.01,0.0,0.01,0.0,0.0,200.0,909,1.625001875,False,REGULAR,USD,2026-09-30,P
SPY260930P00510000,2026-09-25 17:35:10+00:00,510.0,0.01,0.0,0.01,0.0,0.0,1.0,637,1.5625021874999998,False,REGULAR,USD,2026-09-30,P
SPY260930P00515000,2026-09-25 17:34:50+00:00,515.0,0.01,0.0,0.01,0.0,0.0,1.0,1379,1.5625021874999998,False,REGULAR,USD,2026-09-30,P
SPY260930P00520000,2026-09-25 17:34:38+00:00,520.0,0.01,0.0,0.01,0.0,0.0,2.0,1365,1.5000025,False,REGULAR,USD,2026-09-30,P
SPY260930P00525000,2026-09-25 17:34:25+00:00,525.0,0.01,0.0,0.01,0.0,0.0,1.0,934,1.46875265625,False,REGULAR,USD,2026-09-30,P
SPY260930P00530000,2026-09-25 17:34:12+00:00,530.0,0.01,0.0,0.01,0.0,0.0,2.0,976,1.4375028125,False,REGULAR,USD,2026-09-30,P
SPY260930P00535000,2026-09-22 13:32:19+00:00,535.0,0.01,0.0,0.01,0.0,0.0,1.0,301233,1.40625296875,False,REGULAR,USD,2026-09-30,P
SPY260930P00540000,2026-09-21 19:03:01+00:00,540.0,0.01,0.0,0.01,0.0,0.0,123.0,1861,1.3750031249999999,False,REGULAR,USD,2026-09-30,P
SPY260930P00545000,2026-09-21 19:38:55+00:00,545.0,0.01,0.0,0.01,0.0,0.0,195.0,969,1.3437532812499997,False,REGULAR,USD,2026-09-30,P
SPY260930P00550000,2026-09-25 17:33:57+00:00,550.0,0.01,0.0,0.01,0.0,0.0,1.0,1527,1.3125034374999998,False,REGULAR,USD,2026-09-30,P
SPY260930P00555000,2026-09-25 17:33:45+00:00,555.0,0.01,0.0,0.01,0.0,0.0,2.0,1098,1.2500037499999999,False,REGULAR,USD,2026-09-30,P
SPY260930P00560000,2026-09-25 17:33:34+00:00,560.0,0.01,0.0,0.01,0.0,0.0,1.0,1337,1.2500037499999999,False,REGULAR,USD,2026-09-30,P
SPY260930P00565000,2026-09-22 17:27:27+00:00,565.0,0.01,0.0,0.01,0.0,0.0,50.0,622,1.1875040625,False,REGULAR,USD,2026-09-30,P
SPY260930P00570000,2026-09-29 18:29:57+00:00,570.0,0.01,0.0,0.01,0.0,0.0,1.0,1772,1.15625421875,False,REGULAR,USD,2026-09-30,P
SPY260930P00575000,2026-09-25 16:38:17+00:00,575.0,0.01,0.0,0.01,0.0,0.0,1.0,1398,1.125004375,False,REGULAR,USD,2026-09-30,P
SPY260930P00580000,2026-09-25 17:33:16+00:00,580.0,0.01,0.0,0.01,0.0,0.0,13.0,2505,1.09375453125,False,REGULAR,USD,2026-09-30,P
SPY260930P00585000,2026-09-25 19:32:01+00:00,585.0,0.01,0.0,0.01,0.0,0.0,9.0,1334,1.0625046875000002,False,REGULAR,USD,2026-09-30,P
SPY260930P00590000,2026-09-28 18:26:30+00:00,590.0,0.01,0.0,0.01,0.0,0.0,100.0,8562,1.0312548437500002,False,REGULAR,USD,2026-09-30,P
SPY260930P00594000,2026-09-22 20:06:50+00:00,594.0,0.01,0.0,0.01,0.0,0.0,2.0,257,1.000005,False,REGULAR,USD,2026-09-30,P
SPY260930P00595000,2026-09-23 15:47:01+00:00,595.0,0.01,0.0,0.01,0.0,0.0,1.0,528,1.000005,False,REGULAR,USD,2026-09-30,P
SPY260930P00596000,2026-09-23 15:46:54+00:00,596.0,0.01,0.0,0.01,0.0,0.0,1.0,318,1.000005,False,REGULAR,USD,2026-09-30,P
SPY260930P00597000,2026-09-17 19:59:48+00:00,597.0,0.04,0.0,0.01,0.0,0.0,20.0,20623,0.98437515625,False,REGULAR,USD,2026-09-30,P
SPY260930P00598000,2026-09-25 17:22:05+00:00,598.0,0.01,0.0,0.01,0.0,0.0,1.0,7075,0.98437515625,False,REGULAR,USD,2026-09-30,P
SPY260930P00599000,2026-09-21 16:55:44+00:00,599.0,0.02,0.0,0.01,0.0,0.0,41.0,1150,0.9687503125,False,REGULAR,USD,2026-09-30,P
SPY260930P00600000,2026-09-25 17:21:52+00:00,600.0,0.01,0.0,0.01,0.0,0.0,17.0,29335,0.9687503125,False,REGULAR,USD,2026-09-30,P
SPY260930P00601000,2026-09-21 14:14:28+00:00,601.0,0.02,0.0,0.01,0.0,0.0,36.0,691,0.9687503125,False,REGULAR,USD,2026-09-30,P
SPY260930P00602000,2026-09-25 17:21:38+00:00,602.0,0.01,0.0,0.01,0.0,0.0,3.0,325,0.9687503125,False,REGULAR,USD,2026-09-30,P
SPY260930P00603000,2026-09-23 17:04:53+00:00,603.0,0.01,0.0,0.01,0.0,0.0,55.0,516,0.9687503125,False,REGULAR,USD,2026-09-30,P
SPY260930P00604000,2026-09-25 17:21:25+00:00,604.0,0.01,0.0,0.01,0.0,0.0,1.0,10439,0.937500625,False,REGULAR,USD,2026-09-30,P
SPY260930P00605000,2026-09-21 14:52:43+00:00,605.0,0.03,0.0,0.01,0.0,0.0,10.0,9851,0.937500625,False,REGULAR,USD,2026-09-30,P
SPY260930P00606000,2026-09-24 17:32:05+00:00,606.0,0.01,0.0,0.01,0.0,0.0,18.0,859,0.937500625,False,REGULAR,USD,2026-09-30,P
SPY260930P00607000,2026-09-24 16:20:56+00:00,607.0,0.01,0.0,0.01,0.0,0.0,2.0,76,0.937500625,False,REGULAR,USD,2026-09-30,P
SPY260930P00608000,2026-09-24 18:13:56+00:00,608.0,0.01,0.0,0.01,0.0,0.0,1231.0,913,0.937500625,False,REGULAR,USD,2026-09-30,P
SPY260930P00609000,2026-09-25 17:21:13+00:00,609.0,0.01,0.0,0.01,0.0,0.0,2.0,538,0.9062509375,False,REGULAR,USD,2026-09-30,P
SPY260930P00610000,2026-09-24 17:40:07+00:00,610.0,0.02,0.0,0.01,0.0,0.0,1737.0,2096,0.9062509375,False,REGULAR,USD,2026-09-30,P
SPY260930P00611000,2026-09-24 18:18:30+00:00,611.0,0.01,0.0,0.01,0.0,0.0,2508.0,1858,0.9062509375,False,REGULAR,USD,2026-09-30,P
SPY260930P00612000,2026-09-25 17:33:01+00:00,612.0,0.01,0.0,0.01,0.0,0.0,2.0,1697,0.9062509375,False,REGULAR,USD,2026-09-30,P
SPY260930P00613000,2026-09-24 18:25:29+00:00,613.0,0.01,0.0,0.01,0.0,0.0,2020.0,1070,0.9062509375,False,REGULAR,USD,2026-09-30,P
SPY260930P00614000,2026-09-24 18:28:16+00:00,614.0,0.01,0.0,0.01,0.0,0.0,960.0,285,0.8906260937499999,False,REGULAR,USD,2026-09-30,P
SPY260930P00615000,2026-09-23 19:09:07+00:00,615.0,0.01,0.0,0.01,0.0,0.0,1.0,824,0.87500125,False,REGULAR,USD,2026-09-30,P
SPY260930P00616000,2026-09-24 18:38:57+00:00,616.0,0.01,0.0,0.01,0.0,0.0,2173.0,3365,0.87500125,False,REGULAR,USD,2026-09-30,P
SPY260930P00617000,2026-09-24 18:39:53+00:00,617.0,0.01,0.0,0.01,0.0,0.0,961.0,27337,0.87500125,False,REGULAR,USD,2026-09-30,P
SPY260930P00618000,2026-09-24 18:51:47+00:00,618.0,0.01,0.0,0.01,0.0,0.0,960.0,24834,0.87500125,False,REGULAR,USD,2026-09-30,P
SPY260930P00619000,2026-09-24 17:51:27+00:00,619.0,0.01,0.0,0.01,0.0,0.0,960.0,3451,0.85937640625,False,REGULAR,USD,2026-09-30,P
SPY260930P00620000,2026-09-25 16:21:15+00:00,620.0,0.01,0.0,0.01,0.0,0.0,12.0,3629,0.8437515624999999,False,REGULAR,USD,2026-09-30,P
SPY260930P00621000,2026-09-24 19:01:03+00:00,621.0,0.01,0.0,0.01,0.0,0.0,1920.0,1711,0.8437515624999999,False,REGULAR,USD,2026-09-30,P
SPY260930P00622000,2026-09-24 19:07:06+00:00,622.0,0.01,0.0,0.01,0.0,0.0,1055.0,1370,0.8437515624999999,False,REGULAR,USD,2026-09-30,P
SPY260930P00623000,2026-09-24 19:51:00+00:00,623.0,0.01,0.0,0.01,0.0,0.0,2003.0,1059,0.8437515624999999,False,REGULAR,USD,2026-09-30,P
SPY260930P00624000,2026-09-24 18:32:21+00:00,624.0,0.01,0.0,0.01,0.0,0.0,960.0,687,0.8281267187499999,False,REGULAR,USD,2026-09-30,P
SPY260930P00625000,2026-09-29 13:30:04+00:00,625.0,0.01,0.0,0.01,-0.01,-50.0,1.0,3080,0.8125018749999999,False,REGULAR,USD,2026-09-30,P
SPY260930P00626000,2026-09-25 14:42:20+00:00,626.0,0.01,0.0,0.01,0.0,0.0,40.0,996,0.8125018749999999,False,REGULAR,USD,2026-09-30,P
SPY260930P00627000,2026-09-25 14:43:40+00:00,627.0,0.01,0.0,0.01,0.0,0.0,440.0,979,0.8125018749999999,False,REGULAR,USD,2026-09-30,P
SPY260930P00628000,2026-09-23 15:18:36+00:00,628.0,0.01,0.0,0.01,0.0,0.0,5.0,144,0.8125018749999999,False,REGULAR,USD,2026-09-30,P
SPY260930P00629000,2026-09-25 17:32:30+00:00,629.0,0.01,0.0,0.01,0.0,0.0,2.0,321,0.79687703125,False,REGULAR,USD,2026-09-30,P
SPY260930P00630000,2026-09-28 14:13:25+00:00,630.0,0.01,0.0,0.01,0.0,0.0,4.0,4018,0.7812521875,False,REGULAR,USD,2026-09-30,P
SPY260930P00631000,2026-09-17 14:01:10+00:00,631.0,0.11,0.0,0.01,0.0,0.0,1.0,147,0.7812521875,False,REGULAR,USD,2026-09-30,P
SPY260930P00632000,2026-09-25 14:48:25+00:00,632.0,0.01,0.0,0.01,0.0,0.0,12.0,660,0.7812521875,False,REGULAR,USD,2026-09-30,P
SPY260930P00633000,2026-09-25 19:31:08+00:00,633.0,0.01,0.0,0.01,0.0,0.0,62.0,516,0.7812521875,False,REGULAR,USD,2026-09-30,P
SPY260930P00634000,2026-09-25 17:32:04+00:00,634.0,0.01,0.0,0.01,0.0,0.0,1072.0,872,0.7656273437500001,False,REGULAR,USD,2026-09-30,P
SPY260930P00635000,2026-09-25 15:08:54+00:00,635.0,0.01,0.0,0.01,0.0,0.0,1138.0,151367,0.7500025,False,REGULAR,USD,2026-09-30,P
SPY260930P00636000,2026-09-28 19:55:28+00:00,636.0,0.01,0.0,0.01,0.0,0.0,10.0,1223,0.7500025,False,REGULAR,USD,2026-09-30,P
SPY260930P00637000,2026-09-25 17:35:25+00:00,637.0,0.01,0.0,0.01,0.0,0.0,3313.0,3068,0.7500025,False,REGULAR,USD,2026-09-30,P
SPY260930P00638000,2026-09-28 13:36:09+00:00,638.0,0.01,0.0,0.01,0.0,0.0,306.0,25643,0.7500025,False,REGULAR,USD,2026-09-30,P
SPY260930P00639000,2026-09-25 18:28:44+00:00,639.0,0.01,0.0,0.01,0.0,0.0,1934.0,24934,0.73437765625,False,REGULAR,USD,2026-09-30,P
SPY260930P00640000,2026-09-29 14:33:33+00:00,640.0,0.01,0.0,0.01,0.0,0.0,1.0,4255,0.73437765625,False,REGULAR,USD,2026-09-30,P
SPY260930P00641000,2026-09-25 18:28:20+00:00,641.0,0.01,0.0,0.01,0.0,0.0,15.0,847,0.7187528125,False,REGULAR,USD,2026-09-30,P
SPY260930P00642000,2026-09-25 19:26:33+00:00,642.0,0.01,0.0,0.01,0.0,0.0,976.0,651,0.7187528125,False,REGULAR,USD,2026-09-30,P
SPY260930P00643000,2026-09-29 17:16:38+00:00,643.0,0.01,0.0,0.01,0.0,0.0,23.0,1511,0.7187528125,False,REGULAR,USD,2026-09-30,P
SPY260930P00644000,2026-09-25 19:39:56+00:00,644.0,0.01,0.0,0.01,0.0,0.0,1685.0,1040,0.70312796875,False,REGULAR,USD,2026-09-30,P
SPY260930P00645000,2026-09-28 13:30:00+00:00,645.0,0.01,0.0,0.01,0.0,0.0,2.0,950,0.70312796875,False,REGULAR,USD,2026-09-30,P
SPY260930P00646000,2026-09-24 16:38:08+00:00,646.0,0.02,0.0,0.01,0.0,0.0,25610.0,25625,0.6875031250000001,False,REGULAR,USD,2026-09-30,P
SPY260930P00647000,2026-09-24 17:22:02+00:00,647.0,0.02,0.0,0.01,0.0,0.0,6412.0,11060,0.6875031250000001,False,REGULAR,USD,2026-09-30,P
SPY260930P00648000,2026-09-25 19:51:16+00:00,648.0,0.01,0.0,0.01,0.0,0.0,10.0,56036,0.6875031250000001,False,REGULAR,USD,2026-09-30,P
SPY260930P00649000,2026-09-28 14:54:42+00:00,649.0,0.01,0.0,0.01,0.0,0.0,480.0,60481,0.6718782812500002,False,REGULAR,USD,2026-09-30,P
SPY260930P00650000,2026-09-29 13:30:04+00:00,650.0,0.01,0.0,0.01,0.0,0.0,3.0,7210,0.6718782812500002,False,REGULAR,USD,2026-09-30,P
SPY260930P00651000,2026-09-25 18:23:10+00:00,651.0,0.01,0.0,0.01,0.0,0.0,960.0,1634,0.6562534375000001,False,REGULAR,USD,2026-09-30,P
SPY260930P00652000,2026-09-25 19:55:57+00:00,652.0,0.01,0.0,0.01,0.0,0.0,15.0,474,0.6562534375000001,False,REGULAR,USD,2026-09-30,P
SPY260930P00653000,2026-09-25 19:45:17+00:00,653.0,0.01,0.0,0.01,0.0,0.0,88.0,16842,0.6562534375000001,False,REGULAR,USD,2026-09-30,P
SPY260930P00654000,2026-09-28 17:02:56+00:00,654.0,0.01,0.0,0.01,0.0,0.0,3056.0,2891,0.6562534375000001,False,REGULAR,USD,2026-09-30,P
SPY260930P00655000,2026-09-28 17:11:49+00:00,655.0,0.01,0.0,0.01,0.0,0.0,316.0,983,0.64062859375,False,REGULAR,USD,2026-09-30,P
SPY260930P00656000,2026-09-28 16:42:09+00:00,656.0,0.01,0.0,0.01,0.0,0.0,3205.0,3341,0.64062859375,False,REGULAR,USD,2026-09-30,P
SPY260930P00657000,2026-09-28 17:11:49+00:00,657.0,0.02,0.0,0.01,0.0,0.0,4477.0,2041,0.6250037500000001,False,REGULAR,USD,2026-09-30,P
SPY260930P00658000,2026-09-29 15:18:04+00:00,658.0,0.01,0.0,0.01,-0.01,-50.0,25.0,2408,0.6250037500000001,False,REGULAR,USD,2026-09-30,P
SPY260930P00659000,2026-09-28 19:33:02+00:00,659.0,0.01,0.0,0.01,0.0,0.0,1191.0,2120,0.6250037500000001,False,REGULAR,USD,2026-09-30,P
SPY260930P00660000,2026-09-28 20:13:24+00:00,660.0,0.01,0.0,0.01,0.0,0.0,191.0,8007,0.6093789062500001,False,REGULAR,USD,2026-09-30,P
SPY260930P00661000,2026-09-28 17:21:22+00:00,661.0,0.03,0.0,0.01,0.0,0.0,2.0,415,0.6093789062500001,False,REGULAR,USD,2026-09-30,P
SPY260930P00662000,2026-09-28 17:40:44+00:00,662.0,0.01,0.0,0.01,0.0,0.0,910.0,577,0.5937540625000001,False,REGULAR,USD,2026-09-30,P
SPY260930P00663000,2026-09-28 17:40:44+00:00,663.0,0.02,0.0,0.01,0.0,0.0,6470.0,8082,0.5937540625000001,False,REGULAR,USD,2026-09-30,P
SPY260930P00664000,2026-09-28 18:29:36+00:00,664.0,0.01,0.0,0.01,0.0,0.0,123.0,2076,0.5937540625000001,False,REGULAR,USD,2026-09-30,P
SPY260930P00665000,2026-09-28 20:13:58+00:00,665.0,0.01,0.0,0.01,0.0,0.0,540.0,2061,0.57812921875,False,REGULAR,USD,2026-09-30,P
SPY260930P00666000,2026-09-28 20:12:54+00:00,666.0,0.01,0.0,0.01,0.0,0.0,1576.0,2294,0.57812921875,False,REGULAR,USD,2026-09-30,P
SPY260930P00667000,2026-09-28 20:07:52+00:00,667.0,0.01,0.0,0.01,0.0,0.0,480.0,2374,0.57812921875,False,REGULAR,USD,2026-09-30,P
SPY260930P00668000,2026-09-25 16:03:20+00:00,668.0,0.02,0.0,0.01,0.0,0.0,2652.0,3646,0.5625043750000001,False,REGULAR,USD,2026-09-30,P
SPY260930P00669000,2026-09-28 19:14:24+00:00,669.0,0.01,0.0,0.01,0.0,0.0,3.0,586,0.5625043750000001,False,REGULAR,USD,2026-09-30,P
SPY260930P00670000,2026-09-29 15:10:59+00:00,670.0,0.01,0.0,0.01,0.0,0.0,1.0,4157,0.5625043750000001,False,REGULAR,USD,2026-09-30,P
SPY260930P00671000,2026-09-25 16:03:03+00:00,671.0,0.02,0.0,0.01,0.0,0.0,1615.0,2442,0.5468795312500001,False,REGULAR,USD,2026-09-30,P
SPY260930P00672000,2026-09-25 17:59:41+00:00,672.0,0.01,0.0,0.01,0.0,0.0,686.0,1343,0.5468795312500001,False,REGULAR,USD,2026-09-30,P
SPY260930P00673000,2026-09-25 19:58:17+00:00,673.0,0.01,0.0,0.01,0.0,0.0,229.0,1953,0.5312546875,False,REGULAR,USD,2026-09-30,P
SPY260930P00674000,2026-09-25 17:55:15+00:00,674.0,0.02,0.0,0.01,0.0,0.0,63.0,1146,0.5312546875,False,REGULAR,USD,2026-09-30,P
SPY260930P00675000,2026-09-29 15:11:13+00:00,675.0,0.01,0.0,0.01,-0.01,-50.0,1.0,27501,0.5312546875,False,REGULAR,USD,2026-09-30,P
SPY260930P00676000,2026-09-25 17:44:34+00:00,676.0,0.02,0.0,0.01,0.0,0.0,63.0,20122,0.51562984375,False,REGULAR,USD,2026-09-30,P
SPY260930P00677000,2026-09-29 18:54:18+00:00,677.0,0.01,0.0,0.01,0.0,0.0,4.0,6721,0.51562984375,False,REGULAR,USD,2026-09-30,P
SPY260930P00678000,2026-09-24 19:10:31+00:00,678.0,0.03,0.0,0.01,0.0,0.0,8.0,3234,0.500005,False,REGULAR,USD,2026-09-30,P
SPY260930P00679000,2026-09-25 16:07:14+00:00,679.0,0.02,0.0,0.01,0.0,0.0,51.0,916,0.500005,False,REGULAR,USD,2026-09-30,P
SPY260930P00680000,2026-09-29 16:28:33+00:00,680.0,0.01,0.0,0.01,-0.01,-50.0,6.0,8850,0.500005,False,REGULAR,USD,2026-09-30,P
SPY260930P00681000,2026-09-25 14:05:57+00:00,681.0,0.03,0.0,0.01,0.0,0.0,1.0,695,0.51562984375,False,REGULAR,USD,2026-09-30,P
SPY260930P00682000,2026-09-28 16:11:15+00:00,682.0,0.01,0.0,0.01,0.0,0.0,1.0,1049,0.51562984375,False,REGULAR,USD,2026-09-30,P
SPY260930P00683000,2026-09-25 14:48:23+00:00,683.0,0.03,0.0,0.01,0.0,0.0,1924.0,4080,0.507817421875,False,REGULAR,USD,2026-09-30,P
SPY260930P00684000,2026-09-29 17:55:00+00:00,684.0,0.01,0.0,0.01,0.0,0.0,1.0,22740,0.500005,False,REGULAR,USD,2026-09-30,P
SPY260930P00685000,2026-09-29 17:47:04+00:00,685.0,0.01,0.0,0.01,-0.01,-50.0,11.0,15890,0.49219257812500006,False,REGULAR,USD,2026-09-30,P
SPY260930P00686000,2026-09-28 15:46:03+00:00,686.0,0.02,0.0,0.01,0.0,0.0,9.0,5869,0.49219257812500006,False,REGULAR,USD,2026-09-30,P
SPY260930P00687000,2026-09-28 15:44:43+00:00,687.0,0.02,0.0,0.01,0.0,0.0,48.0,1799,0.48438015625,False,REGULAR,USD,2026-09-30,P
SPY260930P00688000,2026-09-28 15:40:24+00:00,688.0,0.02,0.0,0.01,0.0,0.0,17.0,1205,0.476567734375,False,REGULAR,USD,2026-09-30,P
SPY260930P00689000,2026-09-28 15:38:01+00:00,689.0,0.01,0.0,0.01,-0.01,-50.0,3.0,819,0.4687553125,False,REGULAR,USD,2026-09-30,P
SPY260930P00690000,2026-09-28 19:51:43+00:00,690.0,0.02,0.0,0.01,0.0,0.0,3.0,7406,0.4687553125,False,REGULAR,USD,2026-09-30,P
SPY260930P00691000,2026-09-29 16:23:58+00:00,691.0,0.01,0.0,0.01,-0.01,-50.0,97.0,2067,0.46094289062500005,False,REGULAR,USD,2026-09-30,P
SPY260930P00692000,2026-09-29 17:57:57+00:00,692.0,0.01,0.0,0.01,-0.01,-50.0,179.0,1405,0.45313046875,False,REGULAR,USD,2026-09-30,P
SPY260930P00693000,2026-09-29 17:57:57+00:00,693.0,0.02,0.0,0.01,-0.030000001,-60.0,183.0,1021,0.445318046875,False,REGULAR,USD,2026-09-30,P
SPY260930P00694000,2026-09-29 16:27:59+00:00,694.0,0.02,0.0,0.01,0.0,0.0,91.0,995,0.437505625,False,REGULAR,USD,2026-09-30,P
SPY260930P00695000,2026-09-29 16:24:06+00:00,695.0,0.01,0.0,0.01,-0.01,-50.0,71.0,5530,0.437505625,False,REGULAR,USD,2026-09-30,P
SPY260930P00696000,2026-09-29 16:29:43+00:00,696.0,0.01,0.0,0.01,-0.01,-50.0,1105.0,268,0.42969320312500003,False,REGULAR,USD,2026-09-30,P
SPY260930P00697000,2026-09-29 16:29:56+00:00,697.0,0.01,0.0,0.01,-0.01,-50.0,669.0,4214,0.42188078125,False,REGULAR,USD,2026-09-30,P
SPY260930P00698000,2026-09-29 15:59:09+00:00,698.0,0.02,0.0,0.01,0.0,0.0,27.0,8185,0.414068359375,False,REGULAR,USD,2026-09-30,P
SPY260930P00699000,2026-09-29 16:18:27+00:00,699.0,0.01,0.0,0.01,-0.01,-50.0,540.0,8823,0.414068359375,False,REGULAR,USD,2026-09-30,P
SPY260930P00700000,2026-09-29 18:16:52+00:00,700.0,0.01,0.0,0.01,-0.01,-50.0,94.0,29054,0.4062559375,False,REGULAR,USD,2026-09-30,P
SPY260930P00701000,2026-09-29 18:53:45+00:00,701.0,0.01,0.0,0.01,-0.01,-50.0,178.0,5821,0.398443515625,False,REGULAR,USD,2026-09-30,P
SPY260930P00702000,2026-09-29 18:53:22+00:00,702.0,0.02,0.01,0.02,-0.01,-33.333336,550.0,7660,0.41797457031249996,False,REGULAR,USD,2026-09-30,P
SPY260930P00703000,2026-09-28 18:55:31+00:00,703.0,0.02,0.0,0.01,0.0,0.0,480.0,2464,0.39063109375,False,REGULAR,USD,2026-09-30,P
SPY260930P00704000,2026-09-29 18:47:25+00:00,704.0,0.01,0.0,0.01,-0.03,-75.0,387.0,1112,0.38281867187499996,False,REGULAR,USD,2026-09-30,P
SPY260930P00705000,2026-09-29 18:32:19+00:00,705.0,0.01,0.01,0.02,-0.01,-50.0,1.0,4549,0.4023497265625,False,REGULAR,USD,2026-09-30,P
SPY260930P00706000,2026-09-28 18:01:50+00:00,706.0,0.02,0.01,0.02,0.0,0.0,136.0,1551,0.39453730468750003,False,REGULAR,USD,2026-09-30,P
SPY260930P00707000,2026-09-25 20:07:44+00:00,707.0,0.03,0.01,0.02,0.0,0.0,1158.0,21597,0.38672488281249995,False,REGULAR,USD,2026-09-30,P
SPY260930P00708000,2026-09-25 20:07:35+00:00,708.0,0.03,0.01,0.02,0.0,0.0,1062.0,1993,0.38281867187499996,False,REGULAR,USD,2026-09-30,P
SPY260930P00709000,2026-09-25 17:27:18+00:00,709.0,0.05,0.01,0.02,0.0,0.0,214.0,1541,0.37500625,False,REGULAR,USD,2026-09-30,P
SPY260930P00710000,2026-09-29 18:37:48+00:00,710.0,0.01,0.01,0.02,-0.01,-50.0,60.0,12296,0.36914693359375,False,REGULAR,USD,2026-09-30,P
SPY260930P00711000,2026-09-29 16:26:22+00:00,711.0,0.02,0.01,0.02,-0.02,-50.0,159.0,1119,0.3632876171875,False,REGULAR,USD,2026-09-30,P
SPY260930P00712000,2026-09-29 16:29:43+00:00,712.0,0.02,0.01,0.02,0.0,0.0,72.0,1410,0.35547519531249994,False,REGULAR,USD,2026-09-30,P
SPY260930P00713000,2026-09-29 18:40:50+00:00,713.0,0.01,0.01,0.02,-0.03,-75.0,105.0,935,0.35156898437499995,False,REGULAR,USD,2026-09-30,P
SPY260930P00714000,2026-09-25 19:37:08+00:00,714.0,0.04,0.01,0.02,0.0,0.0,359.0,1944,0.3437565625,False,REGULAR,USD,2026-09-30,P
SPY260930P00715000,2026-09-29 18:37:37+00:00,715.0,0.01,0.01,0.02,-0.02,-66.66667,4.0,6760,0.335944140625,False,REGULAR,USD,2026-09-30,P
SPY260930P00716000,2026-09-29 18:06:22+00:00,716.0,0.02,0.01,0.02,-0.01,-33.333336,1.0,2082,0.3320379296875,False,REGULAR,USD,2026-09-30,P
SPY260930P00717000,2026-09-29 16:15:19+00:00,717.0,0.01,0.01,0.02,-0.02,-66.66667,7.0,3245,0.3242255078124999,False,REGULAR,USD,2026-09-30,P
SPY260930P00718000,2026-09-29 17:59:06+00:00,718.0,0.02,0.01,0.02,-0.02,-50.0,691.0,1462,0.31836619140624994,False,REGULAR,USD,2026-09-30,P
SPY260930P00719000,2026-09-29 17:54:49+00:00,719.0,0.02,0.01,0.02,-0.02,-50.0,5470.0,1709,0.31250687499999996,False,REGULAR,USD,2026-09-30,P
SPY260930P00720000,2026-09-29 18:40:03+00:00,720.0,0.01,0.01,0.02,-0.03,-75.0,5442.0,13973,0.304694453125,False,REGULAR,USD,2026-09-30,P
SPY260930P00721000,2026-09-29 17:22:35+00:00,721.0,0.02,0.01,0.02,-0.030000001,-60.0,152.0,6237,0.3007882421875,False,REGULAR,USD,2026-09-30,P
SPY260930P00722000,2026-09-29 16:59:20+00:00,722.0,0.02,0.01,0.02,-0.01,-33.333336,147.0,3213,0.2929758203124999,False,REGULAR,USD,2026-09-30,P
SPY260930P00723000,2026-09-29 13:41:18+00:00,723.0,0.02,0.01,0.02,-0.02,-50.0,173.0,859,0.28711650390624993,False,REGULAR,USD,2026-09-30,P
SPY260930P00724000,2026-09-29 16:46:24+00:00,724.0,0.02,0.01,0.02,-0.02,-50.0,116.0,1495,0.28125718749999995,False,REGULAR,USD,2026-09-30,P
SPY260930P00725000,2026-09-29 18:16:41+00:00,725.0,0.02,0.01,0.02,-0.02,-50.0,592.0,16453,0.273444765625,False,REGULAR,USD,2026-09-30,P
SPY260930P00726000,2026-09-29 18:28:21+00:00,726.0,0.02,0.01,0.02,-0.02,-50.0,88.0,1358,0.26758544921875,False,REGULAR,USD,2026-09-30,P
SPY260930P00727000,2026-09-29 16:35:59+00:00,727.0,0.02,0.01,0.02,-0.030000001,-60.0,35.0,1470,0.2617261328125,False,REGULAR,USD,2026-09-30,P
SPY260930P00728000,2026-09-29 18:39:54+00:00,728.0,0.02,0.01,0.02,-0.030000001,-60.0,125.0,1357,0.25391371093750004,False,REGULAR,USD,2026-09-30,P
SPY260930P00729000,2026-09-29 17:16:56+00:00,729.0,0.03,0.01,0.02,-0.020000001,-40.000004,48.0,1638,0.2500075,False,REGULAR,USD,2026-09-30,P
SPY260930P00730000,2026-09-29 18:19:53+00:00,730.0,0.02,0.02,0.03,-0.02,-50.0,465.0,26907,0.25391371093750004,False,REGULAR,USD,2026-09-30,P
SPY260930P00731000,2026-09-29 15:39:00+00:00,731.0,0.03,0.02,0.03,-0.020000001,-40.000004,474.0,2868,0.2461012890625,False,REGULAR,USD,2026-09-30,P
SPY260930P00732000,2026-09-29 17:54:47+00:00,732.0,0.03,0.02,0.03,-0.01,-25.0,524.0,2785,0.24024197265624997,False,REGULAR,USD,2026-09-30,P
SPY260930P00733000,2026-09-29 17:52:33+00:00,733.0,0.03,0.02,0.03,-0.020000001,-40.000004,169.0,1152,0.23438265625,False,REGULAR,USD,2026-09-30,P
SPY260930P00734000,2026-09-29 17:59:45+00:00,734.0,0.03,0.02,0.03,-0.020000001,-40.000004,1166.0,2203,0.22657023437499998,False,REGULAR,USD,2026-09-30,P
SPY260930P00735000,2026-09-29 18:22:44+00:00,735.0,0.03,0.02,0.03,-0.020000001,-40.000004,161.0,13407,0.22071091796874998,False,REGULAR,USD,2026-09-30,P
SPY260930P00736000,2026-09-29 18:39:23+00:00,736.0,0.02,0.02,0.03,-0.030000001,-49.999996,388.0,5558,0.21289849609375,False,REGULAR,USD,2026-09-30,P
SPY260930P00737000,2026-09-29 18:41:55+00:00,737.0,0.02,0.02,0.03,-0.04,-66.66667,386.0,9949,0.20703917968749996,False,REGULAR,USD,2026-09-30,P
SPY260930P00738000,2026-09-29 18:29:27+00:00,738.0,0.03,0.02,0.03,-0.04,-57.142857,654.0,1420,0.20020331054687499,False,REGULAR,USD,2026-09-30,P
SPY260930P00739000,2026-09-29 18:23:10+00:00,739.0,0.03,0.02,0.03,-0.04,-57.142857,951.0,1829,0.19336744140625,False,REGULAR,USD,2026-09-30,P
SPY260930P00740000,2026-09-29 18:40:35+00:00,740.0,0.03,0.02,0.03,-0.049999997,-62.499996,4893.0,24197,0.187508125,False,REGULAR,USD,2026-09-30,P
SPY260930P00741000,2026-09-29 18:40:31+00:00,741.0,0.03,0.02,0.03,-0.049999997,-62.499996,855.0,2307,0.179695703125,False,REGULAR,USD,2026-09-30,P
SPY260930P00742000,2026-09-29 18:48:46+00:00,742.0,0.04,0.03,0.04,-0.060000002,-66.666664,861.0,1358,0.179695703125,False,REGULAR,USD,2026-09-30,P
SPY260930P00743000,2026-09-29 18:42:58+00:00,743.0,0.03,0.03,0.04,-0.07,-70.0,1513.0,1817,0.17285983398437502,False,REGULAR,USD,2026-09-30,P
SPY260930P00744000,2026-09-29 18:43:46+00:00,744.0,0.03,0.03,0.04,-0.07,-70.0,1141.0,2868,0.16602396484375004,False,REGULAR,USD,2026-09-30,P
SPY260930P00745000,2026-09-29 18:51:07+00:00,745.0,0.03,0.03,0.04,-0.089999996,-69.230774,910.0,13404,0.159188095703125,False,REGULAR,USD,2026-09-30,P
SPY260930P00746000,2026-09-29 18:41:49+00:00,746.0,0.04,0.04,0.05,-0.08,-66.66667,1370.0,3353,0.1562584375,False,REGULAR,USD,2026-09-30,P
SPY260930P00747000,2026-09-29 18:48:46+00:00,747.0,0.05,0.04,0.05,-0.11,-73.33333,1620.0,3537,0.149422568359375,False,REGULAR,USD,2026-09-30,P
SPY260930P00748000,2026-09-29 18:42:52+00:00,748.0,0.06,0.05,0.06,-0.120000005,-66.666664,3098.0,2287,0.14600463378906248,False,REGULAR,USD,2026-09-30,P
SPY260930P00749000,2026-09-29 18:54:24+00:00,749.0,0.06,0.06,0.07,-0.14999999,-68.181816,2236.0,2109,0.141610146484375,False,REGULAR,USD,2026-09-30,P
SPY260930P00750000,2026-09-29 18:53:28+00:00,750.0,0.07,0.07,0.08,-0.18,-69.230774,6922.0,28645,0.13721565917968753,False,REGULAR,USD,2026-09-30,P
SPY260930P00751000,2026-09-29 18:54:24+00:00,751.0,0.09,0.09,0.1,-0.19999999,-66.666664,3141.0,2083,0.13428600097656251,False,REGULAR,USD,2026-09-30,P
SPY260930P00752000,2026-09-29 18:52:57+00:00,752.0,0.11,0.11,0.12,-0.22000001,-62.857143,6276.0,5454,0.13037979003906247,False,REGULAR,USD,2026-09-30,P
SPY260930P00753000,2026-09-29 18:47:50+00:00,753.0,0.17,0.14,0.15,-0.23,-57.5,8861.0,2945,0.1274501318359375,False,REGULAR,USD,2026-09-30,P
SPY260930P00754000,2026-09-29 18:53:27+00:00,754.0,0.18,0.18,0.19,-0.28,-59.574467,14273.0,7486,0.12500875,False,REGULAR,USD,2026-09-30,P
SPY260930P00755000,2026-09-29 18:50:52+00:00,755.0,0.25,0.23,0.24,-0.29000002,-53.703705,14982.0,22666,0.12232322998046877,False,REGULAR,USD,2026-09-30,P
SPY260930P00756000,2026-09-29 18:51:30+00:00,756.0,0.31,0.3,0.31,-0.33999997,-52.30769,9606.0,2931,0.12024805541992187,False,REGULAR,USD,2026-09-30,P
SPY260930P00757000,2026-09-29 18:52:21+00:00,757.0,0.4,0.38,0.39,-0.35999998,-47.368423,10877.0,8221,0.11744046630859376,False,REGULAR,USD,2026-09-30,P
SPY260930P00758000,2026-09-29 18:53:26+00:00,758.0,0.48,0.48,0.49,-0.42,-46.666668,18968.0,5350,0.11463287719726564,False,REGULAR,USD,2026-09-30,P
SPY260930P00759000,2026-09-29 18:53:03+00:00,759.0,0.61,0.63,0.64,-0.46000004,-42.990654,14162.0,1928,0.11353425537109374,False,REGULAR,USD,2026-09-30,P
SPY260930P00760000,2026-09-29 18:53:27+00:00,760.0,0.79,0.78,0.79,-0.45999998,-36.799995,38456.0,17472,0.11023838989257811,False,REGULAR,USD,2026-09-30,P
SPY260930P00761000,2026-09-29 18:54:06+00:00,761.0,1.01,0.99,1.0,-0.48000002,-32.214764,41026.0,48629,0.10822424987792968,False,REGULAR,USD,2026-09-30,P
SPY260930P00762000,2026-09-29 18:53:56+00:00,762.0,1.25,1.25,1.26,-0.52,-29.37853,46582.0,2526,0.10633217895507813,False,REGULAR,USD,2026-09-30,P
SPY260930P00763000,2026-09-29 18:53:58+00:00,763.0,1.54,1.55,1.56,-0.51,-24.87805,50084.0,3520,0.10389079711914062,False,REGULAR,USD,2026-09-30,P
SPY260930P00764000,2026-09-29 18:54:10+00:00,764.0,1.94,1.94,1.95,-0.44000006,-18.487398,48652.0,3578,0.10279217529296875,False,REGULAR,USD,2026-09-30,P
SPY260930P00765000,2026-09-29 18:54:01+00:00,765.0,2.36,2.37,2.38,-0.45000005,-16.014236,39396.0,11842,0.10047286254882812,True,REGULAR,USD,2026-09-30,P
SPY260930P00766000,2026-09-29 18:52:47+00:00,766.0,2.87,2.9,2.92,-0.35000014,-10.86957,16151.0,3631,0.09986251708984376,True,REGULAR,USD,2026-09-30,P
SPY260930P00767000,2026-09-29 18:53:51+00:00,767.0,3.51,3.46,3.47,-0.26999998,-7.1428566,7972.0,3793,0.09656665161132813,True,REGULAR,USD,2026-09-30,P
SPY260930P00768000,2026-09-29 18:50:26+00:00,768.0,4.19,4.15,4.18,-0.099999905,-2.331,5410.0,1798,0.09754320434570313,True,REGULAR,USD,2026-09-30,P
SPY260930P00769000,2026-09-29 18:50:07+00:00,769.0,4.98,4.86,4.89,-0.09000015,-1.7751509,2219.0,3374,0.09510182250976565,True,REGULAR,USD,2026-09-30,P
SPY260930P00770000,2026-09-29 18:53:06+00:00,770.0,5.65,5.69,5.73,0.0,0.0,3755.0,7588,0.0971769970703125,True,REGULAR,USD,2026-09-30,P
SPY260930P00771000,2026-09-29 18:50:24+00:00,771.0,6.59,6.55,6.59,0.49000025,8.032791,1078.0,2164,0.09803148071289064,True,REGULAR,USD,2026-09-30,P
SPY260930P00772000,2026-09-29 18:53:59+00:00,772.0,7.54,7.39,7.58,0.5799999,8.333332,344.0,2052,0.10779700805664064,True,REGULAR,USD,2026-09-30,P
SPY260930P00773000,2026-09-29 18:51:30+00:00,773.0,8.55,8.32,8.43,0.7000003,8.917201,504.0,1558,0.10254803710937499,True,REGULAR,USD,2026-09-30,P
SPY260930P00774000,2026-09-29 18:10:46+00:00,774.0,10.92,9.27,9.49,2.1400003,24.37358,164.0,1253,0.11890529541015624,True,REGULAR,USD,2026-09-30,P
SPY260930P00775000,2026-09-29 18:51:22+00:00,775.0,10.32,10.25,10.7,0.5199995,5.306117,831.0,7378,0.14966670654296876,True,REGULAR,USD,2026-09-30,P
SPY260930P00776000,2026-09-29 18:08:09+00:00,776.0,10.83,11.18,11.61,-0.09000015,-0.8241772,146.0,1142,0.1511315356445313,True,REGULAR,USD,2026-09-30,P
SPY260930P00777000,2026-09-29 18:49:45+00:00,777.0,12.27,12.25,12.68,0.35000038,2.9362447,115.0,600,0.16797707031250003,True,REGULAR,USD,2026-09-30,P
SPY260930P00778000,2026-09-29 18:38:24+00:00,778.0,13.72,13.16,13.67,0.6800003,5.2147264,368.0,149,0.176766044921875,True,REGULAR,USD,2026-09-30,P
SPY260930P00779000,2026-09-29 18:00:00+00:00,779.0,14.03,14.16,14.67,0.15999985,1.1535678,80.0,8,0.186531572265625,True,REGULAR,USD,2026-09-30,P
SPY260930P00780000,2026-09-29 18:41:10+00:00,780.0,14.81,15.24,15.66,-0.19999981,-1.3324437,99.0,47,0.1948322705078125,True,REGULAR,USD,2026-09-30,P
SPY260930P00781000,2026-09-29 18:38:57+00:00,781.0,16.36,16.24,16.67,1.1400003,7.4901466,22.0,2,0.2054522814941406,True,REGULAR,USD,2026-09-30,P
SPY260930P00782000,2026-09-29 18:40:53+00:00,782.0,16.95,17.16,17.67,0.29000092,1.7407018,96.0,50,0.2148516015625,True,REGULAR,USD,2026-09-30,P
SPY260930P00783000,2026-09-29 18:00:00+00:00,783.0,20.09,18.24,18.66,3.0100002,17.622953,17.0,0,0.22290816162109373,True,REGULAR,USD,2026-09-30,P
SPY260930P00784000,2026-09-29 18:00:00+00:00,784.0,21.1,19.2,19.66,2.9300003,16.125483,16.0,0,0.23194127441406248,True,REGULAR,USD,2026-09-30,P
SPY260930P00785000,2026-09-29 18:00:01+00:00,785.0,22.11,20.19,20.66,2.6000004,13.326501,101.0,18,0.24097438720703124,True,REGULAR,USD,2026-09-30,P
SPY260930P00786000,2026-09-29 16:58:35+00:00,786.0,23.23,21.2,21.66,2.75,13.427734,78.0,3,0.2500075,True,REGULAR,USD,2026-09-30,P
SPY260930P00787000,2026-09-29 18:40:55+00:00,787.0,21.89,22.15,22.66,1.25,6.056202,164.0,0,0.25879647460937505,True,REGULAR,USD,2026-09-30,P
SPY260930P00788000,2026-09-28 19:02:34+00:00,788.0,22.71,22.62,24.13,1.0999985,5.090229,1.0,25,0.32044136596679684,True,REGULAR,USD,2026-09-30,P
SPY260930P00789000,2026-09-29 15:18:01+00:00,789.0,25.04,24.09,25.09,2.9800014,13.50862,9.0,0,0.32617861328125,True,REGULAR,USD,2026-09-30,P
SPY260930P00790000,2026-09-29 15:47:22+00:00,790.0,25.8,25.19,26.31,1.5900002,6.567535,251.0,4,0.35718416259765623,True,REGULAR,USD,2026-09-30,P
SPY260930P00791000,2026-09-28 16:32:51+00:00,791.0,23.31,25.98,27.3,0.0,0.0,83.0,0,0.366217275390625,True,REGULAR,USD,2026-09-30,P
SPY260930P00792000,2026-09-28 17:10:11+00:00,792.0,25.37,26.64,28.09,0.0,0.0,162.0,0,0.3548648498535155,True,REGULAR,USD,2026-09-30,P
SPY260930P00793000,2026-09-28 17:52:28+00:00,793.0,25.74,27.61,29.22,0.0,0.0,197.0,0,0.3776917700195312,True,REGULAR,USD,2026-09-30,P
SPY260930P00794000,2026-09-29 14:27:00+00:00,794.0,28.46,28.6,30.22,0.16999817,0.6009126,6.0,0,0.38733522827148437,True,REGULAR,USD,2026-09-30,P
SPY260930P00795000,2026-09-29 14:20:41+00:00,795.0,29.79,29.6,31.13,0.55000114,1.8809888,30.0,0,0.38721315917968746,True,REGULAR,USD,2026-09-30,P
SPY260930P00796000,2026-09-28 18:28:24+00:00,796.0,29.05,30.44,32.09,0.0,0.0,72.0,0,0.3920959228515625,True,REGULAR,USD,2026-09-30,P
SPY260930P00797000,2026-09-28 17:42:23+00:00,797.0,29.82,31.6,33.26,0.0,0.0,50.0,0,0.4198056066894531,True,REGULAR,USD,2026-09-30,P
SPY260930P00798000,2026-09-28 18:20:36+00:00,798.0,30.84,32.6,34.16,0.0,0.0,102.0,0,0.4182187084960937,True,REGULAR,USD,2026-09-30,P
SPY260930P00799000,2026-09-29 16:31:26+00:00,799.0,35.65,33.6,35.15,3.7700024,11.8256035,12.0,0,0.42627526855468756,True,REGULAR,USD,2026-09-30,P
SPY260930P00800000,2026-09-29 18:30:55+00:00,800.0,36.27,34.6,36.19,1.1500015,3.274492,15.0,9,0.43994700683593746,True,REGULAR,USD,2026-09-30,P
SPY260930P00801000,2026-09-29 18:25:00+00:00,801.0,37.11,35.61,37.19,1.3300018,3.7171657,12.0,0,0.4489801196289062,True,REGULAR,USD,2026-09-30,P
SPY260930P00802000,2026-09-29 14:02:11+00:00,802.0,36.72,36.6,38.09,-0.23999786,-0.64934486,34.0,0,0.446294599609375,True,REGULAR,USD,2026-09-30,P
SPY260930P00803000,2026-09-29 15:37:04+00:00,803.0,39.22,37.6,39.16,2.920002,8.044083,144.0,0,0.46362841064453125,True,REGULAR,USD,2026-09-30,P
SPY260930P00804000,2026-09-29 15:58:48+00:00,804.0,40.73,38.6,40.27,1.9399986,5.0012856,232.0,0,0.485356708984375,True,REGULAR,USD,2026-09-30,P
SPY260930P00805000,2026-09-29 17:01:52+00:00,805.0,42.34,39.69,41.19,4.130001,10.808692,84.0,1,0.4848684326171875,True,REGULAR,USD,2026-09-30,P
SPY260930P00806000,2026-09-29 18:44:09+00:00,806.0,41.31,40.6,42.18,2.1400032,5.463373,30.0,0,0.4924367163085938,True,REGULAR,USD,2026-09-30,P
SPY260930P00807000,2026-09-29 14:08:18+00:00,807.0,42.1,41.67,43.18,0.5299988,1.274955,8.0,0,0.5012256909179689,True,REGULAR,USD,2026-09-30,P
SPY260930P00808000,2026-09-29 15:21:13+00:00,808.0,44.84,42.6,44.16,2.3600006,5.5555573,42.0,0,0.5075732836914062,True,REGULAR,USD,2026-09-30,P
SPY260930P00809000,2026-09-29 14:11:03+00:00,809.0,43.87,43.6,45.09,1.6899986,4.0066347,50.0,0,0.5070850073242188,True,REGULAR,USD,2026-09-30,P
SPY260930P00810000,2026-09-29 15:42:19+00:00,810.0,46.38,44.69,46.19,3.130001,7.236997,106.0,1,0.5285691674804689,True,REGULAR,USD,2026-09-30,P
SPY260930P00811000,2026-09-29 14:16:40+00:00,811.0,45.59,45.6,47.18,0.069999695,0.15377788,70.0,0,0.5358933129882812,True,REGULAR,USD,2026-09-30,P
SPY260930P00812000,2026-09-29 14:18:58+00:00,812.0,46.56,46.46,48.18,1.1500015,2.5324852,62.0,0,0.5446822875976562,True,REGULAR,USD,2026-09-30,P
SPY260930P00813000,2026-09-29 18:46:15+00:00,813.0,48.15,47.6,49.26,2.170002,4.7194476,126.0,0,0.5634809277343751,True,REGULAR,USD,2026-09-30,P
SPY260930P00814000,2026-09-29 18:46:47+00:00,814.0,49.2,48.6,50.15,2.2000008,4.680853,94.0,0,0.5576216113281252,True,REGULAR,USD,2026-09-30,P
SPY260930P00815000,2026-09-29 17:01:11+00:00,815.0,52.33,49.55,51.16,4.34,9.0435505,189.0,0,0.567387138671875,True,REGULAR,USD,2026-09-30,P
SPY260930P00816000,2026-09-29 14:28:46+00:00,816.0,50.8,50.6,52.18,1.2399979,2.5020134,12.0,0,0.5786174951171875,True,REGULAR,USD,2026-09-30,P
SPY260930P00817000,2026-09-29 17:09:16+00:00,817.0,54.31,51.67,53.18,3.75,7.41693,58.0,0,0.586918193359375,True,REGULAR,USD,2026-09-30,P
SPY260930P00818000,2026-09-29 14:32:04+00:00,818.0,52.47,52.44,54.09,0.90999985,1.7649337,30.0,0,0.5825237060546875,True,REGULAR,USD,2026-09-30,P
SPY260930P00819000,2026-09-29 18:47:20+00:00,819.0,53.48,53.59,55.09,0.91999817,1.7503769,118.0,0,0.5908244042968751,True,REGULAR,USD,2026-09-30,P
SPY260930P00820000,2026-09-29 17:11:14+00:00,820.0,57.17,54.55,56.16,3.579998,6.6803474,92.0,0,0.6091347680664063,True,REGULAR,USD,2026-09-30,P
SPY260930P00821000,2026-09-29 14:46:31+00:00,821.0,55.97,55.5,57.26,1.4099998,2.5843105,72.0,0,0.6311072045898438,True,REGULAR,USD,2026-09-30,P
SPY260930P00822000,2026-09-29 14:53:51+00:00,822.0,56.61,56.67,58.18,1.0499992,1.8898474,108.0,0,0.6284216845703126,True,REGULAR,USD,2026-09-30,P
SPY260930P00823000,2026-09-29 14:56:54+00:00,823.0,57.59,57.45,59.09,1.0299988,1.8210728,54.0,0,0.6232947827148438,True,REGULAR,USD,2026-09-30,P
SPY260930P00824000,2026-09-29 14:58:15+00:00,824.0,58.72,58.67,60.18,1.1599998,2.015288,22.0,0,0.6447789428710937,True,REGULAR,USD,2026-09-30,P
SPY260930P00825000,2026-09-29 16:20:33+00:00,825.0,61.77,59.55,61.16,4.3100014,7.5008726,90.0,2,0.6499058447265625,True,REGULAR,USD,2026-09-30,P
SPY260930P00826000,2026-09-29 16:56:23+00:00,826.0,63.31,60.6,62.26,4.7299995,8.074427,40.0,0,0.5039112109375,True,REGULAR,USD,2026-09-30,P
SPY260930P00827000,2026-09-29 15:07:20+00:00,827.0,62.75,61.6,63.15,2.9799995,4.985778,106.0,0,0.6645541357421877,True,REGULAR,USD,2026-09-30,P
SPY260930P00828000,2026-09-29 15:10:50+00:00,828.0,63.89,62.68,64.18,3.209999,5.290045,70.0,0,0.516606396484375,True,REGULAR,USD,2026-09-30,P
SPY260930P00829000,2026-09-29 15:12:14+00:00,829.0,65.17,63.68,65.26,3.3899994,5.4872117,24.0,0,0.5376022802734376,True,REGULAR,USD,2026-09-30,P
SPY260930P00831000,2026-09-29 15:17:46+00:00,831.0,67.01,65.6,67.26,7.970001,13.499325,72.0,0,0.5366257275390626,True,REGULAR,USD,2026-09-30,P
SPY260930P00833000,2026-09-29 15:19:58+00:00,833.0,69.61,67.69,69.18,7.1000023,11.358187,32.0,0,0.551762294921875,True,REGULAR,USD,2026-09-30,P
SPY260930P00845000,2026-09-29 17:23:53+00:00,845.0,82.24,79.6,81.13,4.419998,5.6797714,154.0,0,0.59570716796875,True,REGULAR,USD,2026-09-30,P
SPY260930P00849000,2026-09-29 17:18:12+00:00,849.0,86.45,83.6,85.26,3.399994,4.0939116,86.0,0,0.6523472265625001,True,REGULAR,USD,2026-09-30,P
SPY260930P00850000,2026-09-29 18:53:22+00:00,850.0,85.23,84.8,86.08,1.890007,2.2667394,389.0,1,0.6630893066406252,True,REGULAR,USD,2026-09-30,P
SPY260930P00851000,2026-09-29 16:25:55+00:00,851.0,87.81,85.45,87.18,3.399994,4.0279512,40.0,0,0.5996133789062501,True,REGULAR,USD,2026-09-30,P
SPY260930P00855000,2026-09-29 17:32:15+00:00,855.0,91.96,89.6,91.08,3.6500015,4.133169,116.0,0,0.64062859375,True,REGULAR,USD,2026-09-30,P
SPY260930P00870000,2026-09-29 17:53:05+00:00,870.0,107.14,104.6,106.28,5.949997,5.8800244,88.0,0,0.7851583984375,True,REGULAR,USD,2026-09-30,P
SPY260930P00885000,2026-09-29 17:59:21+00:00,885.0,122.48,119.6,121.18,2.390007,1.9901799,46.0,0,0.8457046679687499,True,REGULAR,USD,2026-09-30,P
SPY260930P00895000,2026-09-29 18:06:10+00:00,895.0,131.33,129.54,131.09,1.7700043,1.3661658,48.0,0,0.84179845703125,True,REGULAR,USD,2026-09-30,P
SPY260930P00900000,2026-09-29 18:09:00+00:00,900.0,136.65,134.48,136.09,2.1399994,1.5909594,48.0,0,0.8320329296874999,True,REGULAR,USD,2026-09-30,P
SPY261001C00630000,2026-09-29 18:41:11+00:00,630.0,135.42,134.02,135.52,-5.9400024,-4.2020392,16.0,10,1.1147505200195313,True,REGULAR,USD,2026-10-01,C
SPY261001C00635000,2026-09-29 18:36:34+00:00,635.0,129.21,128.95,130.63,-3.369995,-2.5418577,36.0,9,0.6562534375000001,True,REGULAR,USD,2026-10-01,C
SPY261001C00640000,2026-09-29 18:44:58+00:00,640.0,125.04,124.03,125.6,-2.540001,-1.9909084,67.0,18,0.70312796875,True,REGULAR,USD,2026-10-01,C
SPY261001C00645000,2026-09-29 18:33:40+00:00,645.0,118.97,119.03,120.5,-7.5899963,-5.997153,18.0,14,0.9946289599609376,True,REGULAR,USD,2026-10-01,C
SPY261001C00650000,2026-09-29 18:01:24+00:00,650.0,113.82,114.04,115.55,-3.790001,-3.2225158,36.0,20,0.5937540625000001,True,REGULAR,USD,2026-10-01,C
SPY261001C00655000,2026-09-29 18:30:35+00:00,655.0,107.46,109.11,110.54,-5.739998,-5.070669,40.0,57,0.6347692773437501,True,REGULAR,USD,2026-10-01,C
SPY261001C00660000,2026-09-29 18:30:17+00:00,660.0,104.28,104.04,105.54,-3.3099976,-3.0764918,44.0,41,0.523442265625,True,REGULAR,USD,2026-10-01,C
SPY261001C00665000,2026-09-29 17:51:15+00:00,665.0,98.23,99.08,100.51,-4.8499985,-4.705082,14.0,38,0.5195360546875,True,REGULAR,USD,2026-10-01,C
SPY261001C00670000,2026-09-29 18:30:05+00:00,670.0,94.14,94.12,95.51,-1.7700043,-1.8454845,36.0,52,0.5351608984375,True,REGULAR,USD,2026-10-01,C
SPY261001C00675000,2026-09-29 15:09:23+00:00,675.0,88.54,89.09,90.56,-2.7699966,-3.0336182,282.0,68,0.523442265625,True,REGULAR,USD,2026-10-01,C
SPY261001C00680000,2026-09-29 16:01:54+00:00,680.0,83.24,84.05,85.56,-4.4500046,-5.0747,354.0,80,0.7399928344726561,True,REGULAR,USD,2026-10-01,C
SPY261001C00685000,2026-09-29 17:40:45+00:00,685.0,78.42,79.09,80.58,-3.540001,-4.3191814,64.0,55,0.7050810742187501,True,REGULAR,USD,2026-10-01,C
SPY261001C00690000,2026-09-29 16:18:17+00:00,690.0,74.0,74.07,75.62,-2.9100037,-3.7836478,160.0,77,0.6733431103515627,True,REGULAR,USD,2026-10-01,C
SPY261001C00695000,2026-09-29 16:35:03+00:00,695.0,68.5,69.09,70.56,-4.040001,-5.569342,190.0,73,0.6254920263671876,True,REGULAR,USD,2026-10-01,C
SPY261001C00700000,2026-09-29 16:35:00+00:00,700.0,63.47,64.16,65.58,-3.1900024,-4.785482,108.0,56,0.5900919897460939,True,REGULAR,USD,2026-10-01,C
SPY261001C00705000,2026-09-29 18:43:19+00:00,705.0,60.05,59.14,60.52,-1.420002,-2.3100731,251.0,85,0.5429733203125001,True,REGULAR,USD,2026-10-01,C
SPY261001C00710000,2026-09-29 18:49:32+00:00,710.0,54.88,54.31,55.53,-1.0599976,-1.895222,312.0,132,0.5061084545898438,True,REGULAR,USD,2026-10-01,C
SPY261001C00715000,2026-09-29 18:43:12+00:00,715.0,50.03,49.31,50.53,-4.420002,-8.117542,208.0,31,0.46753462158203124,True,REGULAR,USD,2026-10-01,C
SPY261001C00718000,2026-09-29 18:07:08+00:00,718.0,46.44,46.32,47.53,-2.8300018,-5.743864,248.0,103,0.44434149414062496,True,REGULAR,USD,2026-10-01,C
SPY261001C00719000,2026-09-29 18:11:12+00:00,719.0,44.4,45.07,46.53,-7.8499985,-15.023921,278.0,77,0.436529072265625,True,REGULAR,USD,2026-10-01,C
SPY261001C00720000,2026-09-29 18:06:44+00:00,720.0,43.93,44.32,45.54,-4.579998,-9.441349,140.0,78,0.4299373413085938,True,REGULAR,USD,2026-10-01,C
SPY261001C00721000,2026-09-29 18:05:00+00:00,721.0,42.95,43.32,44.54,-3.6499977,-7.832613,56.0,75,0.42212491943359376,True,REGULAR,USD,2026-10-01,C
SPY261001C00722000,2026-09-29 18:04:39+00:00,722.0,41.92,42.14,43.54,-6.390003,-13.227081,78.0,67,0.41431249755859373,True,REGULAR,USD,2026-10-01,C
SPY261001C00723000,2026-09-29 18:04:28+00:00,723.0,40.72,41.14,42.66,-3.75,-8.432651,30.0,82,0.42017181396484377,True,REGULAR,USD,2026-10-01,C
SPY261001C00724000,2026-09-29 18:10:16+00:00,724.0,39.45,40.57,41.59,-3.540001,-8.234475,144.0,106,0.40430283203125,True,REGULAR,USD,2026-10-01,C
SPY261001C00725000,2026-09-29 18:12:12+00:00,725.0,38.35,39.57,40.04,-5.2400017,-12.02111,119.0,121,0.31641308593749995,True,REGULAR,USD,2026-10-01,C
SPY261001C00726000,2026-09-29 18:20:08+00:00,726.0,38.07,38.3,39.58,-3.2200012,-7.798501,116.0,86,0.3874572973632812,True,REGULAR,USD,2026-10-01,C
SPY261001C00727000,2026-09-29 18:04:48+00:00,727.0,36.91,37.32,38.57,-5.0999985,-12.139963,194.0,87,0.37842418457031246,True,REGULAR,USD,2026-10-01,C
SPY261001C00728000,2026-09-29 18:31:10+00:00,728.0,36.11,36.58,37.12,-8.360001,-18.79919,214.0,156,0.31055376953124997,True,REGULAR,USD,2026-10-01,C
SPY261001C00729000,2026-09-29 18:18:10+00:00,729.0,35.03,35.16,36.55,-2.1800003,-5.858641,109.0,100,0.3601138208007812,True,REGULAR,USD,2026-10-01,C
SPY261001C00730000,2026-09-29 18:38:56+00:00,730.0,34.85,34.56,35.6,-2.1200027,-5.7343864,85.0,276,0.35742830078125,True,REGULAR,USD,2026-10-01,C
SPY261001C00731000,2026-09-29 18:31:28+00:00,731.0,32.94,33.58,34.6,-2.0800018,-5.9394684,54.0,104,0.3493717407226562,True,REGULAR,USD,2026-10-01,C
SPY261001C00732000,2026-09-29 18:50:37+00:00,732.0,32.84,32.59,33.05,-7.3199997,-18.22709,197.0,132,0.2700268310546875,True,REGULAR,USD,2026-10-01,C
SPY261001C00733000,2026-09-29 17:41:02+00:00,733.0,30.48,31.58,32.61,-5.450001,-15.168385,54.0,130,0.33411310424804685,True,REGULAR,USD,2026-10-01,C
SPY261001C00734000,2026-09-29 18:36:47+00:00,734.0,30.3,30.59,31.09,-8.040001,-20.970268,118.0,204,0.26319096191406255,True,REGULAR,USD,2026-10-01,C
SPY261001C00735000,2026-09-29 18:14:58+00:00,735.0,29.02,29.59,30.62,-2.9399986,-9.198996,153.0,304,0.3186103295898437,True,REGULAR,USD,2026-10-01,C
SPY261001C00736000,2026-09-29 18:42:42+00:00,736.0,29.14,28.59,29.14,-2.6800003,-8.422377,206.0,222,0.2563550927734375,True,REGULAR,USD,2026-10-01,C
SPY261001C00737000,2026-09-29 18:54:05+00:00,737.0,28.01,27.6,28.63,-0.27000046,-1.0150393,43.0,178,0.30298548583984375,True,REGULAR,USD,2026-10-01,C
SPY261001C00738000,2026-09-29 18:53:16+00:00,738.0,27.01,26.93,27.39,-2.709999,-9.118436,326.0,91,0.27149166015625,True,REGULAR,USD,2026-10-01,C
SPY261001C00739000,2026-09-29 18:46:00+00:00,739.0,26.39,25.09,26.48,-6.010002,-18.549389,246.0,83,0.27246821289062495,True,REGULAR,USD,2026-10-01,C
SPY261001C00740000,2026-09-29 18:45:15+00:00,740.0,25.11,24.61,25.31,-1.9699993,-7.2747393,86.0,191,0.24732197998046873,True,REGULAR,USD,2026-10-01,C
SPY261001C00741000,2026-09-29 17:27:49+00:00,741.0,22.45,23.62,24.61,-2.2699986,-9.182842,26.0,196,0.26770751831054684,True,REGULAR,USD,2026-10-01,C
SPY261001C00742000,2026-09-29 18:02:31+00:00,742.0,21.84,22.62,23.65,-3.17,-12.67493,170.0,182,0.26258061645507813,True,REGULAR,USD,2026-10-01,C
SPY261001C00743000,2026-09-29 17:33:17+00:00,743.0,20.57,21.64,22.13,-4.2800007,-17.223343,79.0,129,0.20337710693359373,True,REGULAR,USD,2026-10-01,C
SPY261001C00744000,2026-09-29 17:47:26+00:00,744.0,19.79,20.65,21.18,-3.9199982,-16.533102,148.0,240,0.20191227783203125,True,REGULAR,USD,2026-10-01,C
SPY261001C00745000,2026-09-29 18:44:47+00:00,745.0,19.9,19.67,20.2,-2.7600002,-12.180055,88.0,403,0.196297099609375,True,REGULAR,USD,2026-10-01,C
SPY261001C00746000,2026-09-29 17:05:18+00:00,746.0,17.23,18.69,19.14,-2.540001,-12.847754,78.0,399,0.18189294677734374,True,REGULAR,USD,2026-10-01,C
SPY261001C00747000,2026-09-29 18:50:41+00:00,747.0,17.93,17.72,18.19,-6.699999,-27.202595,246.0,409,0.179695703125,True,REGULAR,USD,2026-10-01,C
SPY261001C00748000,2026-09-29 18:53:22+00:00,748.0,17.18,16.75,17.71,-0.69999886,-3.9215624,328.0,195,0.21436332519531248,True,REGULAR,USD,2026-10-01,C
SPY261001C00749000,2026-09-29 18:53:38+00:00,749.0,16.15,15.79,16.78,-1.8800011,-10.444449,183.0,248,0.21009090698242186,True,REGULAR,USD,2026-10-01,C
SPY261001C00750000,2026-09-29 17:19:57+00:00,750.0,13.34,14.97,15.28,-6.1499996,-31.55464,155.0,441,0.16407085937500002,True,REGULAR,USD,2026-10-01,C
SPY261001C00751000,2026-09-29 18:22:01+00:00,751.0,13.11,13.88,14.3,-3.6800013,-21.917814,83.0,200,0.1573570593261719,True,REGULAR,USD,2026-10-01,C
SPY261001C00752000,2026-09-29 18:07:10+00:00,752.0,12.65,12.84,13.9,-4.9400005,-28.084143,145.0,125,0.18909502319335939,True,REGULAR,USD,2026-10-01,C
SPY261001C00753000,2026-09-29 16:35:18+00:00,753.0,11.21,11.98,12.49,-2.0100002,-15.204238,46.0,234,0.15393912475585939,True,REGULAR,USD,2026-10-01,C
SPY261001C00754000,2026-09-29 18:46:49+00:00,754.0,11.52,11.11,11.52,-0.9199991,-7.395491,168.0,211,0.14673704833984375,True,REGULAR,USD,2026-10-01,C
SPY261001C00755000,2026-09-29 18:30:12+00:00,755.0,9.79,10.22,10.65,-2.0100002,-17.033901,157.0,561,0.14515015014648439,True,REGULAR,USD,2026-10-01,C
SPY261001C00756000,2026-09-29 17:35:21+00:00,756.0,8.6,9.28,9.72,-2.4899998,-22.452658,255.0,287,0.1392908337402344,True,REGULAR,USD,2026-10-01,C
SPY261001C00757000,2026-09-29 17:58:40+00:00,757.0,7.72,8.52,8.9,-2.1399999,-21.703854,103.0,278,0.1384973846435547,True,REGULAR,USD,2026-10-01,C
SPY261001C00758000,2026-09-29 18:47:53+00:00,758.0,7.84,7.73,8.1,-1.1099997,-12.402231,84.0,426,0.1373377282714844,True,REGULAR,USD,2026-10-01,C
SPY261001C00759000,2026-09-29 18:51:24+00:00,759.0,7.14,7.11,7.28,-1.23,-14.695341,280.0,922,0.1339808282470703,True,REGULAR,USD,2026-10-01,C
SPY261001C00760000,2026-09-29 18:51:20+00:00,760.0,6.42,6.35,6.42,-1.1399999,-15.079363,629.0,918,0.12787737365722657,True,REGULAR,USD,2026-10-01,C
SPY261001C00761000,2026-09-29 18:44:27+00:00,761.0,5.73,5.62,5.68,-1.1799998,-17.076698,501.0,640,0.1256190954589844,True,REGULAR,USD,2026-10-01,C
SPY261001C00762000,2026-09-29 18:54:09+00:00,762.0,4.94,4.95,4.99,-1.1300001,-18.616146,2592.0,315,0.12391012817382813,True,REGULAR,USD,2026-10-01,C
SPY261001C00763000,2026-09-29 18:53:38+00:00,763.0,4.29,4.27,4.31,-1.0799999,-20.11173,8911.0,487,0.12104150451660156,True,REGULAR,USD,2026-10-01,C
SPY261001C00764000,2026-09-29 18:53:36+00:00,764.0,3.7,3.68,3.7,-0.99,-21.108742,9080.0,395,0.11914943359374999,True,REGULAR,USD,2026-10-01,C
SPY261001C00765000,2026-09-29 18:54:18+00:00,765.0,3.14,3.14,3.15,-0.97,-23.600973,21115.0,1204,0.11780667358398436,False,REGULAR,USD,2026-10-01,C
SPY261001C00766000,2026-09-29 18:54:04+00:00,766.0,2.61,2.6,2.62,-0.9100001,-25.852276,10237.0,1087,0.11536529174804688,False,REGULAR,USD,2026-10-01,C
SPY261001C00767000,2026-09-29 18:54:02+00:00,767.0,2.18,2.17,2.19,-0.8499999,-28.052803,7054.0,1619,0.11469391174316407,False,REGULAR,USD,2026-10-01,C
SPY261001C00768000,2026-09-29 18:53:15+00:00,768.0,1.8,1.77,1.78,-0.77,-29.96109,3898.0,1225,0.11292390991210938,False,REGULAR,USD,2026-10-01,C
SPY261001C00769000,2026-09-29 18:54:08+00:00,769.0,1.44,1.44,1.45,-0.72,-33.333332,3749.0,1328,0.11231356445312499,False,REGULAR,USD,2026-10-01,C
SPY261001C00770000,2026-09-29 18:53:49+00:00,770.0,1.15,1.15,1.16,-0.64,-35.754192,8488.0,2355,0.11145908081054687,False,REGULAR,USD,2026-10-01,C
SPY261001C00771000,2026-09-29 18:50:36+00:00,771.0,0.92,0.92,0.93,-0.53000003,-36.551727,1656.0,763,0.11145908081054687,False,REGULAR,USD,2026-10-01,C
SPY261001C00772000,2026-09-29 18:53:24+00:00,772.0,0.75,0.73,0.75,-0.44000006,-37.28814,1838.0,1713,0.11206942626953123,False,REGULAR,USD,2026-10-01,C
SPY261001C00773000,2026-09-29 18:51:32+00:00,773.0,0.58,0.57,0.59,-0.40000004,-40.81633,999.0,662,0.11219149536132811,False,REGULAR,USD,2026-10-01,C
SPY261001C00774000,2026-09-29 18:52:40+00:00,774.0,0.45,0.45,0.47,-0.36,-44.444443,1446.0,589,0.11292390991210938,False,REGULAR,USD,2026-10-01,C
SPY261001C00775000,2026-09-29 18:52:59+00:00,775.0,0.37,0.35,0.36,-0.25,-40.32258,3104.0,2531,0.1128018408203125,False,REGULAR,USD,2026-10-01,C
SPY261001C00776000,2026-09-29 18:53:06+00:00,776.0,0.29,0.28,0.29,-0.21000001,-42.0,843.0,1025,0.11438873901367189,False,REGULAR,USD,2026-10-01,C
SPY261001C00777000,2026-09-29 18:52:47+00:00,777.0,0.23,0.22,0.23,-0.15999998,-42.10526,894.0,1761,0.11548736083984376,False,REGULAR,USD,2026-10-01,C
SPY261001C00778000,2026-09-29 18:45:46+00:00,778.0,0.19,0.17,0.18,-0.120000005,-38.70968,936.0,932,0.11646391357421876,False,REGULAR,USD,2026-10-01,C
SPY261001C00779000,2026-09-29 18:53:46+00:00,779.0,0.15,0.14,0.15,-0.08,-33.333336,2460.0,1834,0.11914943359374999,False,REGULAR,USD,2026-10-01,C
SPY261001C00780000,2026-09-29 18:51:31+00:00,780.0,0.12,0.11,0.12,-0.07,-38.888885,1765.0,2928,0.1206142626953125,False,REGULAR,USD,2026-10-01,C
SPY261001C00781000,2026-09-29 18:42:24+00:00,781.0,0.12,0.09,0.1,-0.04,-25.0,283.0,1641,0.12305564453125001,False,REGULAR,USD,2026-10-01,C
SPY261001C00782000,2026-09-29 18:53:50+00:00,782.0,0.08,0.08,0.09,-0.049999997,-33.33333,642.0,13630,0.12696185546875,False,REGULAR,USD,2026-10-01,C
SPY261001C00783000,2026-09-29 18:43:18+00:00,783.0,0.08,0.06,0.07,-0.020000003,-20.000002,1091.0,1680,0.127938408203125,False,REGULAR,USD,2026-10-01,C
SPY261001C00784000,2026-09-29 18:41:51+00:00,784.0,0.07,0.06,0.07,-0.020000003,-22.222223,262.0,2052,0.133797724609375,False,REGULAR,USD,2026-10-01,C
SPY261001C00785000,2026-09-29 18:50:27+00:00,785.0,0.06,0.05,0.06,0.0,0.0,308.0,1444,0.1362391064453125,False,REGULAR,USD,2026-10-01,C
SPY261001C00786000,2026-09-29 18:53:29+00:00,786.0,0.04,0.04,0.05,-0.050000004,-50.0,295.0,1084,0.13868048828125001,False,REGULAR,USD,2026-10-01,C
SPY261001C00787000,2026-09-29 18:53:50+00:00,787.0,0.04,0.04,0.05,-0.010000002,-20.000002,165.0,1366,0.143563251953125,False,REGULAR,USD,2026-10-01,C
SPY261001C00788000,2026-09-29 18:40:24+00:00,788.0,0.04,0.03,0.04,-0.010000002,-20.000002,149.0,492,0.1445398046875,False,REGULAR,USD,2026-10-01,C
SPY261001C00789000,2026-09-29 18:53:35+00:00,789.0,0.04,0.03,0.04,-0.030000001,-49.999996,20.0,569,0.15039912109375003,False,REGULAR,USD,2026-10-01,C
SPY261001C00790000,2026-09-29 18:06:50+00:00,790.0,0.03,0.03,0.04,0.0,0.0,202.0,787,0.15528188476562502,False,REGULAR,USD,2026-10-01,C
SPY261001C00791000,2026-09-29 16:30:11+00:00,791.0,0.03,0.02,0.03,-0.01,-25.0,34.0,1603,0.15528188476562502,False,REGULAR,USD,2026-10-01,C
SPY261001C00792000,2026-09-29 18:49:12+00:00,792.0,0.02,0.02,0.03,-0.01,-25.0,55.0,765,0.1601646484375,False,REGULAR,USD,2026-10-01,C
SPY261001C00793000,2026-09-29 18:28:52+00:00,793.0,0.02,0.02,0.03,-0.01,-33.333336,4.0,257,0.165047412109375,False,REGULAR,USD,2026-10-01,C
SPY261001C00794000,2026-09-29 16:36:26+00:00,794.0,0.02,0.02,0.03,-0.07000001,-77.77779,20.0,333,0.16993017578125003,False,REGULAR,USD,2026-10-01,C
SPY261001C00795000,2026-09-29 17:24:43+00:00,795.0,0.02,0.02,0.03,0.0,0.0,180.0,493,0.1757894921875,False,REGULAR,USD,2026-10-01,C
SPY261001C00796000,2026-09-29 13:40:48+00:00,796.0,0.03,0.02,0.03,0.0,0.0,2.0,999,0.179695703125,False,REGULAR,USD,2026-10-01,C
SPY261001C00797000,2026-09-29 17:06:18+00:00,797.0,0.03,0.02,0.03,0.0,0.0,40.0,153,0.18555501953124998,False,REGULAR,USD,2026-10-01,C
SPY261001C00798000,2026-09-29 18:29:13+00:00,798.0,0.02,0.01,0.02,0.0,0.0,27.0,268,0.18164880859375,False,REGULAR,USD,2026-10-01,C
SPY261001C00799000,2026-09-29 15:18:35+00:00,799.0,0.02,0.01,0.02,-0.04,-66.66667,2.0,174,0.18555501953124998,False,REGULAR,USD,2026-10-01,C
SPY261001C00800000,2026-09-29 15:29:32+00:00,800.0,0.02,0.01,0.02,0.01,100.0,620.0,4308,0.1914143359375,False,REGULAR,USD,2026-10-01,C
SPY261001C00801000,2026-09-24 19:13:27+00:00,801.0,0.05,0.01,0.02,0.0,0.0,45.0,53,0.195320546875,False,REGULAR,USD,2026-10-01,C
SPY261001C00802000,2026-09-29 15:02:16+00:00,802.0,0.02,0.01,0.02,-0.02,-50.0,3.0,53,0.20117986328124998,False,REGULAR,USD,2026-10-01,C
SPY261001C00803000,2026-09-28 13:35:39+00:00,803.0,0.03,0.01,0.02,0.0,0.0,2.0,91,0.20508607421874997,False,REGULAR,USD,2026-10-01,C
SPY261001C00804000,2026-09-29 13:51:06+00:00,804.0,0.01,0.01,0.02,-0.01,-50.0,1.0,467,0.21094539062499998,False,REGULAR,USD,2026-10-01,C
SPY261001C00805000,2026-09-28 15:13:13+00:00,805.0,0.02,0.01,0.02,0.0,0.0,6.0,31,0.2148516015625,False,REGULAR,USD,2026-10-01,C
SPY261001C00806000,2026-09-24 16:36:40+00:00,806.0,0.04,0.01,0.02,0.0,0.0,30.0,30,0.21875781249999998,False,REGULAR,USD,2026-10-01,C
SPY261001C00807000,2026-09-28 13:32:06+00:00,807.0,0.02,0.01,0.02,0.0,0.0,240.0,294,0.22266402343749997,False,REGULAR,USD,2026-10-01,C
SPY261001C00808000,2026-09-28 17:20:28+00:00,808.0,0.02,0.01,0.02,0.0,0.0,41.0,110,0.22852333984375,False,REGULAR,USD,2026-10-01,C
SPY261001C00809000,2026-09-28 15:35:42+00:00,809.0,0.01,0.01,0.02,0.0,0.0,214.0,261,0.23242955078125,False,REGULAR,USD,2026-10-01,C
SPY261001C00810000,2026-09-28 15:36:08+00:00,810.0,0.02,0.01,0.02,0.0,0.0,11.0,202,0.23828886718749998,False,REGULAR,USD,2026-10-01,C
SPY261001C00815000,2026-09-29 14:41:39+00:00,815.0,0.02,0.01,0.02,0.0,0.0,23.0,115,0.25977302734375,False,REGULAR,USD,2026-10-01,C
SPY261001C00820000,2026-09-29 18:46:52+00:00,820.0,0.01,0.0,0.01,0.0,0.0,465.0,163,0.26563234375,False,REGULAR,USD,2026-10-01,C
SPY261001C00825000,2026-09-28 16:59:04+00:00,825.0,0.01,0.0,0.01,0.0,0.0,12.0,73,0.28516339843749994,False,REGULAR,USD,2026-10-01,C
SPY261001C00830000,2026-09-29 13:51:26+00:00,830.0,0.01,0.0,0.01,0.0,0.0,110.0,83,0.304694453125,False,REGULAR,USD,2026-10-01,C
SPY261001C00835000,2026-09-25 17:45:16+00:00,835.0,0.02,0.0,0.01,0.0,0.0,20.0,18,0.32813171874999997,False,REGULAR,USD,2026-10-01,C
SPY261001C00840000,2026-09-25 18:49:14+00:00,840.0,0.01,0.0,0.01,0.0,0.0,1.0,4,0.3437565625,False,REGULAR,USD,2026-10-01,C
SPY261001C00845000,2026-09-24 17:35:56+00:00,845.0,0.01,0.0,0.01,0.0,0.0,,642,0.367193828125,False,REGULAR,USD,2026-10-01,C
SPY261001C00850000,2026-09-25 19:54:51+00:00,850.0,0.02,0.0,0.01,0.0,0.0,5.0,6,0.38281867187499996,False,REGULAR,USD,2026-10-01,C
SPY261001C00855000,2026-09-24 13:38:05+00:00,855.0,0.01,0.0,0.01,0.0,0.0,,1,0.4062559375,False,REGULAR,USD,2026-10-01,C
SPY261001C00870000,2026-09-21 19:02:39+00:00,870.0,0.01,0.0,0.01,0.0,0.0,,142,0.46094289062500005,False,REGULAR,USD,2026-10-01,C
SPY261001C00880000,2026-09-22 14:17:54+00:00,880.0,0.01,0.0,0.01,0.0,0.0,,1,0.500005,False,REGULAR,USD,2026-10-01,C
SPY261001C00895000,2026-09-22 18:08:53+00:00,895.0,0.01,0.0,0.01,0.0,0.0,,5,0.5312546875,False,REGULAR,USD,2026-10-01,C
SPY261001C00900000,2026-09-25 18:05:30+00:00,900.0,0.01,0.0,0.01,0.0,0.0,1.0,10,0.5468795312500001,False,REGULAR,USD,2026-10-01,C
SPY261001C00920000,2026-09-25 18:04:16+00:00,920.0,0.01,0.0,0.01,0.0,0.0,1.0,1,0.6093789062500001,False,REGULAR,USD,2026-10-01,C
SPY261001P00550000,2026-09-22 14:12:15+00:00,550.0,0.02,0.0,0.01,0.0,0.0,,10,1.0625046875000002,False,REGULAR,USD,2026-10-01,P
SPY261001P00555000,2026-09-22 19:25:48+00:00,555.0,0.01,0.0,0.01,0.0,0.0,,12,1.0312548437500002,False,REGULAR,USD,2026-10-01,P
SPY261001P00565000,2026-09-21 17:28:56+00:00,565.0,0.02,0.0,0.01,0.0,0.0,,2033,0.9687503125,False,REGULAR,USD,2026-10-01,P
SPY261001P00570000,2026-09-24 15:44:16+00:00,570.0,0.01,0.0,0.01,0.0,0.0,240.0,2271,0.9531254687499999,False,REGULAR,USD,2026-10-01,P
SPY261001P00575000,2026-09-21 16:53:40+00:00,575.0,0.03,0.0,0.01,0.0,0.0,,5,0.937500625,False,REGULAR,USD,2026-10-01,P
SPY261001P00580000,2026-09-24 15:48:26+00:00,580.0,0.01,0.0,0.01,0.0,0.0,,315,0.9062509375,False,REGULAR,USD,2026-10-01,P
SPY261001P00585000,2026-09-24 19:58:29+00:00,585.0,0.01,0.0,0.01,0.0,0.0,,60,0.87500125,False,REGULAR,USD,2026-10-01,P
SPY261001P00590000,2026-09-18 15:22:11+00:00,590.0,0.04,0.0,0.01,0.0,0.0,1.0,1,0.8437515624999999,False,REGULAR,USD,2026-10-01,P
SPY261001P00595000,2026-09-22 18:41:58+00:00,595.0,0.02,0.0,0.01,0.0,0.0,,160,0.8125018749999999,False,REGULAR,USD,2026-10-01,P
SPY261001P00615000,2026-09-25 13:49:15+00:00,615.0,0.01,0.0,0.01,0.0,0.0,20.0,25,0.7187528125,False,REGULAR,USD,2026-10-01,P
SPY261001P00620000,2026-09-25 14:54:23+00:00,620.0,0.02,0.0,0.01,0.0,0.0,10.0,11,0.6875031250000001,False,REGULAR,USD,2026-10-01,P
SPY261001P00625000,2026-09-25 19:25:36+00:00,625.0,0.01,0.0,0.01,0.0,0.0,5.0,5,0.6718782812500002,False,REGULAR,USD,2026-10-01,P
SPY261001P00630000,2026-09-25 19:44:49+00:00,630.0,0.01,0.0,0.01,0.0,0.0,26.0,25,0.64062859375,False,REGULAR,USD,2026-10-01,P
SPY261001P00635000,2026-09-25 17:30:58+00:00,635.0,0.01,0.0,0.01,0.0,0.0,1.0,2,0.6250037500000001,False,REGULAR,USD,2026-10-01,P
SPY261001P00640000,2026-09-28 19:23:54+00:00,640.0,0.01,0.0,0.01,0.0,0.0,127.0,134,0.5937540625000001,False,REGULAR,USD,2026-10-01,P
SPY261001P00645000,2026-09-28 13:39:26+00:00,645.0,0.01,0.0,0.01,0.0,0.0,255.0,249,0.57812921875,False,REGULAR,USD,2026-10-01,P
SPY261001P00650000,2026-09-28 13:36:51+00:00,650.0,0.02,0.0,0.01,0.0,0.0,12.0,17,0.5468795312500001,False,REGULAR,USD,2026-10-01,P
SPY261001P00655000,2026-09-24 16:27:58+00:00,655.0,0.03,0.0,0.01,0.0,0.0,,24,0.5312546875,False,REGULAR,USD,2026-10-01,P
SPY261001P00660000,2026-09-29 15:20:58+00:00,660.0,0.01,0.0,0.01,-0.02,-66.66667,2.0,119,0.500005,False,REGULAR,USD,2026-10-01,P
SPY261001P00665000,2026-09-29 15:57:26+00:00,665.0,0.01,0.0,0.01,0.0,0.0,242.0,9066,0.500005,False,REGULAR,USD,2026-10-01,P
SPY261001P00670000,2026-09-29 16:23:01+00:00,670.0,0.01,0.0,0.01,-0.07,-87.5,245.0,1,0.476567734375,False,REGULAR,USD,2026-10-01,P
SPY261001P00675000,2026-09-29 13:45:51+00:00,675.0,0.01,0.01,0.02,-0.080000006,-88.88889,2.0,1,0.48438015625,False,REGULAR,USD,2026-10-01,P
SPY261001P00680000,2026-09-25 19:47:53+00:00,680.0,0.01,0.01,0.02,0.0,0.0,28.0,31,0.45703667968750006,False,REGULAR,USD,2026-10-01,P
SPY261001P00685000,2026-09-28 20:03:36+00:00,685.0,0.02,0.01,0.02,0.0,0.0,91.0,46,0.42969320312500003,False,REGULAR,USD,2026-10-01,P
SPY261001P00690000,2026-09-28 19:43:12+00:00,690.0,0.03,0.01,0.02,0.0,0.0,10.0,39,0.4062559375,False,REGULAR,USD,2026-10-01,P
SPY261001P00695000,2026-09-29 16:02:42+00:00,695.0,0.03,0.01,0.02,0.0,0.0,3.0,216,0.3789124609375,False,REGULAR,USD,2026-10-01,P
SPY261001P00700000,2026-09-29 18:45:04+00:00,700.0,0.03,0.02,0.03,0.0,0.0,146.0,440,0.367193828125,False,REGULAR,USD,2026-10-01,P
SPY261001P00705000,2026-09-29 15:29:49+00:00,705.0,0.02,0.02,0.03,-0.02,-50.0,57.0,26,0.34180345703125,False,REGULAR,USD,2026-10-01,P
SPY261001P00710000,2026-09-29 17:25:28+00:00,710.0,0.03,0.02,0.03,-0.01,-25.0,23.0,191,0.31445998046874996,False,REGULAR,USD,2026-10-01,P
SPY261001P00715000,2026-09-29 18:26:42+00:00,715.0,0.03,0.02,0.03,-0.01,-25.0,718.0,1100,0.28711650390624993,False,REGULAR,USD,2026-10-01,P
SPY261001P00718000,2026-09-29 15:05:19+00:00,718.0,0.03,0.02,0.03,-0.03,-50.0,2.0,27,0.27149166015625,False,REGULAR,USD,2026-10-01,P
SPY261001P00719000,2026-09-29 13:39:03+00:00,719.0,0.04,0.02,0.03,-0.010000002,-20.000002,15.0,172,0.26563234375,False,REGULAR,USD,2026-10-01,P
SPY261001P00720000,2026-09-29 18:53:12+00:00,720.0,0.04,0.03,0.04,0.0,0.0,22.0,1020,0.2695385546875,False,REGULAR,USD,2026-10-01,P
SPY261001P00721000,2026-09-29 17:45:41+00:00,721.0,0.04,0.03,0.04,-0.010000002,-20.000002,219.0,1222,0.26367923828125,False,REGULAR,USD,2026-10-01,P
SPY261001P00722000,2026-09-24 14:51:52+00:00,722.0,0.22,0.03,0.04,0.0,0.0,6.0,110,0.257819921875,False,REGULAR,USD,2026-10-01,P
SPY261001P00723000,2026-09-29 15:25:36+00:00,723.0,0.04,0.03,0.04,-0.089999996,-69.230774,35.0,335,0.252937158203125,False,REGULAR,USD,2026-10-01,P
SPY261001P00724000,2026-09-29 15:13:03+00:00,724.0,0.04,0.03,0.04,-0.050000004,-55.555557,112.0,84,0.24805439453125,False,REGULAR,USD,2026-10-01,P
SPY261001P00725000,2026-09-29 18:33:37+00:00,725.0,0.04,0.03,0.04,-0.02,-33.333336,21.0,649,0.242195078125,False,REGULAR,USD,2026-10-01,P
SPY261001P00726000,2026-09-29 15:27:55+00:00,726.0,0.05,0.03,0.04,-0.009999998,-16.666662,20.0,310,0.23633576171874998,False,REGULAR,USD,2026-10-01,P
SPY261001P00727000,2026-09-29 18:53:06+00:00,727.0,0.03,0.03,0.04,-0.089999996,-75.0,100.0,410,0.2304764453125,False,REGULAR,USD,2026-10-01,P
SPY261001P00728000,2026-09-29 18:28:45+00:00,728.0,0.04,0.03,0.04,-0.04,-50.0,82.0,79,0.225593681640625,False,REGULAR,USD,2026-10-01,P
SPY261001P00729000,2026-09-29 18:44:24+00:00,729.0,0.04,0.03,0.04,-0.030000001,-42.857143,10.0,298,0.21973436523437498,False,REGULAR,USD,2026-10-01,P
SPY261001P00730000,2026-09-29 18:46:43+00:00,730.0,0.03,0.04,0.05,-0.049999997,-62.499996,10.0,1026,0.22071091796874998,False,REGULAR,USD,2026-10-01,P
SPY261001P00731000,2026-09-29 18:28:36+00:00,731.0,0.04,0.04,0.05,-0.089999996,-69.230774,173.0,822,0.2148516015625,False,REGULAR,USD,2026-10-01,P
SPY261001P00732000,2026-09-29 18:28:27+00:00,732.0,0.05,0.04,0.05,-0.040000003,-44.444447,1081.0,177,0.20899228515624996,False,REGULAR,USD,2026-10-01,P
SPY261001P00733000,2026-09-29 18:28:25+00:00,733.0,0.05,0.04,0.05,-0.05,-50.0,842.0,307,0.20313296874999998,False,REGULAR,USD,2026-10-01,P
SPY261001P00734000,2026-09-29 18:20:07+00:00,734.0,0.05,0.04,0.05,-0.029999997,-37.499996,84.0,327,0.19727365234375,False,REGULAR,USD,2026-10-01,P
SPY261001P00735000,2026-09-29 18:51:56+00:00,735.0,0.05,0.04,0.05,-0.05,-50.0,2633.0,986,0.1914143359375,False,REGULAR,USD,2026-10-01,P
SPY261001P00736000,2026-09-29 18:45:38+00:00,736.0,0.05,0.05,0.06,-0.05,-50.0,3789.0,417,0.19043778320312502,False,REGULAR,USD,2026-10-01,P
SPY261001P00737000,2026-09-29 18:27:23+00:00,737.0,0.06,0.05,0.06,-0.040000003,-40.000004,969.0,1059,0.18457846679687498,False,REGULAR,USD,2026-10-01,P
SPY261001P00738000,2026-09-29 18:27:20+00:00,738.0,0.06,0.05,0.06,-0.06,-50.0,71.0,545,0.178719150390625,False,REGULAR,USD,2026-10-01,P
SPY261001P00739000,2026-09-29 18:15:58+00:00,739.0,0.08,0.06,0.07,-0.060000002,-42.857143,88.0,646,0.176766044921875,False,REGULAR,USD,2026-10-01,P
SPY261001P00740000,2026-09-29 18:50:12+00:00,740.0,0.07,0.06,0.07,-0.059999995,-42.857143,53.0,895,0.17090672851562502,False,REGULAR,USD,2026-10-01,P
SPY261001P00741000,2026-09-29 18:15:17+00:00,741.0,0.09,0.06,0.07,-0.049999997,-35.714283,164.0,2460,0.165047412109375,False,REGULAR,USD,2026-10-01,P
SPY261001P00742000,2026-09-29 18:44:31+00:00,742.0,0.08,0.08,0.09,-0.11,-57.894737,123.0,1106,0.165047412109375,False,REGULAR,USD,2026-10-01,P
SPY261001P00743000,2026-09-29 18:44:23+00:00,743.0,0.08,0.08,0.09,-0.120000005,-60.0,279.0,1166,0.15869981933593752,False,REGULAR,USD,2026-10-01,P
SPY261001P00744000,2026-09-29 18:40:51+00:00,744.0,0.09,0.09,0.1,-0.11999999,-57.142853,212.0,331,0.15479360839843753,False,REGULAR,USD,2026-10-01,P
SPY261001P00745000,2026-09-29 18:39:56+00:00,745.0,0.11,0.11,0.12,-0.120000005,-52.173912,466.0,1207,0.15332877929687502,False,REGULAR,USD,2026-10-01,P
SPY261001P00746000,2026-09-29 18:53:36+00:00,746.0,0.13,0.12,0.13,-0.15,-48.3871,141.0,796,0.14869015380859374,False,REGULAR,USD,2026-10-01,P
SPY261001P00747000,2026-09-29 18:23:19+00:00,747.0,0.18,0.14,0.15,-0.13,-41.935482,400.0,836,0.14576049560546872,False,REGULAR,USD,2026-10-01,P
SPY261001P00748000,2026-09-29 18:54:01+00:00,748.0,0.17,0.17,0.18,-0.19000001,-50.000004,852.0,654,0.14380739013671873,False,REGULAR,USD,2026-10-01,P
SPY261001P00749000,2026-09-29 18:43:25+00:00,749.0,0.21,0.2,0.21,-0.2,-48.780487,657.0,1391,0.14112187011718752,False,REGULAR,USD,2026-10-01,P
SPY261001P00750000,2026-09-29 18:53:50+00:00,750.0,0.26,0.24,0.25,-0.20000002,-44.444447,1804.0,2376,0.13892462646484377,False,REGULAR,USD,2026-10-01,P
SPY261001P00751000,2026-09-29 18:11:21+00:00,751.0,0.48,0.28,0.29,-0.049999982,-9.433959,604.0,637,0.13599496826171875,False,REGULAR,USD,2026-10-01,P
SPY261001P00752000,2026-09-29 18:35:01+00:00,752.0,0.37,0.34,0.35,-0.23000002,-38.333336,3172.0,3554,0.13428600097656251,False,REGULAR,USD,2026-10-01,P
SPY261001P00753000,2026-09-29 18:51:08+00:00,753.0,0.42,0.42,0.43,-0.22999999,-35.384613,1034.0,534,0.1331873791503906,False,REGULAR,USD,2026-10-01,P
SPY261001P00754000,2026-09-29 18:48:12+00:00,754.0,0.55,0.49,0.51,-0.26,-32.098766,1531.0,1069,0.13086806640624998,False,REGULAR,USD,2026-10-01,P
SPY261001P00755000,2026-09-29 18:52:45+00:00,755.0,0.61,0.59,0.61,-0.28999996,-32.222218,1874.0,3837,0.12903703002929687,False,REGULAR,USD,2026-10-01,P
SPY261001P00756000,2026-09-29 18:52:55+00:00,756.0,0.72,0.71,0.73,-0.32999992,-31.428566,741.0,432,0.12732806274414063,False,REGULAR,USD,2026-10-01,P
SPY261001P00757000,2026-09-29 18:43:39+00:00,757.0,0.87,0.85,0.87,-0.33000004,-27.500002,1401.0,1198,0.12537495727539064,False,REGULAR,USD,2026-10-01,P
SPY261001P00758000,2026-09-29 18:52:14+00:00,758.0,1.05,1.02,1.04,-0.33000004,-23.913046,3496.0,1031,0.12384909362792969,False,REGULAR,USD,2026-10-01,P
SPY261001P00759000,2026-09-29 18:53:45+00:00,759.0,1.23,1.22,1.24,-0.36,-22.641508,1232.0,785,0.12232322998046877,False,REGULAR,USD,2026-10-01,P
SPY261001P00760000,2026-09-29 18:53:35+00:00,760.0,1.44,1.44,1.45,-0.3599999,-20.111727,9295.0,2736,0.11988184814453123,False,REGULAR,USD,2026-10-01,P
SPY261001P00761000,2026-09-29 18:53:05+00:00,761.0,1.7,1.69,1.71,-0.30999994,-15.422883,2600.0,1363,0.11805081176757812,False,REGULAR,USD,2026-10-01,P
SPY261001P00762000,2026-09-29 18:52:48+00:00,762.0,2.0,1.99,2.01,-0.3599999,-15.254233,4700.0,871,0.11628080993652344,False,REGULAR,USD,2026-10-01,P
SPY261001P00763000,2026-09-29 18:51:20+00:00,763.0,2.37,2.34,2.36,-0.27000022,-10.227281,7726.0,1708,0.1147549462890625,False,REGULAR,USD,2026-10-01,P
SPY261001P00764000,2026-09-29 18:52:34+00:00,764.0,2.77,2.74,2.75,-0.27999997,-9.180326,8335.0,4721,0.11304597900390626,False,REGULAR,USD,2026-10-01,P
SPY261001P00765000,2026-09-29 18:52:53+00:00,765.0,3.16,3.16,3.18,-0.25,-7.331378,15294.0,2540,0.11097080444335936,True,REGULAR,USD,2026-10-01,P
SPY261001P00766000,2026-09-29 18:53:10+00:00,766.0,3.62,3.66,3.7,-0.3000002,-7.653066,2213.0,1086,0.11023838989257811,True,REGULAR,USD,2026-10-01,P
SPY261001P00767000,2026-09-29 18:53:41+00:00,767.0,4.24,4.21,4.25,-0.03000021,-0.70258105,3232.0,2602,0.1087125262451172,True,REGULAR,USD,2026-10-01,P
SPY261001P00768000,2026-09-29 18:53:10+00:00,768.0,4.76,4.8,4.85,-0.12999964,-2.6584795,443.0,1894,0.10700355895996094,True,REGULAR,USD,2026-10-01,P
SPY261001P00769000,2026-09-29 18:33:25+00:00,769.0,6.12,5.47,5.53,0.60999966,11.070774,538.0,437,0.106454248046875,True,REGULAR,USD,2026-10-01,P
SPY261001P00770000,2026-09-29 18:46:53+00:00,770.0,6.19,6.17,6.29,0.05000019,0.81433535,812.0,2314,0.10743080078125,True,REGULAR,USD,2026-10-01,P
SPY261001P00771000,2026-09-29 18:29:09+00:00,771.0,7.65,6.96,7.32,0.73,10.549133,67.0,640,0.11975977905273436,True,REGULAR,USD,2026-10-01,P
SPY261001P00772000,2026-09-29 18:50:23+00:00,772.0,7.89,7.76,8.11,0.4699998,6.3342285,282.0,664,0.11963770996093749,True,REGULAR,USD,2026-10-01,P
SPY261001P00773000,2026-09-29 18:44:21+00:00,773.0,8.69,8.53,9.04,0.54999924,6.7567472,159.0,499,0.12574116455078127,True,REGULAR,USD,2026-10-01,P
SPY261001P00774000,2026-09-29 18:10:41+00:00,774.0,10.79,9.5,9.91,1.3900003,14.787238,26.0,509,0.1274501318359375,True,REGULAR,USD,2026-10-01,P
SPY261001P00775000,2026-09-29 17:51:03+00:00,775.0,12.04,10.37,10.84,2.1899996,22.233498,217.0,750,0.13196668823242189,True,REGULAR,USD,2026-10-01,P
SPY261001P00776000,2026-09-29 18:51:45+00:00,776.0,11.5,11.3,11.78,0.9899998,8.975518,258.0,226,0.13648324462890626,True,REGULAR,USD,2026-10-01,P
SPY261001P00777000,2026-09-29 18:46:52+00:00,777.0,12.34,12.26,12.65,0.6100006,5.2003465,108.0,221,0.13477427734375003,True,REGULAR,USD,2026-10-01,P
SPY261001P00778000,2026-09-29 18:34:39+00:00,778.0,14.2,13.19,13.71,1.5900002,12.609042,71.0,216,0.14771360107421877,True,REGULAR,USD,2026-10-01,P
SPY261001P00779000,2026-09-29 18:51:02+00:00,779.0,14.35,14.16,14.7,0.78999996,5.8259587,42.0,449,0.15479360839843753,True,REGULAR,USD,2026-10-01,P
SPY261001P00780000,2026-09-29 18:54:11+00:00,780.0,15.29,15.19,15.63,0.3800001,2.5401077,135.0,316,0.1563805065917969,True,REGULAR,USD,2026-10-01,P
SPY261001P00781000,2026-09-29 14:19:44+00:00,781.0,15.85,15.7,16.68,2.5600004,19.262606,1.0,2,0.1687094848632813,True,REGULAR,USD,2026-10-01,P
SPY261001P00782000,2026-09-29 18:51:24+00:00,782.0,17.31,16.67,17.83,2.0699997,13.467792,1445.0,0,0.1895832995605469,True,REGULAR,USD,2026-10-01,P
SPY261001P00783000,2026-09-29 18:48:22+00:00,783.0,18.52,17.71,19.21,0.5,2.7746947,28.0,0,0.22632609619140626,True,REGULAR,USD,2026-10-01,P
SPY261001P00784000,2026-09-28 19:06:51+00:00,784.0,21.09,18.67,19.68,3.630001,20.790386,3.0,0,0.1914143359375,True,REGULAR,USD,2026-10-01,P
SPY261001P00785000,2026-09-29 17:53:03+00:00,785.0,22.15,20.19,20.67,4.199999,23.398321,6.0,4,0.1977619287109375,True,REGULAR,USD,2026-10-01,P
SPY261001P00786000,2026-09-29 17:58:57+00:00,786.0,23.56,21.14,21.67,4.26,22.072542,17.0,0,0.20508607421874997,True,REGULAR,USD,2026-10-01,P
SPY261001P00787000,2026-09-29 17:07:15+00:00,787.0,24.49,21.67,22.68,5.6900005,30.265963,78.0,0,0.2133867724609375,True,REGULAR,USD,2026-10-01,P
SPY261001P00788000,2026-09-28 17:45:30+00:00,788.0,20.75,22.66,24.13,0.0,0.0,71.0,0,0.2617261328125,True,REGULAR,USD,2026-10-01,P
SPY261001P00789000,2026-09-28 18:30:50+00:00,789.0,22.1,23.67,25.18,0.0,0.0,97.0,0,0.2735668347167969,True,REGULAR,USD,2026-10-01,P
SPY261001P00790000,2026-09-29 18:02:38+00:00,790.0,26.53,25.13,25.68,3.75,16.461807,12.0,0,0.23511507080078126,True,REGULAR,USD,2026-10-01,P
SPY261001P00791000,2026-09-29 14:42:00+00:00,791.0,26.05,25.6,27.18,0.9699993,3.867621,1.0,0,0.28955788574218744,True,REGULAR,USD,2026-10-01,P
SPY261001P00792000,2026-09-28 16:31:09+00:00,792.0,23.72,26.6,28.13,0.0,0.0,46.0,0,0.29321995849609367,True,REGULAR,USD,2026-10-01,P
SPY261001P00793000,2026-09-28 17:02:05+00:00,793.0,26.16,27.6,29.09,0.0,0.0,58.0,0,0.2973703076171874,True,REGULAR,USD,2026-10-01,P
SPY261001P00794000,2026-09-28 17:17:40+00:00,794.0,26.05,28.44,30.09,0.0,0.0,58.0,0,0.3050606604003906,True,REGULAR,USD,2026-10-01,P
SPY261001P00795000,2026-09-28 16:28:15+00:00,795.0,25.73,29.6,31.16,0.0,0.0,30.0,0,0.3188544677734374,True,REGULAR,USD,2026-10-01,P
SPY261001P00796000,2026-09-29 14:24:01+00:00,796.0,30.97,30.6,32.09,3.6399994,13.318695,42.0,0,0.32019722778320303,True,REGULAR,USD,2026-10-01,P
SPY261001P00797000,2026-09-29 13:36:48+00:00,797.0,31.49,31.47,33.09,2.6999989,9.378252,2.0,0,0.3276434423828125,True,REGULAR,USD,2026-10-01,P
SPY261001P00798000,2026-09-28 16:26:11+00:00,798.0,29.79,32.6,34.09,0.0,0.0,26.0,0,0.3350896569824219,True,REGULAR,USD,2026-10-01,P
SPY261001P00799000,2026-09-28 18:54:20+00:00,799.0,32.12,33.5,35.09,0.0,0.0,46.0,0,0.3425358715820312,True,REGULAR,USD,2026-10-01,P
SPY261001P00800000,2026-09-29 18:43:23+00:00,800.0,35.21,34.64,36.19,3.0499992,9.483829,286.0,0,0.3591372680664062,True,REGULAR,USD,2026-10-01,P
SPY261001P00801000,2026-09-29 14:04:27+00:00,801.0,36.15,35.66,37.18,4.210001,13.180967,36.0,0,0.3657289990234375,True,REGULAR,USD,2026-10-01,P
SPY261001P00802000,2026-09-29 18:11:17+00:00,802.0,38.88,36.39,38.09,3.6100006,10.235329,320.0,0,0.36426416992187505,True,REGULAR,USD,2026-10-01,P
SPY261001P00803000,2026-09-29 18:13:34+00:00,803.0,39.76,37.5,39.08,3.9299965,10.9684515,24.0,0,0.3706117626953125,True,REGULAR,USD,2026-10-01,P
SPY261001P00804000,2026-09-29 18:16:54+00:00,804.0,40.22,38.47,40.09,2.5800018,6.854415,110.0,0,0.3786683227539062,True,REGULAR,USD,2026-10-01,P
SPY261001P00805000,2026-09-29 18:47:22+00:00,805.0,39.47,39.59,41.14,-0.2199974,-0.5542893,88.0,0,0.39087523193359375,True,REGULAR,USD,2026-10-01,P
SPY261001P00806000,2026-09-29 18:24:58+00:00,806.0,42.12,40.66,42.18,1.5499992,3.8205552,76.0,0,0.40210558837890625,True,REGULAR,USD,2026-10-01,P
SPY261001P00807000,2026-09-29 18:48:57+00:00,807.0,42.41,41.6,43.09,1.6399994,4.022564,316.0,0,0.40015248291015626,True,REGULAR,USD,2026-10-01,P
SPY261001P00808000,2026-09-29 18:27:47+00:00,808.0,44.06,42.46,44.09,2.2299995,5.331101,24.0,0,0.40698835205078127,True,REGULAR,USD,2026-10-01,P
SPY261001P00809000,2026-09-29 18:51:54+00:00,809.0,44.37,43.6,45.2,1.3999977,3.2580817,46.0,0,0.4255428540039063,True,REGULAR,USD,2026-10-01,P
SPY261001P00810000,2026-09-29 18:53:40+00:00,810.0,45.31,44.54,46.09,0.5400009,1.2077856,75.0,0,0.4211483666992188,True,REGULAR,USD,2026-10-01,P
SPY261001P00815000,2026-09-29 18:36:11+00:00,815.0,51.02,49.6,51.23,2.1000023,4.2927275,76.0,0,0.47095255615234377,True,REGULAR,USD,2026-10-01,P
SPY261001P00820000,2026-09-29 18:53:57+00:00,820.0,55.26,54.46,56.09,0.7599983,1.3860993,37.0,0,0.48901878173828134,True,REGULAR,USD,2026-10-01,P
SPY261001P00825000,2026-09-29 18:40:45+00:00,825.0,60.11,59.6,61.15,1.1199989,1.898625,182.0,0,0.5295457202148439,True,REGULAR,USD,2026-10-01,P
SPY261001P00835000,2026-09-29 18:44:02+00:00,835.0,70.25,69.66,71.27,1.0699997,1.5466894,40.0,0,0.6093789062500001,True,REGULAR,USD,2026-10-01,P
SPY261001P00845000,2026-09-29 18:49:24+00:00,845.0,80.33,79.5,81.11,1.25,1.5806777,40.0,0,0.6513706738281251,True,REGULAR,USD,2026-10-01,P
SPY261001P00850000,2026-09-29 18:50:51+00:00,850.0,85.5,84.6,86.09,1.5699997,1.8706061,14.0,0,0.5019581054687501,True,REGULAR,USD,2026-10-01,P
SPY261001P00860000,2026-09-29 18:54:18+00:00,860.0,95.24,94.5,96.09,1.0699997,1.1360013,22.0,0,0.51758294921875,True,REGULAR,USD,2026-10-01,P
SPY261001P00865000,2026-09-29 18:54:25+00:00,865.0,100.3,99.5,101.11,1.2300034,1.2221814,9.0,0,0.5468795312500001,True,REGULAR,USD,2026-10-01,P
SPY261002C00500000,2026-09-29 17:17:12+00:00,500.0,263.01,264.1,265.75,1.4400024,0.55052274,38.0,2,1.5585959570312498,True,REGULAR,USD,2026-10-02,C
SPY261002C00505000,2026-09-01 17:00:31+00:00,505.0,257.92,259.15,260.75,0.0,0.0,,0,1.5507834960937497,True,REGULAR,USD,2026-10-02,C
SPY261002C00510000,2026-09-01 17:00:31+00:00,510.0,252.94,254.23,255.75,0.0,0.0,,0,1.5546897265624997,True,REGULAR,USD,2026-10-02,C
SPY261002C00515000,2026-09-01 17:00:31+00:00,515.0,247.95,249.23,250.8,0.0,0.0,,0,1.541017919921875,True,REGULAR,USD,2026-10-02,C
SPY261002C00520000,2026-09-11 15:23:13+00:00,520.0,245.73,244.11,245.8,0.0,0.0,2.0,0,1.455080849609375,True,REGULAR,USD,2026-10-02,C
SPY261002C00580000,2026-09-11 19:42:35+00:00,580.0,185.28,184.12,185.83,0.0,0.0,,0,1.091801416015625,True,REGULAR,USD,2026-10-02,C
SPY261002C00585000,2026-09-29 17:29:08+00:00,585.0,178.57,179.09,180.8,0.040008545,0.022409985,38.0,36,1.040043862304688,True,REGULAR,USD,2026-10-02,C
SPY261002C00590000,2026-09-29 16:46:58+00:00,590.0,173.21,174.23,175.87,1.5200043,0.88531905,46.0,0,1.0732468212890627,True,REGULAR,USD,2026-10-02,C
SPY261002C00595000,2026-09-29 16:17:24+00:00,595.0,168.51,169.26,170.81,-2.3400116,-1.3696293,8.0,1,1.0351610742187503,True,REGULAR,USD,2026-10-02,C
SPY261002C00600000,2026-09-29 17:29:34+00:00,600.0,163.52,164.16,165.8,-3.9199982,-2.341136,107.0,30,0.973633076171875,True,REGULAR,USD,2026-10-02,C
SPY261002C00605000,2026-09-29 18:42:05+00:00,605.0,160.56,159.32,160.84,-1.8899994,-1.1634345,36.0,4,0.9951172363281251,True,REGULAR,USD,2026-10-02,C
SPY261002C00610000,2026-09-29 18:42:42+00:00,610.0,155.36,154.27,155.82,-2.0399933,-1.2960567,78.0,2,0.948242705078125,True,REGULAR,USD,2026-10-02,C
SPY261002C00615000,2026-09-29 18:42:59+00:00,615.0,150.41,149.29,150.79,-2.9100037,-1.8979934,64.0,2,0.9160164648437501,True,REGULAR,USD,2026-10-02,C
SPY261002C00620000,2026-09-29 18:43:20+00:00,620.0,145.19,144.3,145.73,-2.0599976,-1.3989797,154.0,26,0.8740246972656249,True,REGULAR,USD,2026-10-02,C
SPY261002C00625000,2026-09-29 18:41:43+00:00,625.0,140.42,139.33,140.79,-1.6199951,-1.1405205,183.0,8,0.8642591699218749,True,REGULAR,USD,2026-10-02,C
SPY261002C00630000,2026-09-29 18:41:24+00:00,630.0,135.59,134.35,135.79,-0.8500061,-0.62298894,186.0,9,0.8378922460937499,True,REGULAR,USD,2026-10-02,C
SPY261002C00635000,2026-09-29 18:41:09+00:00,635.0,130.61,129.26,130.74,-0.9600067,-0.72965467,68.0,13,0.778322529296875,True,REGULAR,USD,2026-10-02,C
SPY261002C00640000,2026-09-29 18:28:07+00:00,640.0,124.45,124.34,125.73,-2.1399994,-1.6904964,150.0,9,0.764650791015625,True,REGULAR,USD,2026-10-02,C
SPY261002C00645000,2026-09-29 18:40:52+00:00,645.0,120.47,119.31,120.76,-2.1699982,-1.7694049,180.0,13,0.735354208984375,True,REGULAR,USD,2026-10-02,C
SPY261002C00650000,2026-09-29 18:40:17+00:00,650.0,115.42,114.32,115.8,-1.6699982,-1.4262518,198.0,39,0.7153348779296875,True,REGULAR,USD,2026-10-02,C
SPY261002C00655000,2026-09-29 18:17:41+00:00,655.0,109.17,109.37,110.81,-1.9400024,-1.7460196,170.0,19,0.6958038232421876,True,REGULAR,USD,2026-10-02,C
SPY261002C00660000,2026-09-29 18:38:01+00:00,660.0,104.56,104.33,105.78,-2.4300003,-2.2712407,139.0,19,0.6547886083984377,True,REGULAR,USD,2026-10-02,C
SPY261002C00665000,2026-09-29 18:16:31+00:00,665.0,99.29,99.37,100.78,-2.5999985,-2.55177,110.0,10,0.631839619140625,True,REGULAR,USD,2026-10-02,C
SPY261002C00670000,2026-09-29 18:38:43+00:00,670.0,94.95,94.29,95.76,-1.5200043,-1.5756238,115.0,27,0.586918193359375,True,REGULAR,USD,2026-10-02,C
SPY261002C00675000,2026-09-29 18:38:21+00:00,675.0,89.63,89.38,90.81,-2.4300003,-2.6395833,126.0,20,0.579105771484375,True,REGULAR,USD,2026-10-02,C
SPY261002C00680000,2026-09-29 18:15:16+00:00,680.0,84.76,84.4,85.78,-2.3600006,-2.7089078,134.0,16,0.5483443603515626,True,REGULAR,USD,2026-10-02,C
SPY261002C00685000,2026-09-29 18:14:50+00:00,685.0,79.17,79.35,80.76,-1.9100037,-2.3557026,305.0,70,0.5092822509765625,True,REGULAR,USD,2026-10-02,C
SPY261002C00690000,2026-09-29 18:14:22+00:00,690.0,74.24,74.68,75.77,-2.2000046,-2.8780801,554.0,41,0.5190477783203125,True,REGULAR,USD,2026-10-02,C
SPY261002C00695000,2026-09-29 18:02:54+00:00,695.0,68.95,69.36,70.78,-3.8300018,-5.2624373,200.0,84,0.5695843823242188,True,REGULAR,USD,2026-10-02,C
SPY261002C00700000,2026-09-29 18:40:55+00:00,700.0,65.57,64.81,65.78,-0.40000153,-0.6063385,335.0,622,0.5351608984375,True,REGULAR,USD,2026-10-02,C
SPY261002C00705000,2026-09-29 18:08:33+00:00,705.0,59.05,59.38,60.79,-1.8300018,-3.005916,612.0,108,0.5018360363769532,True,REGULAR,USD,2026-10-02,C
SPY261002C00710000,2026-09-29 18:06:47+00:00,710.0,54.24,54.82,55.29,-2.3400002,-4.135737,296.0,291,0.4062559375,True,REGULAR,USD,2026-10-02,C
SPY261002C00715000,2026-09-29 18:51:17+00:00,715.0,50.21,49.83,50.85,-0.87000275,-1.7028825,270.0,261,0.4379939013671875,True,REGULAR,USD,2026-10-02,C
SPY261002C00720000,2026-09-29 18:24:26+00:00,720.0,44.6,44.84,45.34,-1.3199997,-2.874564,784.0,116,0.3491276025390625,True,REGULAR,USD,2026-10-02,C
SPY261002C00721000,2026-09-29 18:29:14+00:00,721.0,43.49,43.84,44.35,-2.0,-4.3965707,224.0,213,0.34400070068359373,True,REGULAR,USD,2026-10-02,C
SPY261002C00722000,2026-09-29 17:53:48+00:00,722.0,41.84,42.84,43.4,-2.0499992,-4.6707664,202.0,283,0.3435124243164062,True,REGULAR,USD,2026-10-02,C
SPY261002C00723000,2026-09-29 18:27:46+00:00,723.0,41.47,41.84,42.35,-1.4300003,-3.333334,98.0,281,0.331061376953125,True,REGULAR,USD,2026-10-02,C
SPY261002C00724000,2026-09-29 18:27:27+00:00,724.0,40.47,40.85,41.88,-2.2799988,-5.3333306,128.0,207,0.3765931481933594,True,REGULAR,USD,2026-10-02,C
SPY261002C00725000,2026-09-29 18:15:13+00:00,725.0,39.32,39.85,40.36,-1.5299988,-3.745407,524.0,157,0.31909860595703116,True,REGULAR,USD,2026-10-02,C
SPY261002C00726000,2026-09-29 18:26:42+00:00,726.0,38.51,38.85,39.35,-1.5700035,-3.9171743,58.0,220,0.3112861840820312,True,REGULAR,USD,2026-10-02,C
SPY261002C00727000,2026-09-29 18:25:41+00:00,727.0,37.49,37.57,38.89,-1.1599998,-3.0012932,94.0,58,0.3557193334960937,True,REGULAR,USD,2026-10-02,C
SPY261002C00728000,2026-09-29 17:49:20+00:00,728.0,35.69,36.86,37.33,-1.9700012,-5.2310176,44.0,404,0.295905478515625,True,REGULAR,USD,2026-10-02,C
SPY261002C00729000,2026-09-29 18:23:07+00:00,729.0,35.89,35.86,36.33,-1.7799988,-4.7252426,312.0,149,0.2893137475585937,True,REGULAR,USD,2026-10-02,C
SPY261002C00730000,2026-09-29 18:21:34+00:00,730.0,34.62,34.86,35.9,-1.8199997,-4.9945107,78.0,409,0.33447931152343746,True,REGULAR,USD,2026-10-02,C
SPY261002C00731000,2026-09-29 18:20:44+00:00,731.0,33.47,33.87,34.34,-2.4199982,-6.7428203,86.0,143,0.27735097656249996,True,REGULAR,USD,2026-10-02,C
SPY261002C00732000,2026-09-29 18:19:52+00:00,732.0,32.43,32.87,33.92,-1.8499985,-5.3967285,99.0,136,0.32129584960937496,True,REGULAR,USD,2026-10-02,C
SPY261002C00733000,2026-09-29 14:10:52+00:00,733.0,32.6,31.89,32.92,-0.83000183,-2.4828053,14.0,130,0.3138496350097656,True,REGULAR,USD,2026-10-02,C
SPY261002C00734000,2026-09-29 17:37:33+00:00,734.0,29.84,30.89,31.92,-1.9799995,-6.2225003,44.0,186,0.3064034204101562,True,REGULAR,USD,2026-10-02,C
SPY261002C00735000,2026-09-29 14:49:00+00:00,735.0,30.5,29.89,30.44,-0.4300003,-1.390237,50.0,148,0.2602613037109375,True,REGULAR,USD,2026-10-02,C
SPY261002C00736000,2026-09-29 18:40:52+00:00,736.0,29.6,28.84,29.95,-0.7099991,-2.3424582,4.0,92,0.2934640966796874,True,REGULAR,USD,2026-10-02,C
SPY261002C00737000,2026-09-29 16:44:23+00:00,737.0,26.51,27.64,28.95,-3.0,-10.166045,2.0,93,0.2858958129882812,True,REGULAR,USD,2026-10-02,C
SPY261002C00738000,2026-09-29 16:43:30+00:00,738.0,25.71,26.93,27.39,-2.3000011,-8.211357,32.0,199,0.23511507080078126,True,REGULAR,USD,2026-10-02,C
SPY261002C00739000,2026-09-29 18:09:36+00:00,739.0,24.83,25.64,26.97,-2.5599995,-9.346475,133.0,121,0.27197993652343744,True,REGULAR,USD,2026-10-02,C
SPY261002C00740000,2026-09-29 18:27:58+00:00,740.0,24.61,25.25,25.69,-1.4499989,-5.5640783,139.0,299,0.245124736328125,True,REGULAR,USD,2026-10-02,C
SPY261002C00741000,2026-09-29 17:08:29+00:00,741.0,22.4,23.7,24.99,-3.0900002,-12.122401,80.0,52,0.2576978527832031,True,REGULAR,USD,2026-10-02,C
SPY261002C00742000,2026-09-29 18:37:52+00:00,742.0,22.83,22.7,24.01,-1.6299992,-6.6639376,284.0,105,0.25110612182617187,True,REGULAR,USD,2026-10-02,C
SPY261002C00743000,2026-09-29 18:48:56+00:00,743.0,22.24,22.01,22.47,-1.2299995,-5.2407312,238.0,231,0.2067950415039062,True,REGULAR,USD,2026-10-02,C
SPY261002C00744000,2026-09-29 18:07:52+00:00,744.0,20.38,21.05,22.06,-1.4300003,-6.556627,10.0,451,0.23828886718749998,True,REGULAR,USD,2026-10-02,C
SPY261002C00745000,2026-09-29 18:34:58+00:00,745.0,19.65,20.09,20.56,-1.9400005,-8.985644,44.0,913,0.19873848144531248,True,REGULAR,USD,2026-10-02,C
SPY261002C00746000,2026-09-29 16:21:55+00:00,746.0,17.89,19.12,19.59,-2.130001,-10.639366,31.0,386,0.19336744140625,True,REGULAR,USD,2026-10-02,C
SPY261002C00747000,2026-09-29 18:41:02+00:00,747.0,18.85,18.18,18.65,-0.789999,-4.0223985,59.0,788,0.18970536865234378,True,REGULAR,USD,2026-10-02,C
SPY261002C00748000,2026-09-29 18:30:19+00:00,748.0,17.01,17.23,17.68,-1.4099998,-7.654722,95.0,142,0.18384605224609374,True,REGULAR,USD,2026-10-02,C
SPY261002C00749000,2026-09-29 18:22:54+00:00,749.0,16.15,16.28,16.78,-1.6300011,-9.16761,238.0,421,0.18189294677734374,True,REGULAR,USD,2026-10-02,C
SPY261002C00750000,2026-09-29 18:52:59+00:00,750.0,15.48,15.65,15.85,-1.3400002,-7.966707,924.0,2418,0.17774259765625,True,REGULAR,USD,2026-10-02,C
SPY261002C00751000,2026-09-29 18:47:11+00:00,751.0,14.75,14.49,14.91,-1.3799992,-8.555482,21.0,198,0.17273776489257814,True,REGULAR,USD,2026-10-02,C
SPY261002C00752000,2026-09-29 18:07:15+00:00,752.0,13.26,13.68,14.02,-1.3099995,-8.991074,293.0,133,0.16980810668945315,True,REGULAR,USD,2026-10-02,C
SPY261002C00753000,2026-09-29 18:26:30+00:00,753.0,12.38,12.72,13.07,-2.0699997,-14.325257,296.0,340,0.16358258300781253,True,REGULAR,USD,2026-10-02,C
SPY261002C00754000,2026-09-29 18:28:55+00:00,754.0,11.61,11.9,12.19,-1.6700001,-12.575301,257.0,928,0.1601646484375,True,REGULAR,USD,2026-10-02,C
SPY261002C00755000,2026-09-29 18:51:08+00:00,755.0,11.07,11.12,11.35,-1.1300001,-9.262297,549.0,3044,0.15796740478515625,True,REGULAR,USD,2026-10-02,C
SPY261002C00756000,2026-09-29 18:49:43+00:00,756.0,10.34,10.2,10.49,-1.2299995,-10.630939,96.0,432,0.15424429748535157,True,REGULAR,USD,2026-10-02,C
SPY261002C00757000,2026-09-29 18:51:59+00:00,757.0,9.43,9.51,9.66,-1.2399998,-11.6213665,108.0,525,0.15100946655273442,True,REGULAR,USD,2026-10-02,C
SPY261002C00758000,2026-09-29 18:44:34+00:00,758.0,8.9,8.69,8.86,-0.9200001,-9.368636,471.0,616,0.1482629119873047,True,REGULAR,USD,2026-10-02,C
SPY261002C00759000,2026-09-29 18:50:22+00:00,759.0,8.04,8.01,8.07,-1.1999998,-12.987012,1854.0,469,0.1450280810546875,True,REGULAR,USD,2026-10-02,C
SPY261002C00760000,2026-09-29 18:54:02+00:00,760.0,7.28,7.27,7.32,-1.0399995,-12.499994,3339.0,2554,0.1424035955810547,True,REGULAR,USD,2026-10-02,C
SPY261002C00761000,2026-09-29 18:50:42+00:00,761.0,6.48,6.56,6.59,-1.2199998,-15.844153,433.0,904,0.13953497192382813,True,REGULAR,USD,2026-10-02,C
SPY261002C00762000,2026-09-29 18:51:47+00:00,762.0,5.87,5.88,5.9,-1.0300002,-14.927539,2611.0,1924,0.13703255554199223,True,REGULAR,USD,2026-10-02,C
SPY261002C00763000,2026-09-29 18:54:06+00:00,763.0,5.25,5.24,5.26,-0.9699998,-15.594852,8270.0,1010,0.13514048461914066,True,REGULAR,USD,2026-10-02,C
SPY261002C00764000,2026-09-29 18:53:52+00:00,764.0,4.63,4.66,4.68,-1.1199999,-19.478258,8257.0,1095,0.13404186279296876,True,REGULAR,USD,2026-10-02,C
SPY261002C00765000,2026-09-29 18:53:23+00:00,765.0,4.11,4.07,4.08,-0.8499999,-17.137094,16122.0,4147,0.13111220458984374,False,REGULAR,USD,2026-10-02,C
SPY261002C00766000,2026-09-29 18:52:10+00:00,766.0,3.55,3.54,3.56,-0.8599999,-19.501133,9006.0,2248,0.12952530639648438,False,REGULAR,USD,2026-10-02,C
SPY261002C00767000,2026-09-29 18:53:38+00:00,767.0,3.05,3.08,3.09,-0.81999993,-21.18863,9531.0,2059,0.1283046154785156,False,REGULAR,USD,2026-10-02,C
SPY261002C00768000,2026-09-29 18:53:30+00:00,768.0,2.64,2.62,2.63,-0.75,-22.123894,6948.0,2923,0.12610737182617188,False,REGULAR,USD,2026-10-02,C
SPY261002C00769000,2026-09-29 18:53:46+00:00,769.0,2.22,2.24,2.25,-0.70000005,-23.972605,9785.0,2269,0.12525288818359376,False,REGULAR,USD,2026-10-02,C
SPY261002C00770000,2026-09-29 18:53:51+00:00,770.0,1.88,1.89,1.9,-0.66999996,-26.274508,18618.0,7883,0.12409323181152344,False,REGULAR,USD,2026-10-02,C
SPY261002C00771000,2026-09-29 18:53:46+00:00,771.0,1.58,1.58,1.6,-0.58000004,-26.851852,4096.0,3791,0.1233608172607422,False,REGULAR,USD,2026-10-02,C
SPY261002C00772000,2026-09-29 18:52:13+00:00,772.0,1.31,1.32,1.33,-0.5400001,-29.189194,4865.0,13291,0.12244529907226565,False,REGULAR,USD,2026-10-02,C
SPY261002C00773000,2026-09-29 18:53:58+00:00,773.0,1.1,1.08,1.1,-0.45999992,-29.487175,1774.0,3192,0.12177391906738282,False,REGULAR,USD,2026-10-02,C
SPY261002C00774000,2026-09-29 18:52:46+00:00,774.0,0.89,0.88,0.9,-0.41999996,-32.061066,1722.0,4479,0.12104150451660156,False,REGULAR,USD,2026-10-02,C
SPY261002C00775000,2026-09-29 18:52:59+00:00,775.0,0.74,0.74,0.75,-0.36,-32.727272,9464.0,11141,0.12146874633789062,False,REGULAR,USD,2026-10-02,C
SPY261002C00776000,2026-09-29 18:53:18+00:00,776.0,0.6,0.6,0.61,-0.31,-34.444447,2289.0,2174,0.12122460815429686,False,REGULAR,USD,2026-10-02,C
SPY261002C00777000,2026-09-29 18:51:16+00:00,777.0,0.49,0.48,0.49,-0.26999998,-35.526314,1861.0,1702,0.12085840087890626,False,REGULAR,USD,2026-10-02,C
SPY261002C00778000,2026-09-29 18:47:55+00:00,778.0,0.39,0.4,0.41,-0.23000002,-37.09678,3103.0,2556,0.12195702270507813,False,REGULAR,USD,2026-10-02,C
SPY261002C00779000,2026-09-29 18:50:14+00:00,779.0,0.32,0.32,0.33,-0.18,-36.0,1804.0,2469,0.12207909179687501,False,REGULAR,USD,2026-10-02,C
SPY261002C00780000,2026-09-29 18:54:06+00:00,780.0,0.26,0.26,0.27,-0.16,-38.095238,8626.0,15762,0.12281150634765625,False,REGULAR,USD,2026-10-02,C
SPY261002C00781000,2026-09-29 18:50:37+00:00,781.0,0.22,0.21,0.22,-0.13,-38.2353,1203.0,4457,0.1235439208984375,False,REGULAR,USD,2026-10-02,C
SPY261002C00782000,2026-09-29 18:52:03+00:00,782.0,0.19,0.18,0.19,-0.099999994,-35.714283,2062.0,2569,0.12574116455078127,False,REGULAR,USD,2026-10-02,C
SPY261002C00783000,2026-09-29 18:30:16+00:00,783.0,0.15,0.15,0.16,-0.08,-34.782608,1282.0,4178,0.12720599365234375,False,REGULAR,USD,2026-10-02,C
SPY261002C00784000,2026-09-29 18:50:50+00:00,784.0,0.12,0.12,0.13,-0.080000006,-38.09524,1048.0,2878,0.127938408203125,False,REGULAR,USD,2026-10-02,C
SPY261002C00785000,2026-09-29 18:50:34+00:00,785.0,0.12,0.11,0.12,-0.04,-26.666666,29554.0,61909,0.13160048095703125,False,REGULAR,USD,2026-10-02,C
SPY261002C00786000,2026-09-29 18:50:01+00:00,786.0,0.1,0.09,0.1,-0.029999994,-23.076918,1054.0,2739,0.132821171875,False,REGULAR,USD,2026-10-02,C
SPY261002C00787000,2026-09-29 18:40:54+00:00,787.0,0.1,0.08,0.09,-0.019999996,-16.666662,1231.0,1348,0.13575083007812502,False,REGULAR,USD,2026-10-02,C
SPY261002C00788000,2026-09-29 18:46:26+00:00,788.0,0.08,0.07,0.08,-0.020000003,-20.000002,183.0,2128,0.1381922119140625,False,REGULAR,USD,2026-10-02,C
SPY261002C00789000,2026-09-29 18:51:11+00:00,789.0,0.07,0.06,0.07,-0.009999998,-14.285712,792.0,2434,0.14063359375,False,REGULAR,USD,2026-10-02,C
SPY261002C00790000,2026-09-29 18:46:47+00:00,790.0,0.07,0.06,0.07,0.0,0.0,634.0,8811,0.145516357421875,False,REGULAR,USD,2026-10-02,C
SPY261002C00791000,2026-09-29 18:47:26+00:00,791.0,0.05,0.05,0.06,-0.02,-28.571428,222.0,2622,0.1469811865234375,False,REGULAR,USD,2026-10-02,C
SPY261002C00792000,2026-09-29 18:51:31+00:00,792.0,0.05,0.05,0.06,-0.009999998,-16.666662,106.0,1618,0.15137567382812503,False,REGULAR,USD,2026-10-02,C
SPY261002C00793000,2026-09-29 18:46:06+00:00,793.0,0.06,0.04,0.05,0.0,0.0,92.0,1251,0.15235222656250003,False,REGULAR,USD,2026-10-02,C
SPY261002C00794000,2026-09-29 18:49:37+00:00,794.0,0.04,0.04,0.05,-0.010000002,-16.666668,258.0,1273,0.157234990234375,False,REGULAR,USD,2026-10-02,C
SPY261002C00795000,2026-09-29 18:43:32+00:00,795.0,0.04,0.04,0.05,0.0,0.0,107.0,6603,0.16211775390625,False,REGULAR,USD,2026-10-02,C
SPY261002C00796000,2026-09-29 17:22:30+00:00,796.0,0.04,0.03,0.04,-0.010000002,-20.000002,132.0,882,0.16211775390625,False,REGULAR,USD,2026-10-02,C
SPY261002C00797000,2026-09-29 16:03:51+00:00,797.0,0.03,0.03,0.04,-0.01,-25.0,82.0,2424,0.16602396484375004,False,REGULAR,USD,2026-10-02,C
SPY261002C00798000,2026-09-29 17:59:55+00:00,798.0,0.03,0.03,0.04,-0.01,-25.0,502.0,907,0.17090672851562502,False,REGULAR,USD,2026-10-02,C
SPY261002C00799000,2026-09-29 18:43:30+00:00,799.0,0.03,0.03,0.04,-0.020000001,-40.000004,2538.0,2890,0.174812939453125,False,REGULAR,USD,2026-10-02,C
SPY261002C00800000,2026-09-29 18:01:00+00:00,800.0,0.02,0.03,0.04,-0.02,-50.0,2320.0,6092,0.179695703125,False,REGULAR,USD,2026-10-02,C
SPY261002C00801000,2026-09-29 18:43:42+00:00,801.0,0.03,0.02,0.03,0.0,0.0,637.0,1050,0.17774259765625,False,REGULAR,USD,2026-10-02,C
SPY261002C00802000,2026-09-29 14:38:52+00:00,802.0,0.04,0.02,0.03,0.01,33.333336,3.0,462,0.18164880859375,False,REGULAR,USD,2026-10-02,C
SPY261002C00803000,2026-09-29 18:00:23+00:00,803.0,0.02,0.02,0.03,-0.01,-33.333336,40.0,961,0.18555501953124998,False,REGULAR,USD,2026-10-02,C
SPY261002C00804000,2026-09-29 17:59:01+00:00,804.0,0.02,0.02,0.03,-0.01,-33.333336,121.0,442,0.18946123046875002,False,REGULAR,USD,2026-10-02,C
SPY261002C00805000,2026-09-29 16:09:14+00:00,805.0,0.02,0.02,0.03,-0.01,-33.333336,482.0,1258,0.194343994140625,False,REGULAR,USD,2026-10-02,C
SPY261002C00806000,2026-09-29 17:59:05+00:00,806.0,0.03,0.02,0.03,0.0,0.0,900.0,1533,0.198250205078125,False,REGULAR,USD,2026-10-02,C
SPY261002C00807000,2026-09-29 18:00:27+00:00,807.0,0.03,0.02,0.03,0.01,50.0,3881.0,687,0.20313296874999998,False,REGULAR,USD,2026-10-02,C
SPY261002C00808000,2026-09-29 17:59:41+00:00,808.0,0.02,0.02,0.03,0.0,0.0,7931.0,572,0.20703917968749996,False,REGULAR,USD,2026-10-02,C
SPY261002C00809000,2026-09-29 18:00:28+00:00,809.0,0.01,0.02,0.03,-0.02,-66.66667,15524.0,769,0.21094539062499998,False,REGULAR,USD,2026-10-02,C
SPY261002C00810000,2026-09-29 18:34:32+00:00,810.0,0.02,0.01,0.02,0.0,0.0,7960.0,1353,0.20508607421874997,False,REGULAR,USD,2026-10-02,C
SPY261002C00811000,2026-09-29 15:48:58+00:00,811.0,0.01,0.01,0.02,-0.01,-50.0,2800.0,1136,0.20899228515624996,False,REGULAR,USD,2026-10-02,C
SPY261002C00812000,2026-09-29 15:43:43+00:00,812.0,0.02,0.01,0.02,0.0,0.0,5036.0,715,0.21289849609375,False,REGULAR,USD,2026-10-02,C
SPY261002C00813000,2026-09-29 15:55:09+00:00,813.0,0.01,0.01,0.02,-0.01,-50.0,246.0,1008,0.21680470703125,False,REGULAR,USD,2026-10-02,C
SPY261002C00814000,2026-09-28 19:01:09+00:00,814.0,0.02,0.01,0.02,0.0,0.0,5117.0,1149,0.22071091796874998,False,REGULAR,USD,2026-10-02,C
SPY261002C00815000,2026-09-28 18:31:48+00:00,815.0,0.02,0.01,0.02,0.0,0.0,1200.0,1856,0.22461712890624996,False,REGULAR,USD,2026-10-02,C
SPY261002C00816000,2026-09-28 14:02:06+00:00,816.0,0.02,0.01,0.02,0.0,0.0,5.0,1365,0.22852333984375,False,REGULAR,USD,2026-10-02,C
SPY261002C00817000,2026-09-28 18:03:57+00:00,817.0,0.02,0.01,0.02,0.0,0.0,970.0,6069,0.23242955078125,False,REGULAR,USD,2026-10-02,C
SPY261002C00818000,2026-09-25 19:33:12+00:00,818.0,0.04,0.01,0.02,0.0,0.0,6817.0,6338,0.23633576171874998,False,REGULAR,USD,2026-10-02,C
SPY261002C00819000,2026-09-29 16:32:43+00:00,819.0,0.01,0.01,0.02,-0.01,-50.0,9.0,81,0.24024197265624997,False,REGULAR,USD,2026-10-02,C
SPY261002C00820000,2026-09-29 14:37:02+00:00,820.0,0.01,0.01,0.02,-0.02,-66.66667,1.0,329,0.24414818359375,False,REGULAR,USD,2026-10-02,C
SPY261002C00821000,2026-09-25 19:38:12+00:00,821.0,0.03,0.01,0.02,0.0,0.0,898.0,864,0.24805439453125,False,REGULAR,USD,2026-10-02,C
SPY261002C00822000,2026-09-25 19:50:13+00:00,822.0,0.03,0.01,0.02,0.0,0.0,830.0,880,0.25196060546875,False,REGULAR,USD,2026-10-02,C
SPY261002C00823000,2026-09-25 19:51:20+00:00,823.0,0.03,0.01,0.02,0.0,0.0,736.0,921,0.25586681640625003,False,REGULAR,USD,2026-10-02,C
SPY261002C00824000,2026-09-25 19:38:53+00:00,824.0,0.02,0.01,0.02,0.0,0.0,1634.0,1673,0.25977302734375,False,REGULAR,USD,2026-10-02,C
SPY261002C00825000,2026-09-28 14:32:30+00:00,825.0,0.02,0.01,0.02,0.0,0.0,1.0,2605,0.26367923828125,False,REGULAR,USD,2026-10-02,C
SPY261002C00830000,2026-09-28 14:31:02+00:00,830.0,0.01,0.0,0.01,0.0,0.0,10.0,895,0.26563234375,False,REGULAR,USD,2026-10-02,C
SPY261002C00835000,2026-09-29 13:49:49+00:00,835.0,0.02,0.0,0.01,0.01,100.0,50.0,550,0.28125718749999995,False,REGULAR,USD,2026-10-02,C
SPY261002C00840000,2026-09-29 13:46:46+00:00,840.0,0.01,0.0,0.01,0.0,0.0,100.0,1154,0.3007882421875,False,REGULAR,USD,2026-10-02,C
SPY261002C00845000,2026-09-28 16:10:55+00:00,845.0,0.01,0.0,0.01,0.0,0.0,1.0,214,0.31641308593749995,False,REGULAR,USD,2026-10-02,C
SPY261002C00850000,2026-09-28 20:06:47+00:00,850.0,0.01,0.0,0.01,0.0,0.0,5.0,1130,0.335944140625,False,REGULAR,USD,2026-10-02,C
SPY261002C00855000,2026-09-25 18:31:10+00:00,855.0,0.02,0.0,0.01,0.0,0.0,2.0,70,0.35156898437499995,False,REGULAR,USD,2026-10-02,C
SPY261002C00860000,2026-09-25 19:51:36+00:00,860.0,0.01,0.0,0.01,0.0,0.0,2.0,309,0.367193828125,False,REGULAR,USD,2026-10-02,C
SPY261002C00865000,2026-09-25 20:10:27+00:00,865.0,0.01,0.0,0.01,0.0,0.0,141.0,268,0.38281867187499996,False,REGULAR,USD,2026-10-02,C
SPY261002C00870000,2026-09-28 20:00:47+00:00,870.0,0.01,0.0,0.01,0.0,0.0,2.0,79,0.398443515625,False,REGULAR,USD,2026-10-02,C
SPY261002C00875000,2026-09-21 18:22:45+00:00,875.0,0.01,0.0,0.01,0.0,0.0,3.0,25,0.414068359375,False,REGULAR,USD,2026-10-02,C
SPY261002C00880000,2026-09-22 13:45:03+00:00,880.0,0.01,0.0,0.01,0.0,0.0,1.0,14,0.42969320312500003,False,REGULAR,USD,2026-10-02,C
SPY261002C00890000,2026-09-04 18:02:41+00:00,890.0,0.01,0.0,0.01,0.0,0.0,10.0,13,0.46094289062500005,False,REGULAR,USD,2026-10-02,C
SPY261002C00895000,2026-09-25 19:12:50+00:00,895.0,0.01,0.0,0.01,0.0,0.0,1.0,2,0.476567734375,False,REGULAR,USD,2026-10-02,C
SPY261002C00900000,2026-09-10 13:31:08+00:00,900.0,0.01,0.0,0.01,0.0,0.0,5.0,7,0.49219257812500006,False,REGULAR,USD,2026-10-02,C
SPY261002C00905000,2026-08-31 15:05:27+00:00,905.0,0.01,0.0,0.01,0.0,0.0,3.0,3,0.507817421875,False,REGULAR,USD,2026-10-02,C
SPY261002C00910000,2026-09-28 13:38:25+00:00,910.0,0.01,0.0,0.01,0.0,0.0,155.0,156,0.500005,False,REGULAR,USD,2026-10-02,C
SPY261002C00915000,2026-09-25 19:23:41+00:00,915.0,0.01,0.0,0.01,0.0,0.0,1.0,451,0.51562984375,False,REGULAR,USD,2026-10-02,C
SPY261002C00920000,2026-09-03 16:30:10+00:00,920.0,0.01,0.0,0.01,0.0,0.0,540.0,659,0.5312546875,False,REGULAR,USD,2026-10-02,C
SPY261002C00925000,2026-09-03 16:30:06+00:00,925.0,0.01,0.0,0.01,0.0,0.0,,320,0.5468795312500001,False,REGULAR,USD,2026-10-02,C
SPY261002C00930000,2026-09-18 18:43:50+00:00,930.0,0.01,0.0,0.01,0.0,0.0,1.0,10,0.5625043750000001,False,REGULAR,USD,2026-10-02,C
SPY261002P00500000,2026-09-25 19:30:58+00:00,500.0,0.01,0.0,0.01,0.0,0.0,7.0,1076,1.15625421875,False,REGULAR,USD,2026-10-02,P
SPY261002P00505000,2026-09-25 17:30:42+00:00,505.0,0.01,0.0,0.01,0.0,0.0,1.0,18,1.15625421875,False,REGULAR,USD,2026-10-02,P
SPY261002P00510000,2026-09-22 16:32:49+00:00,510.0,0.01,0.0,0.01,0.0,0.0,31.0,273,1.125004375,False,REGULAR,USD,2026-10-02,P
SPY261002P00515000,2026-09-25 17:56:34+00:00,515.0,0.01,0.0,0.01,0.0,0.0,27.0,214,1.09375453125,False,REGULAR,USD,2026-10-02,P
SPY261002P00520000,2026-09-25 17:30:17+00:00,520.0,0.01,0.0,0.01,0.0,0.0,2.0,260,1.0625046875000002,False,REGULAR,USD,2026-10-02,P
SPY261002P00525000,2026-09-28 17:38:56+00:00,525.0,0.01,0.0,0.01,0.0,0.0,16.0,379,1.0312548437500002,False,REGULAR,USD,2026-10-02,P
SPY261002P00530000,2026-09-25 17:30:02+00:00,530.0,0.01,0.0,0.01,0.0,0.0,3.0,85,1.015629921875,False,REGULAR,USD,2026-10-02,P
SPY261002P00535000,2026-09-25 17:29:48+00:00,535.0,0.01,0.0,0.01,0.0,0.0,2.0,198,0.98437515625,False,REGULAR,USD,2026-10-02,P
SPY261002P00540000,2026-09-28 17:40:07+00:00,540.0,0.01,0.0,0.01,0.0,0.0,16.0,348,0.9687503125,False,REGULAR,USD,2026-10-02,P
SPY261002P00545000,2026-09-28 17:39:42+00:00,545.0,0.01,0.0,0.01,0.0,0.0,32.0,95,0.937500625,False,REGULAR,USD,2026-10-02,P
SPY261002P00550000,2026-09-25 15:32:17+00:00,550.0,0.01,0.0,0.01,0.0,0.0,1.0,340,0.92187578125,False,REGULAR,USD,2026-10-02,P
SPY261002P00555000,2026-09-21 16:54:00+00:00,555.0,0.03,0.0,0.01,0.0,0.0,6.0,5124,0.9062509375,False,REGULAR,USD,2026-10-02,P
SPY261002P00560000,2026-09-28 17:39:16+00:00,560.0,0.01,0.0,0.01,0.0,0.0,10.0,10799,0.87500125,False,REGULAR,USD,2026-10-02,P
SPY261002P00565000,2026-09-25 14:52:29+00:00,565.0,0.01,0.0,0.01,0.0,0.0,80.0,277,0.8437515624999999,False,REGULAR,USD,2026-10-02,P
SPY261002P00570000,2026-09-25 15:02:27+00:00,570.0,0.01,0.0,0.01,0.0,0.0,1020.0,1485,0.8281267187499999,False,REGULAR,USD,2026-10-02,P
SPY261002P00575000,2026-09-25 16:26:47+00:00,575.0,0.01,0.0,0.01,0.0,0.0,32.0,1371,0.8125018749999999,False,REGULAR,USD,2026-10-02,P
SPY261002P00580000,2026-09-25 16:57:50+00:00,580.0,0.01,0.0,0.01,0.0,0.0,100.0,1206,0.7812521875,False,REGULAR,USD,2026-10-02,P
SPY261002P00585000,2026-09-25 19:26:07+00:00,585.0,0.01,0.0,0.01,0.0,0.0,2.0,50,0.7500025,False,REGULAR,USD,2026-10-02,P
SPY261002P00590000,2026-09-25 18:17:29+00:00,590.0,0.01,0.0,0.01,0.0,0.0,4.0,227,0.73437765625,False,REGULAR,USD,2026-10-02,P
SPY261002P00595000,2026-09-29 14:26:05+00:00,595.0,0.01,0.0,0.01,0.0,0.0,4.0,30322,0.7187528125,False,REGULAR,USD,2026-10-02,P
SPY261002P00600000,2026-09-29 14:03:32+00:00,600.0,0.01,0.0,0.01,0.0,0.0,8.0,6356,0.6875031250000001,False,REGULAR,USD,2026-10-02,P
SPY261002P00605000,2026-09-28 16:03:16+00:00,605.0,0.01,0.0,0.01,0.0,0.0,4.0,3884,0.6718782812500002,False,REGULAR,USD,2026-10-02,P
SPY261002P00610000,2026-09-28 16:07:54+00:00,610.0,0.01,0.0,0.01,0.0,0.0,2358.0,2167,0.64062859375,False,REGULAR,USD,2026-10-02,P
SPY261002P00615000,2026-09-29 14:26:39+00:00,615.0,0.01,0.0,0.01,0.0,0.0,4.0,913,0.6250037500000001,False,REGULAR,USD,2026-10-02,P
SPY261002P00620000,2026-09-28 19:59:42+00:00,620.0,0.01,0.0,0.01,0.0,0.0,2016.0,2242,0.5937540625000001,False,REGULAR,USD,2026-10-02,P
SPY261002P00625000,2026-09-29 13:55:51+00:00,625.0,0.01,0.0,0.01,0.0,0.0,8.0,665,0.57812921875,False,REGULAR,USD,2026-10-02,P
SPY261002P00630000,2026-09-29 13:30:01+00:00,630.0,0.01,0.0,0.01,0.0,0.0,6.0,1349,0.5625043750000001,False,REGULAR,USD,2026-10-02,P
SPY261002P00635000,2026-09-29 17:32:49+00:00,635.0,0.02,0.0,0.01,0.0,0.0,1716.0,911,0.5312546875,False,REGULAR,USD,2026-10-02,P
SPY261002P00640000,2026-09-29 17:26:38+00:00,640.0,0.01,0.0,0.01,-0.01,-50.0,291.0,424,0.51562984375,False,REGULAR,USD,2026-10-02,P
SPY261002P00645000,2026-09-25 14:47:38+00:00,645.0,0.02,0.01,0.02,0.0,0.0,104.0,681,0.5390671093750001,False,REGULAR,USD,2026-10-02,P
SPY261002P00650000,2026-09-29 18:26:23+00:00,650.0,0.01,0.01,0.02,0.0,0.0,3.0,2551,0.5195360546875,False,REGULAR,USD,2026-10-02,P
SPY261002P00655000,2026-09-28 19:17:43+00:00,655.0,0.02,0.01,0.02,0.0,0.0,37.0,313,0.507817421875,False,REGULAR,USD,2026-10-02,P
SPY261002P00660000,2026-09-29 18:27:33+00:00,660.0,0.02,0.01,0.02,0.0,0.0,6.0,1283,0.48438015625,False,REGULAR,USD,2026-10-02,P
SPY261002P00665000,2026-09-29 18:24:05+00:00,665.0,0.01,0.01,0.02,-0.01,-50.0,60.0,521,0.46484910156250003,False,REGULAR,USD,2026-10-02,P
SPY261002P00670000,2026-09-29 15:48:54+00:00,670.0,0.02,0.01,0.02,-0.01,-33.333336,50.0,7696,0.4414118359375,False,REGULAR,USD,2026-10-02,P
SPY261002P00675000,2026-09-29 18:12:53+00:00,675.0,0.01,0.01,0.02,-0.02,-66.66667,44.0,5125,0.41797457031249996,False,REGULAR,USD,2026-10-02,P
SPY261002P00680000,2026-09-29 18:53:56+00:00,680.0,0.02,0.01,0.02,-0.02,-66.66667,35.0,5474,0.39453730468750003,False,REGULAR,USD,2026-10-02,P
SPY261002P00685000,2026-09-29 18:53:56+00:00,685.0,0.03,0.02,0.03,0.0,0.0,28.0,569,0.38867798828125,False,REGULAR,USD,2026-10-02,P
SPY261002P00690000,2026-09-29 18:30:48+00:00,690.0,0.03,0.02,0.03,-0.01,-25.0,79.0,1803,0.36524072265625,False,REGULAR,USD,2026-10-02,P
SPY261002P00695000,2026-09-29 18:22:21+00:00,695.0,0.03,0.02,0.03,-0.01,-25.0,411.0,3845,0.34180345703125,False,REGULAR,USD,2026-10-02,P
SPY261002P00700000,2026-09-29 18:43:52+00:00,700.0,0.03,0.03,0.04,-0.01,-25.0,112.0,10858,0.32813171874999997,False,REGULAR,USD,2026-10-02,P
SPY261002P00705000,2026-09-29 18:30:48+00:00,705.0,0.04,0.03,0.04,-0.02,-33.333336,53.0,2086,0.304694453125,False,REGULAR,USD,2026-10-02,P
SPY261002P00710000,2026-09-29 18:40:12+00:00,710.0,0.04,0.03,0.04,-0.010000002,-20.000002,558.0,7785,0.28125718749999995,False,REGULAR,USD,2026-10-02,P
SPY261002P00715000,2026-09-29 18:06:05+00:00,715.0,0.05,0.04,0.05,-0.029999997,-37.499996,7.0,4190,0.26367923828125,False,REGULAR,USD,2026-10-02,P
SPY261002P00720000,2026-09-29 18:47:31+00:00,720.0,0.05,0.04,0.05,-0.040000003,-44.444447,192.0,3429,0.24024197265624997,False,REGULAR,USD,2026-10-02,P
SPY261002P00721000,2026-09-29 18:17:29+00:00,721.0,0.06,0.05,0.06,-0.030000005,-33.333336,62.0,1788,0.24024197265624997,False,REGULAR,USD,2026-10-02,P
SPY261002P00722000,2026-09-29 17:39:14+00:00,722.0,0.06,0.05,0.06,-0.030000005,-33.333336,8.0,892,0.23535920898437498,False,REGULAR,USD,2026-10-02,P
SPY261002P00723000,2026-09-28 19:59:38+00:00,723.0,0.09,0.05,0.06,0.0,0.0,211.0,2491,0.2304764453125,False,REGULAR,USD,2026-10-02,P
SPY261002P00724000,2026-09-29 15:33:47+00:00,724.0,0.08,0.05,0.06,-0.04,-33.333336,64.0,2034,0.225593681640625,False,REGULAR,USD,2026-10-02,P
SPY261002P00725000,2026-09-29 18:40:04+00:00,725.0,0.05,0.05,0.06,-0.05,-50.0,195.0,3428,0.22071091796874998,False,REGULAR,USD,2026-10-02,P
SPY261002P00726000,2026-09-29 18:46:12+00:00,726.0,0.06,0.05,0.06,-0.040000003,-40.000004,102.0,531,0.2153398779296875,False,REGULAR,USD,2026-10-02,P
SPY261002P00727000,2026-09-29 18:48:16+00:00,727.0,0.05,0.05,0.06,-0.05,-50.0,1755.0,1482,0.20996883789062498,False,REGULAR,USD,2026-10-02,P
SPY261002P00728000,2026-09-29 17:17:01+00:00,728.0,0.09,0.06,0.07,-0.029999994,-24.999994,77.0,521,0.20996883789062498,False,REGULAR,USD,2026-10-02,P
SPY261002P00729000,2026-09-29 17:28:15+00:00,729.0,0.1,0.06,0.07,-0.009999998,-9.090907,54.0,1723,0.20410952148437497,False,REGULAR,USD,2026-10-02,P
SPY261002P00730000,2026-09-29 18:47:31+00:00,730.0,0.07,0.07,0.08,-0.059999995,-46.153843,638.0,67749,0.20313296874999998,False,REGULAR,USD,2026-10-02,P
SPY261002P00731000,2026-09-29 17:59:08+00:00,731.0,0.1,0.07,0.08,-0.019999996,-16.666662,118.0,1494,0.198250205078125,False,REGULAR,USD,2026-10-02,P
SPY261002P00732000,2026-09-29 18:48:16+00:00,732.0,0.07,0.07,0.08,-0.04,-36.363636,395.0,1922,0.192390888671875,False,REGULAR,USD,2026-10-02,P
SPY261002P00733000,2026-09-29 18:38:49+00:00,733.0,0.09,0.08,0.09,-0.03999999,-30.769224,115.0,1028,0.19043778320312502,False,REGULAR,USD,2026-10-02,P
SPY261002P00734000,2026-09-29 17:03:04+00:00,734.0,0.15,0.08,0.09,-0.00999999,-6.2499943,157.0,724,0.18555501953124998,False,REGULAR,USD,2026-10-02,P
SPY261002P00735000,2026-09-29 18:47:31+00:00,735.0,0.09,0.09,0.1,-0.08,-47.058823,592.0,3798,0.18311363769531247,False,REGULAR,USD,2026-10-02,P
SPY261002P00736000,2026-09-29 18:46:17+00:00,736.0,0.09,0.09,0.1,-0.09,-49.999996,89.0,968,0.17774259765625,False,REGULAR,USD,2026-10-02,P
SPY261002P00737000,2026-09-29 18:46:16+00:00,737.0,0.1,0.1,0.11,-0.1,-50.0,212.0,1409,0.174812939453125,False,REGULAR,USD,2026-10-02,P
SPY261002P00738000,2026-09-29 18:45:15+00:00,738.0,0.11,0.11,0.12,-0.11,-50.0,422.0,1471,0.17188328125000002,False,REGULAR,USD,2026-10-02,P
SPY261002P00739000,2026-09-29 18:40:52+00:00,739.0,0.12,0.12,0.13,-0.12,-50.0,294.0,1741,0.16846534667968754,False,REGULAR,USD,2026-10-02,P
SPY261002P00740000,2026-09-29 18:46:28+00:00,740.0,0.14,0.13,0.14,-0.11,-44.0,2527.0,9101,0.16480327392578126,False,REGULAR,USD,2026-10-02,P
SPY261002P00741000,2026-09-29 18:35:40+00:00,741.0,0.18,0.15,0.16,-0.109999985,-37.93103,1128.0,4040,0.16285016845703126,False,REGULAR,USD,2026-10-02,P
SPY261002P00742000,2026-09-29 18:46:16+00:00,742.0,0.17,0.16,0.17,-0.13000001,-43.333336,532.0,5117,0.15869981933593752,False,REGULAR,USD,2026-10-02,P
SPY261002P00743000,2026-09-29 18:45:15+00:00,743.0,0.2,0.19,0.2,-0.14,-41.17647,800.0,2308,0.15747912841796874,False,REGULAR,USD,2026-10-02,P
SPY261002P00744000,2026-09-29 18:43:09+00:00,744.0,0.22,0.22,0.23,-0.16,-42.105263,1107.0,4845,0.1557701611328125,False,REGULAR,USD,2026-10-02,P
SPY261002P00745000,2026-09-29 18:51:10+00:00,745.0,0.25,0.24,0.25,-0.16999999,-40.47619,5789.0,67934,0.15210808837890627,False,REGULAR,USD,2026-10-02,P
SPY261002P00746000,2026-09-29 18:41:44+00:00,746.0,0.29,0.29,0.3,-0.17000002,-36.956524,770.0,6401,0.15137567382812503,False,REGULAR,USD,2026-10-02,P
SPY261002P00747000,2026-09-29 18:44:51+00:00,747.0,0.32,0.32,0.33,-0.20999998,-39.62264,1519.0,14084,0.1480798083496094,False,REGULAR,USD,2026-10-02,P
SPY261002P00748000,2026-09-29 18:51:24+00:00,748.0,0.37,0.38,0.39,-0.20999998,-36.206894,3664.0,3242,0.14710325561523438,False,REGULAR,USD,2026-10-02,P
SPY261002P00749000,2026-09-29 18:46:12+00:00,749.0,0.43,0.43,0.44,-0.23000002,-34.848488,3349.0,2504,0.1445398046875,False,REGULAR,USD,2026-10-02,P
SPY261002P00750000,2026-09-29 18:51:00+00:00,750.0,0.52,0.51,0.52,-0.24000001,-31.578947,6258.0,16948,0.143563251953125,False,REGULAR,USD,2026-10-02,P
SPY261002P00751000,2026-09-29 18:43:10+00:00,751.0,0.59,0.59,0.6,-0.25,-29.761906,1295.0,1724,0.14185428466796873,False,REGULAR,USD,2026-10-02,P
SPY261002P00752000,2026-09-29 18:53:18+00:00,752.0,0.67,0.67,0.69,-0.26999998,-28.723402,1139.0,2664,0.14002324829101562,False,REGULAR,USD,2026-10-02,P
SPY261002P00753000,2026-09-29 18:53:27+00:00,753.0,0.78,0.78,0.79,-0.30000007,-27.27273,2777.0,3609,0.13794807373046875,False,REGULAR,USD,2026-10-02,P
SPY261002P00754000,2026-09-29 18:50:59+00:00,754.0,0.92,0.89,0.9,-0.3,-24.590164,3042.0,2076,0.13575083007812502,False,REGULAR,USD,2026-10-02,P
SPY261002P00755000,2026-09-29 18:53:37+00:00,755.0,1.05,1.04,1.05,-0.29000008,-21.641796,9884.0,8730,0.13465220825195315,False,REGULAR,USD,2026-10-02,P
SPY261002P00756000,2026-09-29 18:53:27+00:00,756.0,1.21,1.2,1.21,-0.29999995,-19.867548,1927.0,2972,0.13306531005859373,False,REGULAR,USD,2026-10-02,P
SPY261002P00757000,2026-09-29 18:47:53+00:00,757.0,1.47,1.38,1.39,-0.25,-14.5348835,1247.0,4833,0.13147841186523437,False,REGULAR,USD,2026-10-02,P
SPY261002P00758000,2026-09-29 18:52:13+00:00,758.0,1.62,1.58,1.6,-0.27999997,-14.73684,3191.0,3766,0.1300746173095703,False,REGULAR,USD,2026-10-02,P
SPY261002P00759000,2026-09-29 18:44:07+00:00,759.0,1.84,1.81,1.82,-0.26999986,-12.796203,1831.0,2035,0.12806047729492187,False,REGULAR,USD,2026-10-02,P
SPY261002P00760000,2026-09-29 18:53:31+00:00,760.0,2.07,2.07,2.09,-0.27999997,-11.965811,13087.0,10614,0.12683978637695312,False,REGULAR,USD,2026-10-02,P
SPY261002P00761000,2026-09-29 18:51:24+00:00,761.0,2.39,2.36,2.38,-0.26,-9.81132,3256.0,1937,0.1251918536376953,False,REGULAR,USD,2026-10-02,P
SPY261002P00762000,2026-09-29 18:51:22+00:00,762.0,2.7,2.7,2.72,-0.25,-8.474576,5508.0,3279,0.12409323181152344,False,REGULAR,USD,2026-10-02,P
SPY261002P00763000,2026-09-29 18:53:56+00:00,763.0,3.06,3.04,3.06,-0.22000003,-6.686931,7296.0,3428,0.12177391906738282,False,REGULAR,USD,2026-10-02,P
SPY261002P00764000,2026-09-29 18:54:13+00:00,764.0,3.45,3.44,3.45,-0.20000005,-5.479453,7005.0,2785,0.11988184814453123,False,REGULAR,USD,2026-10-02,P
SPY261002P00765000,2026-09-29 18:53:45+00:00,765.0,3.91,3.87,3.89,-0.18000007,-4.4009795,11502.0,15458,0.11829494995117187,True,REGULAR,USD,2026-10-02,P
SPY261002P00766000,2026-09-29 18:53:14+00:00,766.0,4.35,4.37,4.39,-0.1500001,-3.3333354,3428.0,2312,0.11725736267089844,True,REGULAR,USD,2026-10-02,P
SPY261002P00767000,2026-09-29 18:52:53+00:00,767.0,4.85,4.89,4.92,-0.17000008,-3.3864558,5242.0,4482,0.11585356811523437,True,REGULAR,USD,2026-10-02,P
SPY261002P00768000,2026-09-29 18:48:28+00:00,768.0,5.6,5.43,5.47,0.069999695,1.2658172,805.0,3613,0.11359528991699218,True,REGULAR,USD,2026-10-02,P
SPY261002P00769000,2026-09-29 18:11:21+00:00,769.0,7.33,6.08,6.12,1.2399998,20.361244,406.0,1675,0.11322908264160156,True,REGULAR,USD,2026-10-02,P
SPY261002P00770000,2026-09-29 18:49:12+00:00,770.0,6.83,6.73,6.77,0.13999987,2.0926735,1010.0,4287,0.11139804626464843,True,REGULAR,USD,2026-10-02,P
SPY261002P00771000,2026-09-29 18:45:02+00:00,771.0,7.35,7.45,7.5,0.009999752,0.1362364,308.0,1335,0.11097080444335936,True,REGULAR,USD,2026-10-02,P
SPY261002P00772000,2026-09-29 18:49:36+00:00,772.0,8.27,8.13,8.43,0.41000032,5.2162886,662.0,1441,0.1175015008544922,True,REGULAR,USD,2026-10-02,P
SPY261002P00773000,2026-09-29 18:28:17+00:00,773.0,9.57,8.93,9.2,0.8699999,9.999998,618.0,1435,0.11640287902832032,True,REGULAR,USD,2026-10-02,P
SPY261002P00774000,2026-09-29 18:52:48+00:00,774.0,9.81,9.76,10.0,0.3600006,3.8095303,693.0,1458,0.11512115356445313,True,REGULAR,USD,2026-10-02,P
SPY261002P00775000,2026-09-29 18:54:06+00:00,775.0,10.65,10.56,10.85,0.25999928,2.4999928,1170.0,1357,0.11487701538085937,True,REGULAR,USD,2026-10-02,P
SPY261002P00776000,2026-09-29 17:30:15+00:00,776.0,13.85,11.41,11.94,2.9700003,27.297796,336.0,788,0.12769427001953126,True,REGULAR,USD,2026-10-02,P
SPY261002P00777000,2026-09-29 14:55:56+00:00,777.0,11.85,12.42,12.87,0.14000034,1.1955622,30.0,379,0.13111220458984374,True,REGULAR,USD,2026-10-02,P
SPY261002P00778000,2026-09-29 17:08:42+00:00,778.0,15.4,13.34,13.81,2.6499996,20.784311,28.0,365,0.13465220825195315,True,REGULAR,USD,2026-10-02,P
SPY261002P00779000,2026-09-29 18:00:44+00:00,779.0,15.66,14.22,14.77,1.4399996,10.126579,34.0,296,0.13916876464843753,True,REGULAR,USD,2026-10-02,P
SPY261002P00780000,2026-09-29 18:28:18+00:00,780.0,15.99,15.17,15.73,0.84000015,5.5445557,102.0,770,0.1431970446777344,True,REGULAR,USD,2026-10-02,P
SPY261002P00781000,2026-09-29 15:44:40+00:00,781.0,17.23,15.73,16.71,1.5599995,9.955325,15.0,369,0.148446015625,True,REGULAR,USD,2026-10-02,P
SPY261002P00782000,2026-09-29 18:12:17+00:00,782.0,18.95,17.13,17.7,2.0300007,11.99764,12.0,625,0.15430533203125002,True,REGULAR,USD,2026-10-02,P
SPY261002P00783000,2026-09-29 17:51:41+00:00,783.0,19.98,17.72,19.13,2.0100002,11.185311,135.0,0,0.19117019775390626,True,REGULAR,USD,2026-10-02,P
SPY261002P00784000,2026-09-29 14:09:36+00:00,784.0,19.2,19.22,19.69,0.8299999,4.5182357,40.0,0,0.16663431030273443,True,REGULAR,USD,2026-10-02,P
SPY261002P00785000,2026-09-29 18:21:02+00:00,785.0,21.01,19.7,20.97,1.4799995,7.5780826,10.0,7,0.1948322705078125,True,REGULAR,USD,2026-10-02,P
SPY261002P00786000,2026-09-28 19:29:46+00:00,786.0,20.05,20.71,22.21,0.0,0.0,419.0,0,0.21778125976562498,True,REGULAR,USD,2026-10-02,P
SPY261002P00787000,2026-09-29 17:27:42+00:00,787.0,24.76,21.71,22.96,3.3000011,15.377453,82.0,0,0.20777159423828123,True,REGULAR,USD,2026-10-02,P
SPY261002P00788000,2026-09-28 19:21:21+00:00,788.0,22.09,22.71,24.04,0.0,0.0,280.0,0,0.22034471069335934,True,REGULAR,USD,2026-10-02,P
SPY261002P00789000,2026-09-29 16:45:17+00:00,789.0,26.19,23.61,25.09,2.7800007,11.87527,2.0,0,0.23072058349609376,True,REGULAR,USD,2026-10-02,P
SPY261002P00790000,2026-09-29 13:42:28+00:00,790.0,24.3,24.66,26.28,-0.44000053,-1.7784985,4.0,2,0.25061784545898436,True,REGULAR,USD,2026-10-02,P
SPY261002P00791000,2026-09-28 19:28:19+00:00,791.0,24.96,25.6,27.13,0.0,0.0,144.0,0,0.24719991088867188,True,REGULAR,USD,2026-10-02,P
SPY261002P00792000,2026-09-29 13:42:55+00:00,792.0,26.61,26.66,28.25,-0.07999992,-0.29973742,42.0,0,0.2624585473632813,True,REGULAR,USD,2026-10-02,P
SPY261002P00793000,2026-09-29 18:13:31+00:00,793.0,29.77,27.61,29.13,2.83,10.504826,31.0,0,0.2606275109863281,True,REGULAR,USD,2026-10-02,P
SPY261002P00794000,2026-09-29 15:03:29+00:00,794.0,29.62,28.66,30.28,2.0700016,7.5136175,6.0,0,0.2782054602050781,True,REGULAR,USD,2026-10-02,P
SPY261002P00795000,2026-09-28 19:38:19+00:00,795.0,29.45,29.61,31.13,0.0,0.0,455.0,6,0.2739330419921875,True,REGULAR,USD,2026-10-02,P
SPY261002P00796000,2026-09-28 19:38:37+00:00,796.0,30.54,30.61,32.14,0.0,0.0,146.0,0,0.28125718749999995,True,REGULAR,USD,2026-10-02,P
SPY261002P00797000,2026-09-29 15:08:07+00:00,797.0,33.0,31.6,33.14,0.8600006,2.6757953,15.0,1,0.2877268493652343,True,REGULAR,USD,2026-10-02,P
SPY261002P00798000,2026-09-29 18:32:10+00:00,798.0,35.1,32.5,34.13,4.0599976,13.079888,20.0,0,0.2934640966796874,True,REGULAR,USD,2026-10-02,P
SPY261002P00799000,2026-09-29 18:40:43+00:00,799.0,34.06,33.61,35.13,0.4300003,1.2786212,43.0,1,0.299811689453125,True,REGULAR,USD,2026-10-02,P
SPY261002P00800000,2026-09-29 18:49:15+00:00,800.0,35.36,34.6,36.28,0.94000244,2.7309775,160.0,6,0.3181220532226562,True,REGULAR,USD,2026-10-02,P
SPY261002P00801000,2026-09-29 18:07:36+00:00,801.0,37.35,35.5,37.13,1.4799995,4.1260095,93.0,1,0.31262894409179687,True,REGULAR,USD,2026-10-02,P
SPY261002P00802000,2026-09-29 14:27:22+00:00,802.0,36.63,36.47,38.11,1.5,4.2698545,20.0,0,0.31726756958007807,True,REGULAR,USD,2026-10-02,P
SPY261002P00803000,2026-09-29 15:24:38+00:00,803.0,40.26,37.5,39.1,2.4799995,6.5643187,56.0,0,0.32263860961914054,True,REGULAR,USD,2026-10-02,P
SPY261002P00804000,2026-09-29 14:27:57+00:00,804.0,38.45,38.47,40.09,1.670002,4.540517,78.0,0,0.3280096496582031,True,REGULAR,USD,2026-10-02,P
SPY261002P00805000,2026-09-29 17:20:31+00:00,805.0,41.62,39.5,41.14,1.7799988,4.4678683,252.0,0,0.3386296606445312,True,REGULAR,USD,2026-10-02,P
SPY261002P00806000,2026-09-29 16:33:57+00:00,806.0,42.75,40.66,42.19,3.8400002,9.868928,148.0,0,0.3491276025390625,True,REGULAR,USD,2026-10-02,P
SPY261002P00807000,2026-09-29 16:44:32+00:00,807.0,44.15,41.5,43.11,2.25,5.3699284,46.0,0,0.3482731188964844,True,REGULAR,USD,2026-10-02,P
SPY261002P00808000,2026-09-29 16:37:37+00:00,808.0,44.7,42.47,44.1,2.130001,5.003526,76.0,0,0.35352208984374994,True,REGULAR,USD,2026-10-02,P
SPY261002P00809000,2026-09-29 16:38:11+00:00,809.0,44.88,43.5,45.13,2.2000008,5.154641,14.0,0,0.362311064453125,True,REGULAR,USD,2026-10-02,P
SPY261002P00810000,2026-09-29 17:20:54+00:00,810.0,47.45,44.5,46.1,3.1800003,7.1831946,18.0,1,0.3656069299316406,True,REGULAR,USD,2026-10-02,P
SPY261002P00811000,2026-09-29 15:09:21+00:00,811.0,47.01,45.5,47.1,1.9799995,4.3970675,38.0,0,0.3715883154296875,True,REGULAR,USD,2026-10-02,P
SPY261002P00812000,2026-09-29 15:27:13+00:00,812.0,49.11,46.51,48.11,4.420002,9.89036,44.0,0,0.37854625366210937,True,REGULAR,USD,2026-10-02,P
SPY261002P00813000,2026-09-29 15:10:13+00:00,813.0,48.02,47.51,49.11,3.0800018,6.8535867,78.0,0,0.3845276391601562,True,REGULAR,USD,2026-10-02,P
SPY261002P00814000,2026-09-29 15:08:37+00:00,814.0,49.81,48.61,50.09,2.8400002,6.0464125,12.0,0,0.38843385009765624,True,REGULAR,USD,2026-10-02,P
SPY261002P00815000,2026-09-29 16:33:32+00:00,815.0,52.51,49.6,51.28,4.449997,9.259253,30.0,0,0.41235939208984373,True,REGULAR,USD,2026-10-02,P
SPY261002P00816000,2026-09-29 16:32:35+00:00,816.0,52.77,50.51,52.1,1.9599991,3.8575065,12.0,0,0.401373173828125,True,REGULAR,USD,2026-10-02,P
SPY261002P00817000,2026-09-29 16:30:50+00:00,817.0,53.63,51.6,53.13,3.670002,7.3458805,24.0,0,0.4101621484375,True,REGULAR,USD,2026-10-02,P
SPY261002P00822000,2026-09-29 16:27:02+00:00,822.0,57.98,56.47,58.1,3.7399979,6.895276,4.0,0,0.43604079589843747,True,REGULAR,USD,2026-10-02,P
SPY261002P00823000,2026-09-29 16:35:15+00:00,823.0,59.7,57.66,59.2,3.7600021,6.7214913,34.0,0,0.45215391601562505,True,REGULAR,USD,2026-10-02,P
SPY261002P00824000,2026-09-29 16:29:30+00:00,824.0,60.56,58.61,60.26,3.9000015,6.8831654,4.0,0,0.463872548828125,True,REGULAR,USD,2026-10-02,P
SPY261002P00825000,2026-09-29 17:43:43+00:00,825.0,62.03,59.61,61.18,3.8499985,6.6173916,140.0,1,0.4616753051757813,True,REGULAR,USD,2026-10-02,P
SPY261002P00830000,2026-09-29 15:31:47+00:00,830.0,66.96,64.66,66.28,4.9699974,8.017418,116.0,0,0.5004932763671875,True,REGULAR,USD,2026-10-02,P
SPY261002P00835000,2026-09-29 16:49:04+00:00,835.0,71.95,69.66,71.28,3.9899979,5.8710976,30.0,0,0.5288133056640626,True,REGULAR,USD,2026-10-02,P
SPY261002P00840000,2026-09-29 16:43:12+00:00,840.0,77.08,74.66,76.28,4.2000046,5.7629046,70.0,0,0.5566450585937501,True,REGULAR,USD,2026-10-02,P
SPY261002P00855000,2026-09-28 17:26:33+00:00,855.0,87.8,89.66,91.28,0.0,0.0,6.0,0,0.500005,True,REGULAR,USD,2026-10-02,P
SPY261005C00595000,2026-09-25 14:55:46+00:00,595.0,173.93,169.21,170.92,0.0,0.0,2.0,0,0.7934590966796875,True,REGULAR,USD,2026-10-05,C
SPY261005C00680000,2026-09-29 18:21:30+00:00,680.0,84.61,84.46,85.85,-2.1299973,-2.4556115,328.0,18,0.5151415673828125,True,REGULAR,USD,2026-10-05,C
SPY261005C00685000,2026-09-29 18:29:09+00:00,685.0,79.51,79.46,80.85,-2.4300003,-2.9655848,114.0,16,0.48901878173828134,True,REGULAR,USD,2026-10-05,C
SPY261005C00690000,2026-09-29 18:54:25+00:00,690.0,75.24,74.48,75.86,-1.5400009,-2.0099201,167.0,15,0.463872548828125,True,REGULAR,USD,2026-10-05,C
SPY261005C00695000,2026-09-29 18:38:33+00:00,695.0,70.62,69.65,70.87,0.040000916,0.056674574,251.0,10,0.43848217773437503,True,REGULAR,USD,2026-10-05,C
SPY261005C00700000,2026-09-29 18:52:08+00:00,700.0,65.3,64.66,65.88,-2.0299988,-3.0029569,237.0,28,0.41296973754882804,True,REGULAR,USD,2026-10-05,C
SPY261005C00705000,2026-09-29 18:40:29+00:00,705.0,60.47,59.68,60.89,-0.66999817,-1.0958426,252.0,29,0.38733522827148437,True,REGULAR,USD,2026-10-05,C
SPY261005C00710000,2026-09-29 18:51:41+00:00,710.0,55.29,54.68,55.9,-0.65999985,-1.1758415,212.0,29,0.3614565808105469,True,REGULAR,USD,2026-10-05,C
SPY261005C00720000,2026-09-29 18:35:14+00:00,720.0,44.45,44.46,45.92,-1.2700005,-2.7777786,331.0,44,0.3089668713378906,True,REGULAR,USD,2026-10-05,C
SPY261005C00725000,2026-09-29 18:31:40+00:00,725.0,39.36,39.73,40.95,-2.4199982,-5.792241,364.0,30,0.28357650024414055,True,REGULAR,USD,2026-10-05,C
SPY261005C00727000,2026-09-29 18:34:48+00:00,727.0,37.54,37.74,38.96,-1.8799973,-4.769146,282.0,30,0.27307855834960937,True,REGULAR,USD,2026-10-05,C
SPY261005C00728000,2026-09-29 18:25:24+00:00,728.0,37.15,36.74,37.96,-1.3599968,-3.531542,222.0,50,0.26746338012695314,True,REGULAR,USD,2026-10-05,C
SPY261005C00729000,2026-09-29 18:46:58+00:00,729.0,36.47,35.75,36.97,-0.87999725,-2.3560839,391.0,30,0.2624585473632813,True,REGULAR,USD,2026-10-05,C
SPY261005C00730000,2026-09-29 18:50:31+00:00,730.0,35.39,34.88,35.98,-0.920002,-2.5777583,464.0,33,0.2574537145996094,True,REGULAR,USD,2026-10-05,C
SPY261005C00733000,2026-09-29 18:53:10+00:00,733.0,33.05,31.88,33.05,-1.0400009,-3.0507507,377.0,27,0.2442702526855469,True,REGULAR,USD,2026-10-05,C
SPY261005C00734000,2026-09-29 18:27:32+00:00,734.0,30.78,30.79,32.02,-1.8599987,-5.698526,296.0,25,0.23694610717773437,True,REGULAR,USD,2026-10-05,C
SPY261005C00735000,2026-09-29 18:41:08+00:00,735.0,30.63,29.56,31.03,-0.48000145,-1.5429169,418.0,42,0.23169713623046873,True,REGULAR,USD,2026-10-05,C
SPY261005C00736000,2026-09-29 18:44:06+00:00,736.0,29.51,28.82,30.05,-0.7800007,-2.5751095,345.0,53,0.2269364416503906,True,REGULAR,USD,2026-10-05,C
SPY261005C00737000,2026-09-29 18:42:33+00:00,737.0,28.73,27.84,29.07,-0.5100002,-1.7441869,302.0,52,0.22217574707031246,True,REGULAR,USD,2026-10-05,C
SPY261005C00739000,2026-09-29 18:40:31+00:00,739.0,26.68,25.89,27.12,-0.61999893,-2.2710583,207.0,30,0.21277642700195312,True,REGULAR,USD,2026-10-05,C
SPY261005C00740000,2026-09-29 18:53:08+00:00,740.0,25.65,24.91,26.14,-0.72999954,-2.7672462,275.0,39,0.20777159423828123,True,REGULAR,USD,2026-10-05,C
SPY261005C00742000,2026-09-29 18:46:25+00:00,742.0,23.74,23.24,23.7,-1.0,-4.042037,338.0,59,0.17456880126953128,True,REGULAR,USD,2026-10-05,C
SPY261005C00743000,2026-09-29 18:46:59+00:00,743.0,22.71,22.28,22.78,-0.19000053,-0.82969666,254.0,58,0.17285983398437502,True,REGULAR,USD,2026-10-05,C
SPY261005C00744000,2026-09-29 18:51:36+00:00,744.0,21.62,21.65,21.7,-1.0799999,-4.7577085,426.0,69,0.16309430664062502,True,REGULAR,USD,2026-10-05,C
SPY261005C00745000,2026-09-29 18:54:07+00:00,745.0,20.75,20.49,20.91,-0.27000046,-1.2838823,333.0,60,0.16736672485351564,True,REGULAR,USD,2026-10-05,C
SPY261005C00746000,2026-09-29 16:29:20+00:00,746.0,18.61,19.46,20.42,-1.9200001,-9.352167,163.0,55,0.18244225769042968,True,REGULAR,USD,2026-10-05,C
SPY261005C00747000,2026-09-29 16:35:34+00:00,747.0,17.54,18.53,19.49,-2.3499985,-11.814975,214.0,93,0.17859708129882812,True,REGULAR,USD,2026-10-05,C
SPY261005C00748000,2026-09-29 18:25:13+00:00,748.0,17.35,17.68,18.04,-1.5299988,-8.103807,135.0,42,0.15461050476074223,True,REGULAR,USD,2026-10-05,C
SPY261005C00749000,2026-09-29 18:43:30+00:00,749.0,17.21,16.79,17.15,-1.0800018,-5.9048758,314.0,79,0.15265739929199224,True,REGULAR,USD,2026-10-05,C
SPY261005C00750000,2026-09-29 17:06:03+00:00,750.0,14.64,15.89,16.22,-2.7399988,-15.765242,371.0,49,0.14887325744628904,True,REGULAR,USD,2026-10-05,C
SPY261005C00751000,2026-09-29 17:49:39+00:00,751.0,13.98,15.09,15.38,-2.3600006,-14.443089,584.0,203,0.1480798083496094,True,REGULAR,USD,2026-10-05,C
SPY261005C00752000,2026-09-29 17:29:16+00:00,752.0,13.18,14.14,14.43,-2.1499996,-14.024786,422.0,48,0.14301394104003906,True,REGULAR,USD,2026-10-05,C
SPY261005C00753000,2026-09-29 18:17:07+00:00,753.0,12.81,13.38,13.65,-1.9899998,-13.445944,711.0,80,0.14331911376953127,True,REGULAR,USD,2026-10-05,C
SPY261005C00754000,2026-09-29 17:59:16+00:00,754.0,10.95,12.5,12.75,-2.8500004,-20.652176,587.0,146,0.1392908337402344,True,REGULAR,USD,2026-10-05,C
SPY261005C00755000,2026-09-29 18:19:39+00:00,755.0,11.79,11.73,11.95,-1.0799999,-8.391608,499.0,95,0.13794807373046875,True,REGULAR,USD,2026-10-05,C
SPY261005C00756000,2026-09-29 18:29:30+00:00,756.0,10.51,10.87,11.11,-1.4299994,-11.976544,267.0,115,0.13495738098144533,True,REGULAR,USD,2026-10-05,C
SPY261005C00757000,2026-09-29 18:21:52+00:00,757.0,9.79,10.15,10.31,-1.5100002,-13.362834,232.0,78,0.1326685855102539,True,REGULAR,USD,2026-10-05,C
SPY261005C00758000,2026-09-29 18:46:14+00:00,758.0,9.52,9.39,9.53,-1.1399994,-10.694179,210.0,137,0.13037979003906247,True,REGULAR,USD,2026-10-05,C
SPY261005C00759000,2026-09-29 18:30:55+00:00,759.0,8.09,8.66,8.74,-1.6499996,-16.940449,132.0,143,0.12735858001708983,True,REGULAR,USD,2026-10-05,C
SPY261005C00760000,2026-09-29 18:40:29+00:00,760.0,8.11,7.93,8.02,-0.7800007,-8.7739105,172.0,277,0.12555806091308597,True,REGULAR,USD,2026-10-05,C
SPY261005C00761000,2026-09-29 18:33:56+00:00,761.0,6.7,7.2,7.28,-1.4700003,-17.99266,185.0,195,0.12268943725585937,True,REGULAR,USD,2026-10-05,C
SPY261005C00762000,2026-09-29 18:49:30+00:00,762.0,6.59,6.57,6.64,-1.0799999,-14.080833,409.0,139,0.12165184997558594,True,REGULAR,USD,2026-10-05,C
SPY261005C00763000,2026-09-29 18:51:47+00:00,763.0,5.94,5.91,5.98,-0.90999985,-13.28467,935.0,108,0.11939357177734375,True,REGULAR,USD,2026-10-05,C
SPY261005C00764000,2026-09-29 18:51:52+00:00,764.0,5.33,5.34,5.38,-0.94000006,-14.992026,1497.0,209,0.11792874267578124,True,REGULAR,USD,2026-10-05,C
SPY261005C00765000,2026-09-29 18:53:53+00:00,765.0,4.77,4.78,4.81,-0.8200002,-14.669054,2175.0,984,0.11640287902832032,False,REGULAR,USD,2026-10-05,C
SPY261005C00766000,2026-09-29 18:52:40+00:00,766.0,4.23,4.23,4.26,-0.7800002,-15.568866,2069.0,653,0.1145718426513672,False,REGULAR,USD,2026-10-05,C
SPY261005C00767000,2026-09-29 18:52:58+00:00,767.0,3.77,3.73,3.76,-0.73,-16.222221,1269.0,870,0.11316804809570313,False,REGULAR,USD,2026-10-05,C
SPY261005C00768000,2026-09-29 18:53:36+00:00,768.0,3.28,3.26,3.27,-0.68000007,-17.171719,2769.0,873,0.11112339080810546,False,REGULAR,USD,2026-10-05,C
SPY261005C00769000,2026-09-29 18:53:19+00:00,769.0,2.86,2.83,2.85,-0.6500001,-18.51852,1408.0,683,0.10993321716308593,False,REGULAR,USD,2026-10-05,C
SPY261005C00770000,2026-09-29 18:54:03+00:00,770.0,2.46,2.46,2.47,-0.63999987,-20.645157,4941.0,1227,0.1088956298828125,False,REGULAR,USD,2026-10-05,C
SPY261005C00771000,2026-09-29 18:44:13+00:00,771.0,2.12,2.1,2.12,-0.60000014,-22.058828,2141.0,1153,0.10779700805664064,False,REGULAR,USD,2026-10-05,C
SPY261005C00772000,2026-09-29 18:47:10+00:00,772.0,1.78,1.79,1.8,-0.55999994,-23.931622,950.0,566,0.10651528259277344,False,REGULAR,USD,2026-10-05,C
SPY261005C00773000,2026-09-29 18:52:13+00:00,773.0,1.52,1.52,1.54,-0.61000013,-28.638504,678.0,428,0.10608804077148437,False,REGULAR,USD,2026-10-05,C
SPY261005C00774000,2026-09-29 18:53:07+00:00,774.0,1.31,1.29,1.31,-0.42000008,-24.27746,617.0,624,0.10572183349609374,False,REGULAR,USD,2026-10-05,C
SPY261005C00775000,2026-09-29 18:49:42+00:00,775.0,1.08,1.08,1.09,-0.39,-26.530611,1224.0,1714,0.1046842462158203,False,REGULAR,USD,2026-10-05,C
SPY261005C00776000,2026-09-29 18:41:13+00:00,776.0,1.01,0.89,0.91,-0.28999996,-22.30769,269.0,316,0.10419596984863279,False,REGULAR,USD,2026-10-05,C
SPY261005C00777000,2026-09-29 18:49:56+00:00,777.0,0.75,0.75,0.76,-0.30999994,-29.24528,1131.0,297,0.10395183166503905,False,REGULAR,USD,2026-10-05,C
SPY261005C00778000,2026-09-29 18:48:44+00:00,778.0,0.61,0.62,0.64,-0.27999997,-31.46067,1003.0,771,0.10413493530273435,False,REGULAR,USD,2026-10-05,C
SPY261005C00779000,2026-09-29 18:48:09+00:00,779.0,0.51,0.52,0.53,-0.24000001,-32.0,307.0,649,0.10401286621093749,False,REGULAR,USD,2026-10-05,C
SPY261005C00780000,2026-09-29 18:47:46+00:00,780.0,0.41,0.42,0.43,-0.21000001,-33.870968,681.0,1390,0.10352458984374999,False,REGULAR,USD,2026-10-05,C
SPY261005C00781000,2026-09-29 18:44:55+00:00,781.0,0.37,0.35,0.37,-0.19,-33.92857,160.0,702,0.10474528076171874,False,REGULAR,USD,2026-10-05,C
SPY261005C00782000,2026-09-29 18:45:23+00:00,782.0,0.3,0.28,0.3,-0.16999999,-36.170208,871.0,462,0.10450114257812498,False,REGULAR,USD,2026-10-05,C
SPY261005C00783000,2026-09-29 18:50:06+00:00,783.0,0.24,0.24,0.25,-0.12000002,-33.333336,875.0,317,0.1049894189453125,False,REGULAR,USD,2026-10-05,C
SPY261005C00784000,2026-09-29 18:54:07+00:00,784.0,0.2,0.2,0.21,-0.10000001,-34.482758,958.0,400,0.10572183349609374,False,REGULAR,USD,2026-10-05,C
SPY261005C00785000,2026-09-29 18:49:56+00:00,785.0,0.17,0.16,0.17,-0.10000001,-37.03704,1392.0,892,0.10572183349609374,False,REGULAR,USD,2026-10-05,C
SPY261005C00786000,2026-09-29 18:43:09+00:00,786.0,0.16,0.14,0.15,-0.060000002,-27.272728,225.0,559,0.10743080078125,False,REGULAR,USD,2026-10-05,C
SPY261005C00787000,2026-09-29 18:21:11+00:00,787.0,0.12,0.12,0.13,-0.07,-36.842106,541.0,622,0.1088956298828125,False,REGULAR,USD,2026-10-05,C
SPY261005C00788000,2026-09-29 17:15:19+00:00,788.0,0.08,0.1,0.11,-0.08,-50.0,34.0,480,0.1098721826171875,False,REGULAR,USD,2026-10-05,C
SPY261005C00789000,2026-09-29 18:52:42+00:00,789.0,0.09,0.09,0.1,-0.06999999,-41.176468,100.0,393,0.11206942626953123,False,REGULAR,USD,2026-10-05,C
SPY261005C00790000,2026-09-29 18:40:54+00:00,790.0,0.09,0.08,0.09,-0.019999996,-18.181814,520.0,1002,0.11402253173828125,False,REGULAR,USD,2026-10-05,C
SPY261005C00791000,2026-09-29 18:42:13+00:00,791.0,0.09,0.07,0.08,0.0,0.0,57.0,433,0.1157314990234375,False,REGULAR,USD,2026-10-05,C
SPY261005C00792000,2026-09-29 14:48:17+00:00,792.0,0.07,0.06,0.07,-0.009999998,-12.499997,54.0,168,0.117196328125,False,REGULAR,USD,2026-10-05,C
SPY261005C00793000,2026-09-29 16:23:22+00:00,793.0,0.06,0.05,0.06,-0.02,-25.0,136.0,419,0.118172880859375,False,REGULAR,USD,2026-10-05,C
SPY261005C00794000,2026-09-29 15:50:54+00:00,794.0,0.05,0.05,0.06,-0.02,-28.571428,138.0,271,0.1215908154296875,False,REGULAR,USD,2026-10-05,C
SPY261005C00795000,2026-09-29 18:51:07+00:00,795.0,0.05,0.04,0.05,-0.009999998,-19.999996,228.0,1178,0.12207909179687501,False,REGULAR,USD,2026-10-05,C
SPY261005C00796000,2026-09-29 15:39:55+00:00,796.0,0.05,0.04,0.05,-0.009999998,-16.666662,87.0,695,0.125985302734375,False,REGULAR,USD,2026-10-05,C
SPY261005C00797000,2026-09-29 17:24:32+00:00,797.0,0.04,0.04,0.05,-0.010000002,-20.000002,2.0,594,0.1289149609375,False,REGULAR,USD,2026-10-05,C
SPY261005C00798000,2026-09-29 15:16:10+00:00,798.0,0.04,0.04,0.05,0.0,0.0,108.0,190,0.132821171875,False,REGULAR,USD,2026-10-05,C
SPY261005C00799000,2026-09-28 18:17:34+00:00,799.0,0.06,0.03,0.04,0.0,0.0,164.0,243,0.131844619140625,False,REGULAR,USD,2026-10-05,C
SPY261005C00800000,2026-09-29 18:39:55+00:00,800.0,0.04,0.03,0.04,0.01,33.333336,68.0,1370,0.13575083007812502,False,REGULAR,USD,2026-10-05,C
SPY261005C00801000,2026-09-28 17:59:25+00:00,801.0,0.05,0.03,0.04,0.0,0.0,396.0,552,0.13868048828125001,False,REGULAR,USD,2026-10-05,C
SPY261005C00802000,2026-09-28 18:58:25+00:00,802.0,0.04,0.03,0.04,0.0,0.0,110.0,266,0.1420984228515625,False,REGULAR,USD,2026-10-05,C
SPY261005C00803000,2026-09-25 18:37:57+00:00,803.0,0.08,0.03,0.04,0.0,0.0,26.0,290,0.145516357421875,False,REGULAR,USD,2026-10-05,C
SPY261005C00804000,2026-09-29 18:42:46+00:00,804.0,0.03,0.02,0.03,0.0,0.0,11.0,90,0.143563251953125,False,REGULAR,USD,2026-10-05,C
SPY261005C00805000,2026-09-29 15:22:50+00:00,805.0,0.03,0.02,0.03,0.0,0.0,1.0,1058,0.14649291015625,False,REGULAR,USD,2026-10-05,C
SPY261005C00806000,2026-09-28 14:44:41+00:00,806.0,0.03,0.02,0.03,0.0,0.0,22.0,111,0.15039912109375003,False,REGULAR,USD,2026-10-05,C
SPY261005C00807000,2026-09-24 15:36:10+00:00,807.0,0.05,0.02,0.03,0.0,0.0,24.0,197,0.15332877929687502,False,REGULAR,USD,2026-10-05,C
SPY261005C00808000,2026-09-28 18:54:48+00:00,808.0,0.03,0.02,0.03,0.0,0.0,21.0,33,0.1562584375,False,REGULAR,USD,2026-10-05,C
SPY261005C00809000,2026-09-25 16:13:21+00:00,809.0,0.08,0.02,0.03,0.0,0.0,279.0,324,0.159188095703125,False,REGULAR,USD,2026-10-05,C
SPY261005C00810000,2026-09-29 15:19:25+00:00,810.0,0.03,0.02,0.03,0.0,0.0,6.0,158,0.16211775390625,False,REGULAR,USD,2026-10-05,C
SPY261005C00815000,2026-09-29 18:50:06+00:00,815.0,0.02,0.01,0.02,-0.030000001,-60.0,481.0,144,0.16993017578125003,False,REGULAR,USD,2026-10-05,C
SPY261005C00820000,2026-09-23 16:32:35+00:00,820.0,0.03,0.01,0.02,0.0,0.0,3.0,32,0.18555501953124998,False,REGULAR,USD,2026-10-05,C
SPY261005C00825000,2026-09-23 18:14:45+00:00,825.0,0.03,0.01,0.02,0.0,0.0,24.0,72,0.1992267578125,False,REGULAR,USD,2026-10-05,C
SPY261005C00830000,2026-09-25 19:00:47+00:00,830.0,0.03,0.01,0.02,0.0,0.0,24.0,75,0.21289849609375,False,REGULAR,USD,2026-10-05,C
SPY261005C00840000,2026-09-29 17:25:22+00:00,840.0,0.01,0.0,0.01,-0.01,-50.0,1.0,4,0.22657023437499998,False,REGULAR,USD,2026-10-05,C
SPY261005C00850000,2026-09-23 16:32:52+00:00,850.0,0.02,0.0,0.01,0.0,0.0,,1,0.25391371093750004,False,REGULAR,USD,2026-10-05,C
SPY261005C00865000,2026-09-25 19:39:44+00:00,865.0,0.02,0.0,0.01,0.0,0.0,140.0,103,0.2890696093749999,False,REGULAR,USD,2026-10-05,C
SPY261005C00880000,2026-09-29 14:28:21+00:00,880.0,0.01,0.0,0.01,0.0,0.0,3.0,65,0.32813171874999997,False,REGULAR,USD,2026-10-05,C
SPY261005P00550000,2026-09-25 17:17:35+00:00,550.0,0.01,0.0,0.01,0.0,0.0,181.0,181,0.6875031250000001,False,REGULAR,USD,2026-10-05,P
SPY261005P00555000,2026-09-28 13:38:54+00:00,555.0,0.01,0.0,0.01,0.0,0.0,5.0,110,0.6718782812500002,False,REGULAR,USD,2026-10-05,P
SPY261005P00565000,2026-09-28 15:13:47+00:00,565.0,0.01,0.0,0.01,0.0,0.0,210.0,511,0.64062859375,False,REGULAR,USD,2026-10-05,P
SPY261005P00570000,2026-09-28 14:07:03+00:00,570.0,0.01,0.0,0.01,0.0,0.0,60.0,360,0.6250037500000001,False,REGULAR,USD,2026-10-05,P
SPY261005P00585000,2026-09-28 16:42:17+00:00,585.0,0.01,0.0,0.01,0.0,0.0,207.0,138,0.57812921875,False,REGULAR,USD,2026-10-05,P
SPY261005P00595000,2026-09-28 18:16:24+00:00,595.0,0.01,0.0,0.01,0.0,0.0,200.0,225,0.5312546875,False,REGULAR,USD,2026-10-05,P
SPY261005P00600000,2026-09-25 17:21:01+00:00,600.0,0.02,0.0,0.01,0.0,0.0,180.0,251,0.51562984375,False,REGULAR,USD,2026-10-05,P
SPY261005P00605000,2026-09-25 18:24:58+00:00,605.0,0.01,0.0,0.01,0.0,0.0,1.0,6,0.500005,False,REGULAR,USD,2026-10-05,P
SPY261005P00610000,2026-09-28 15:03:12+00:00,610.0,0.02,0.0,0.01,0.0,0.0,100.0,101,0.51562984375,False,REGULAR,USD,2026-10-05,P
SPY261005P00615000,2026-09-29 16:06:38+00:00,615.0,0.01,0.0,0.01,-0.01,-50.0,1.0,220,0.500005,False,REGULAR,USD,2026-10-05,P
SPY261005P00630000,2026-09-28 13:48:40+00:00,630.0,0.02,0.01,0.02,0.0,0.0,26.0,18,0.4726615234375,False,REGULAR,USD,2026-10-05,P
SPY261005P00640000,2026-09-29 16:47:28+00:00,640.0,0.02,0.01,0.02,-0.030000001,-60.0,1.0,1,0.437505625,False,REGULAR,USD,2026-10-05,P
SPY261005P00650000,2026-09-28 14:33:25+00:00,650.0,0.03,0.01,0.02,0.0,0.0,110.0,116,0.4023497265625,False,REGULAR,USD,2026-10-05,P
SPY261005P00655000,2026-09-25 19:54:32+00:00,655.0,0.03,0.01,0.02,0.0,0.0,2.0,2,0.38672488281249995,False,REGULAR,USD,2026-10-05,P
SPY261005P00660000,2026-09-28 19:23:54+00:00,660.0,0.03,0.01,0.02,0.0,0.0,1.0,6,0.367193828125,False,REGULAR,USD,2026-10-05,P
SPY261005P00665000,2026-09-28 17:21:11+00:00,665.0,0.04,0.02,0.03,0.0,0.0,17.0,97,0.3632876171875,False,REGULAR,USD,2026-10-05,P
SPY261005P00670000,2026-09-29 16:09:50+00:00,670.0,0.03,0.02,0.03,-0.01,-25.0,130.0,9652,0.34570966796874997,False,REGULAR,USD,2026-10-05,P
SPY261005P00675000,2026-09-29 18:38:56+00:00,675.0,0.03,0.02,0.03,-0.01,-25.0,23.0,5570,0.32813171874999997,False,REGULAR,USD,2026-10-05,P
SPY261005P00680000,2026-09-28 19:19:04+00:00,680.0,0.05,0.02,0.03,0.0,0.0,2603.0,2602,0.31055376953124997,False,REGULAR,USD,2026-10-05,P
SPY261005P00685000,2026-09-29 15:25:01+00:00,685.0,0.04,0.03,0.04,-0.02,-33.333336,6.0,19,0.30274134765625,False,REGULAR,USD,2026-10-05,P
SPY261005P00690000,2026-09-28 15:30:28+00:00,690.0,0.07,0.03,0.04,0.0,0.0,6.0,8,0.2841868457031249,False,REGULAR,USD,2026-10-05,P
SPY261005P00695000,2026-09-29 16:37:27+00:00,695.0,0.05,0.04,0.05,-0.009999998,-16.666662,310.0,12,0.273444765625,False,REGULAR,USD,2026-10-05,P
SPY261005P00700000,2026-09-29 15:22:32+00:00,700.0,0.06,0.04,0.05,-0.010000002,-14.285716,2.0,354,0.25489026367187506,False,REGULAR,USD,2026-10-05,P
SPY261005P00705000,2026-09-29 18:52:27+00:00,705.0,0.06,0.05,0.06,-0.030000005,-33.333336,13.0,109,0.241218525390625,False,REGULAR,USD,2026-10-05,P
SPY261005P00710000,2026-09-29 15:32:40+00:00,710.0,0.08,0.05,0.06,-0.060000002,-42.857143,3.0,1121,0.22266402343749997,False,REGULAR,USD,2026-10-05,P
SPY261005P00715000,2026-09-29 17:22:52+00:00,715.0,0.1,0.06,0.07,-0.019999996,-16.666662,3.0,147,0.20801573242187496,False,REGULAR,USD,2026-10-05,P
SPY261005P00720000,2026-09-29 18:50:06+00:00,720.0,0.07,0.07,0.08,-0.07,-41.17647,88.0,261,0.192390888671875,False,REGULAR,USD,2026-10-05,P
SPY261005P00723000,2026-09-29 15:33:43+00:00,723.0,0.12,0.08,0.09,-0.030000009,-20.000006,2.0,1,0.18360191406249998,False,REGULAR,USD,2026-10-05,P
SPY261005P00724000,2026-09-29 15:39:18+00:00,724.0,0.13,0.09,0.1,-0.030000001,-18.75,12.0,12,0.1821370849609375,False,REGULAR,USD,2026-10-05,P
SPY261005P00725000,2026-09-29 18:52:50+00:00,725.0,0.09,0.09,0.1,-0.09,-39.130436,5.0,113,0.1782308740234375,False,REGULAR,USD,2026-10-05,P
SPY261005P00726000,2026-09-28 20:03:49+00:00,726.0,0.17,0.09,0.1,0.0,0.0,12.0,171,0.17432466308593753,False,REGULAR,USD,2026-10-05,P
SPY261005P00727000,2026-09-28 20:06:37+00:00,727.0,0.17,0.1,0.11,0.0,0.0,19.0,36,0.17285983398437502,False,REGULAR,USD,2026-10-05,P
SPY261005P00728000,2026-09-29 13:33:17+00:00,728.0,0.13,0.1,0.11,-0.09,-40.909092,5.0,25,0.16895362304687503,False,REGULAR,USD,2026-10-05,P
SPY261005P00729000,2026-09-28 19:49:27+00:00,729.0,0.21,0.11,0.12,0.0,0.0,110.0,147,0.16700051757812504,False,REGULAR,USD,2026-10-05,P
SPY261005P00730000,2026-09-29 18:51:17+00:00,730.0,0.13,0.12,0.13,-0.08,-38.095238,97.0,463,0.16480327392578126,False,REGULAR,USD,2026-10-05,P
SPY261005P00731000,2026-09-29 17:01:03+00:00,731.0,0.21,0.12,0.13,-0.02000001,-8.695656,9.0,299,0.1606529248046875,False,REGULAR,USD,2026-10-05,P
SPY261005P00732000,2026-09-28 19:56:40+00:00,732.0,0.26,0.13,0.14,0.0,0.0,170.0,207,0.15821154296875,False,REGULAR,USD,2026-10-05,P
SPY261005P00733000,2026-09-29 15:55:52+00:00,733.0,0.26,0.14,0.15,0.00999999,3.9999962,12.0,77,0.1557701611328125,False,REGULAR,USD,2026-10-05,P
SPY261005P00734000,2026-09-29 18:07:12+00:00,734.0,0.2,0.15,0.16,-0.07000001,-25.925928,28.0,34,0.15332877929687502,False,REGULAR,USD,2026-10-05,P
SPY261005P00735000,2026-09-29 18:39:56+00:00,735.0,0.18,0.17,0.18,-0.120000005,-40.0,197.0,273,0.1518639501953125,False,REGULAR,USD,2026-10-05,P
SPY261005P00736000,2026-09-29 18:12:22+00:00,736.0,0.2,0.19,0.2,-0.11999999,-37.499996,11.0,215,0.15039912109375003,False,REGULAR,USD,2026-10-05,P
SPY261005P00737000,2026-09-29 17:58:45+00:00,737.0,0.33,0.2,0.21,-0.01999998,-5.71428,21.0,550,0.14722532470703126,False,REGULAR,USD,2026-10-05,P
SPY261005P00738000,2026-09-29 18:40:37+00:00,738.0,0.22,0.22,0.23,-0.15,-40.540543,37.0,283,0.1450280810546875,False,REGULAR,USD,2026-10-05,P
SPY261005P00739000,2026-09-29 18:25:23+00:00,739.0,0.3,0.24,0.25,-0.109999985,-26.829264,30.0,929,0.14283083740234376,False,REGULAR,USD,2026-10-05,P
SPY261005P00740000,2026-09-29 18:52:43+00:00,740.0,0.27,0.26,0.27,-0.17999998,-40.90909,573.0,411,0.14026738647460937,False,REGULAR,USD,2026-10-05,P
SPY261005P00741000,2026-09-29 18:31:59+00:00,741.0,0.38,0.29,0.31,-0.14999998,-28.301886,704.0,201,0.13941290283203128,False,REGULAR,USD,2026-10-05,P
SPY261005P00742000,2026-09-29 18:31:59+00:00,742.0,0.41,0.32,0.33,-0.099999994,-19.607841,687.0,155,0.13648324462890626,False,REGULAR,USD,2026-10-05,P
SPY261005P00743000,2026-09-29 18:38:28+00:00,743.0,0.41,0.37,0.38,-0.16999999,-29.310343,211.0,111,0.13562876098632815,False,REGULAR,USD,2026-10-05,P
SPY261005P00744000,2026-09-29 18:43:20+00:00,744.0,0.43,0.41,0.42,-0.18,-29.508196,964.0,660,0.13367565551757812,False,REGULAR,USD,2026-10-05,P
SPY261005P00745000,2026-09-29 18:51:09+00:00,745.0,0.46,0.46,0.47,-0.18999997,-29.230764,1374.0,785,0.13208875732421876,False,REGULAR,USD,2026-10-05,P
SPY261005P00746000,2026-09-29 18:39:17+00:00,746.0,0.53,0.51,0.52,-0.22000003,-29.333338,678.0,210,0.13001358276367186,False,REGULAR,USD,2026-10-05,P
SPY261005P00747000,2026-09-29 18:43:04+00:00,747.0,0.59,0.58,0.59,-0.23000002,-28.048782,368.0,1336,0.1287928918457031,False,REGULAR,USD,2026-10-05,P
SPY261005P00748000,2026-09-29 18:39:25+00:00,748.0,0.66,0.65,0.66,-0.22999996,-25.842693,211.0,690,0.12720599365234375,False,REGULAR,USD,2026-10-05,P
SPY261005P00749000,2026-09-29 18:48:44+00:00,749.0,0.77,0.73,0.74,-0.21000004,-21.428576,985.0,1066,0.1256190954589844,False,REGULAR,USD,2026-10-05,P
SPY261005P00750000,2026-09-29 18:50:07+00:00,750.0,0.86,0.82,0.84,-0.25,-22.522522,6469.0,1523,0.12445943908691406,False,REGULAR,USD,2026-10-05,P
SPY261005P00751000,2026-09-29 18:51:20+00:00,751.0,0.95,0.94,0.95,-0.29000002,-23.387098,286.0,1246,0.12323874816894533,False,REGULAR,USD,2026-10-05,P
SPY261005P00752000,2026-09-29 18:39:20+00:00,752.0,1.08,1.06,1.08,-0.25,-18.796991,270.0,642,0.12232322998046877,False,REGULAR,USD,2026-10-05,P
SPY261005P00753000,2026-09-29 18:51:08+00:00,753.0,1.2,1.19,1.2,-0.26999998,-18.367346,330.0,1272,0.12037012451171875,False,REGULAR,USD,2026-10-05,P
SPY261005P00754000,2026-09-29 18:51:21+00:00,754.0,1.34,1.34,1.35,-0.28999996,-17.791409,431.0,524,0.11908839904785155,False,REGULAR,USD,2026-10-05,P
SPY261005P00755000,2026-09-29 18:52:37+00:00,755.0,1.53,1.51,1.53,-0.26999998,-14.999999,5111.0,1343,0.118172880859375,False,REGULAR,USD,2026-10-05,P
SPY261005P00756000,2026-09-29 18:51:25+00:00,756.0,1.71,1.69,1.7,-0.25,-12.755102,288.0,675,0.11628080993652344,False,REGULAR,USD,2026-10-05,P
SPY261005P00757000,2026-09-29 18:39:25+00:00,757.0,1.92,1.91,1.92,-0.21000016,-9.859161,399.0,608,0.11536529174804688,False,REGULAR,USD,2026-10-05,P
SPY261005P00758000,2026-09-29 18:51:34+00:00,758.0,2.15,2.13,2.15,-0.16999984,-7.32758,1355.0,263,0.11405304901123048,False,REGULAR,USD,2026-10-05,P
SPY261005P00759000,2026-09-29 18:52:35+00:00,759.0,2.41,2.37,2.38,-0.23000002,-8.712122,712.0,618,0.11206942626953123,False,REGULAR,USD,2026-10-05,P
SPY261005P00760000,2026-09-29 18:48:37+00:00,760.0,2.75,2.65,2.66,-0.1400001,-4.844294,4178.0,1191,0.11078770080566405,False,REGULAR,USD,2026-10-05,P
SPY261005P00761000,2026-09-29 18:52:53+00:00,761.0,2.95,2.95,2.97,-0.24000001,-7.523511,745.0,455,0.10950597534179687,False,REGULAR,USD,2026-10-05,P
SPY261005P00762000,2026-09-29 18:51:35+00:00,762.0,3.33,3.28,3.3,-0.28999996,-8.011049,1128.0,577,0.10804114624023436,False,REGULAR,USD,2026-10-05,P
SPY261005P00763000,2026-09-29 18:47:53+00:00,763.0,3.78,3.65,3.67,-0.07999992,-2.072537,1449.0,743,0.1067594207763672,False,REGULAR,USD,2026-10-05,P
SPY261005P00764000,2026-09-29 18:53:03+00:00,764.0,4.03,4.04,4.06,-0.15999985,-3.818612,1799.0,628,0.10511148803710937,False,REGULAR,USD,2026-10-05,P
SPY261005P00765000,2026-09-29 18:53:34+00:00,765.0,4.48,4.46,4.48,-0.11000013,-2.396517,2935.0,1376,0.10340252075195311,True,REGULAR,USD,2026-10-05,P
SPY261005P00766000,2026-09-29 18:53:55+00:00,766.0,4.94,4.94,4.96,-0.11000013,-2.1782203,1100.0,1027,0.1022428643798828,True,REGULAR,USD,2026-10-05,P
SPY261005P00767000,2026-09-29 18:43:04+00:00,767.0,5.38,5.43,5.51,-0.13000011,-2.3593485,735.0,913,0.10187665710449219,True,REGULAR,USD,2026-10-05,P
SPY261005P00768000,2026-09-29 18:47:27+00:00,768.0,6.1,5.95,6.05,0.15999985,2.6936002,157.0,1333,0.10035079345703124,True,REGULAR,USD,2026-10-05,P
SPY261005P00769000,2026-09-29 18:39:58+00:00,769.0,6.54,6.52,6.64,0.029999733,0.46082538,102.0,993,0.09906906799316406,True,REGULAR,USD,2026-10-05,P
SPY261005P00770000,2026-09-29 18:42:38+00:00,770.0,7.1,7.16,7.28,0.03999996,0.5665717,177.0,955,0.0981535498046875,True,REGULAR,USD,2026-10-05,P
SPY261005P00771000,2026-09-29 18:41:51+00:00,771.0,7.69,7.78,7.98,-0.21000004,-2.6582284,276.0,551,0.09784837707519532,True,REGULAR,USD,2026-10-05,P
SPY261005P00772000,2026-09-29 18:24:56+00:00,772.0,9.23,8.46,8.71,1.2399998,15.519397,312.0,261,0.09748216979980469,True,REGULAR,USD,2026-10-05,P
SPY261005P00773000,2026-09-29 18:23:20+00:00,773.0,9.77,9.18,9.46,0.3800001,4.0468593,309.0,231,0.09668872070312501,True,REGULAR,USD,2026-10-05,P
SPY261005P00774000,2026-09-29 17:51:38+00:00,774.0,11.54,9.99,10.24,1.8900003,19.585497,325.0,197,0.09589527160644533,True,REGULAR,USD,2026-10-05,P
SPY261005P00775000,2026-09-29 18:22:01+00:00,775.0,11.5,10.81,11.15,0.8199997,7.6778994,838.0,401,0.09888596435546876,True,REGULAR,USD,2026-10-05,P
SPY261005P00776000,2026-09-29 16:36:23+00:00,776.0,13.0,11.64,12.02,1.7600002,15.658366,381.0,213,0.09986251708984376,True,REGULAR,USD,2026-10-05,P
SPY261005P00777000,2026-09-29 17:41:12+00:00,777.0,14.1,12.56,13.04,1.7200003,13.893379,255.0,223,0.10657631713867188,True,REGULAR,USD,2026-10-05,P
SPY261005P00778000,2026-09-29 18:52:06+00:00,778.0,13.45,13.36,13.94,0.84000015,6.6613812,196.0,130,0.1079190771484375,True,REGULAR,USD,2026-10-05,P
SPY261005P00779000,2026-09-29 18:43:00+00:00,779.0,14.25,14.32,14.86,0.39999962,2.8880837,100.0,97,0.10975011352539063,True,REGULAR,USD,2026-10-05,P
SPY261005P00780000,2026-09-29 18:49:02+00:00,780.0,15.5,14.64,15.8,0.85999966,5.874315,339.0,77,0.11206942626953123,True,REGULAR,USD,2026-10-05,P
SPY261005P00781000,2026-09-29 18:53:16+00:00,781.0,16.32,15.79,17.15,1.3999996,9.395971,339.0,52,0.13428600097656251,True,REGULAR,USD,2026-10-05,P
SPY261005P00782000,2026-09-29 17:42:26+00:00,782.0,18.2,16.74,17.97,1.75,10.638297,389.0,87,0.1313563427734375,True,REGULAR,USD,2026-10-05,P
SPY261005P00783000,2026-09-29 18:16:12+00:00,783.0,19.11,17.73,18.95,1.4200001,8.027134,298.0,40,0.13575083007812502,True,REGULAR,USD,2026-10-05,P
SPY261005P00784000,2026-09-29 17:43:03+00:00,784.0,21.06,18.72,20.1,3.0100002,16.675903,162.0,8,0.1485680847167969,True,REGULAR,USD,2026-10-05,P
SPY261005P00785000,2026-09-29 18:00:02+00:00,785.0,22.04,19.71,20.93,2.25,11.369378,493.0,15,0.14515015014648439,True,REGULAR,USD,2026-10-05,P
SPY261005P00786000,2026-09-29 18:20:23+00:00,786.0,22.14,20.71,21.93,1.0499992,4.978659,178.0,0,0.15027705200195315,True,REGULAR,USD,2026-10-05,P
SPY261005P00788000,2026-09-29 18:00:02+00:00,788.0,24.99,22.71,23.93,3.8899994,18.436016,150.0,0,0.16040878662109376,True,REGULAR,USD,2026-10-05,P
SPY261005P00790000,2026-09-29 18:31:46+00:00,790.0,26.4,24.5,26.16,2.4699993,10.321769,204.0,0,0.18335777587890623,True,REGULAR,USD,2026-10-05,P
SPY261005P00791000,2026-09-29 18:00:03+00:00,791.0,27.85,25.5,27.2,4.25,18.008474,44.0,0,0.19062088684082032,True,REGULAR,USD,2026-10-05,P
SPY261005P00794000,2026-09-29 18:22:25+00:00,794.0,29.96,28.4,30.18,3.1699982,11.832767,22.0,0,0.2048419360351562,True,REGULAR,USD,2026-10-05,P
SPY261005P00795000,2026-09-29 18:46:58+00:00,795.0,30.26,29.4,31.15,0.42000008,1.407507,102.0,0,0.2082598706054687,True,REGULAR,USD,2026-10-05,P
SPY261005P00797000,2026-09-29 18:42:46+00:00,797.0,32.01,31.4,33.17,1.6899986,5.573874,92.0,0,0.21930712341308595,True,REGULAR,USD,2026-10-05,P
SPY261006C00710000,2026-09-29 18:44:09+00:00,710.0,55.38,54.56,56.07,-4.0699997,-6.8460884,169.0,1,0.3494938098144531,True,REGULAR,USD,2026-10-06,C
SPY261006C00741000,2026-09-29 18:48:23+00:00,741.0,24.6,23.95,25.48,-0.79999924,-3.1496034,447.0,11,0.20264469238281246,True,REGULAR,USD,2026-10-06,C
SPY261006C00742000,2026-09-29 18:48:01+00:00,742.0,23.69,22.97,24.48,-3.3099995,-12.259257,547.0,11,0.19672434143066403,True,REGULAR,USD,2026-10-06,C
SPY261006C00743000,2026-09-29 18:46:32+00:00,743.0,23.03,22.09,23.58,-0.9899998,-4.1215644,387.0,14,0.19458813232421873,True,REGULAR,USD,2026-10-06,C
SPY261006C00745000,2026-09-29 18:46:58+00:00,745.0,21.06,20.19,21.65,-1.1400013,-5.135141,522.0,7,0.185005708618164,True,REGULAR,USD,2026-10-06,C
SPY261006C00747000,2026-09-29 18:48:57+00:00,747.0,19.19,18.85,19.28,-3.5100002,-15.462556,242.0,10,0.1595543029785156,True,REGULAR,USD,2026-10-06,C
SPY261006C00748000,2026-09-29 18:23:02+00:00,748.0,18.06,17.99,18.41,-2.9700012,-14.122687,132.0,6,0.15815050842285155,True,REGULAR,USD,2026-10-06,C
SPY261006C00749000,2026-09-29 18:47:08+00:00,749.0,17.34,17.12,17.5,-1.4300003,-7.6185417,321.0,11,0.1550377465820313,True,REGULAR,USD,2026-10-06,C
SPY261006C00750000,2026-09-29 18:45:40+00:00,750.0,16.65,16.22,16.59,-2.5599995,-13.32639,245.0,12,0.15174188110351564,True,REGULAR,USD,2026-10-06,C
SPY261006C00751000,2026-09-29 18:47:52+00:00,751.0,15.41,15.44,15.77,-1.6300011,-9.565734,168.0,46,0.15100946655273442,True,REGULAR,USD,2026-10-06,C
SPY261006C00752000,2026-09-29 18:16:22+00:00,752.0,14.09,14.6,14.91,-1.8199997,-11.439344,172.0,23,0.14862911926269531,True,REGULAR,USD,2026-10-06,C
SPY261006C00753000,2026-09-29 17:53:00+00:00,753.0,12.54,13.72,14.0,-5.0999994,-28.911562,420.0,27,0.14444825286865232,True,REGULAR,USD,2026-10-06,C
SPY261006C00755000,2026-09-29 18:41:22+00:00,755.0,12.64,12.15,12.4,-0.25999928,-2.0154984,432.0,12,0.1413965255737305,True,REGULAR,USD,2026-10-06,C
SPY261006C00756000,2026-09-29 18:30:38+00:00,756.0,10.93,11.35,11.57,-1.3199997,-10.775508,595.0,17,0.13843635009765626,True,REGULAR,USD,2026-10-06,C
SPY261006C00757000,2026-09-29 18:41:24+00:00,757.0,11.01,10.6,10.8,-0.7399998,-6.29787,98.0,19,0.13666634826660157,True,REGULAR,USD,2026-10-06,C
SPY261006C00760000,2026-09-29 18:30:49+00:00,760.0,7.92,8.41,8.59,-2.6499996,-25.070953,196.0,90,0.13086806640624998,True,REGULAR,USD,2026-10-06,C
SPY261006C00761000,2026-09-29 18:44:57+00:00,761.0,7.84,7.68,7.84,-1.1499996,-12.791987,43.0,30,0.12766375274658204,True,REGULAR,USD,2026-10-06,C
SPY261006C00762000,2026-09-29 18:53:09+00:00,762.0,7.12,7.03,7.15,-0.8000002,-10.101012,550.0,39,0.1253139227294922,True,REGULAR,USD,2026-10-06,C
SPY261006C00763000,2026-09-29 18:49:28+00:00,763.0,6.43,6.38,6.51,-0.75,-10.445683,897.0,23,0.1235439208984375,True,REGULAR,USD,2026-10-06,C
SPY261006C00764000,2026-09-29 18:51:55+00:00,764.0,5.79,5.84,5.87,-1.0500002,-15.350879,778.0,71,0.12116357360839844,True,REGULAR,USD,2026-10-06,C
SPY261006C00765000,2026-09-29 18:51:30+00:00,765.0,5.23,5.24,5.27,-0.80999994,-13.410595,2113.0,196,0.11905788177490234,False,REGULAR,USD,2026-10-06,C
SPY261006C00766000,2026-09-29 18:52:13+00:00,766.0,4.69,4.71,4.74,-0.77999973,-14.259593,1345.0,340,0.11783719085693359,False,REGULAR,USD,2026-10-06,C
SPY261006C00767000,2026-09-29 18:53:22+00:00,767.0,4.22,4.18,4.21,-0.6800003,-13.877557,686.0,278,0.11594511993408202,False,REGULAR,USD,2026-10-06,C
SPY261006C00768000,2026-09-29 18:46:44+00:00,768.0,3.79,3.7,3.73,-0.75,-16.519823,896.0,590,0.11444977355957033,False,REGULAR,USD,2026-10-06,C
SPY261006C00769000,2026-09-29 18:51:22+00:00,769.0,3.3,3.27,3.3,-0.7700002,-18.918924,639.0,183,0.11341218627929686,False,REGULAR,USD,2026-10-06,C
SPY261006C00770000,2026-09-29 18:51:32+00:00,770.0,2.86,2.86,2.88,-0.59000015,-17.101454,1176.0,564,0.11182528808593749,False,REGULAR,USD,2026-10-06,C
SPY261006C00771000,2026-09-29 18:49:22+00:00,771.0,2.5,2.49,2.51,-0.6600001,-20.886078,265.0,594,0.11066563171386719,False,REGULAR,USD,2026-10-06,C
SPY261006C00772000,2026-09-29 18:52:53+00:00,772.0,2.19,2.15,2.17,-0.49,-18.28358,752.0,255,0.10944494079589843,False,REGULAR,USD,2026-10-06,C
SPY261006C00773000,2026-09-29 18:50:30+00:00,773.0,1.88,1.85,1.87,-0.44999993,-19.313303,256.0,298,0.10846838806152344,False,REGULAR,USD,2026-10-06,C
SPY261006C00774000,2026-09-29 18:42:35+00:00,774.0,1.69,1.59,1.6,-0.46000004,-21.39535,308.0,363,0.10755286987304688,False,REGULAR,USD,2026-10-06,C
SPY261006C00775000,2026-09-29 18:51:51+00:00,775.0,1.36,1.36,1.37,-0.40999997,-23.16384,1764.0,3412,0.10700355895996094,False,REGULAR,USD,2026-10-06,C
SPY261006C00776000,2026-09-29 18:47:53+00:00,776.0,1.13,1.15,1.16,-0.44000006,-28.025482,670.0,268,0.10621010986328125,False,REGULAR,USD,2026-10-06,C
SPY261006C00777000,2026-09-29 18:50:49+00:00,777.0,0.96,0.96,0.98,-0.42000002,-30.434782,268.0,187,0.1056607989501953,False,REGULAR,USD,2026-10-06,C
SPY261006C00778000,2026-09-29 18:47:00+00:00,778.0,0.83,0.82,0.83,-0.34999996,-29.661015,132.0,199,0.1054776953125,False,REGULAR,USD,2026-10-06,C
SPY261006C00779000,2026-09-29 18:42:37+00:00,779.0,0.74,0.67,0.69,-0.26,-26.0,148.0,266,0.10480631530761718,False,REGULAR,USD,2026-10-06,C
SPY261006C00780000,2026-09-29 18:51:42+00:00,780.0,0.57,0.57,0.59,-0.23000002,-28.750002,1084.0,527,0.10523355712890625,False,REGULAR,USD,2026-10-06,C
SPY261006C00781000,2026-09-29 18:45:06+00:00,781.0,0.49,0.47,0.49,-0.20999998,-29.999998,207.0,471,0.10492838439941406,False,REGULAR,USD,2026-10-06,C
SPY261006C00782000,2026-09-29 18:49:56+00:00,782.0,0.4,0.4,0.41,-0.21000001,-34.426228,1082.0,234,0.1049894189453125,False,REGULAR,USD,2026-10-06,C
SPY261006C00783000,2026-09-29 18:47:36+00:00,783.0,0.32,0.33,0.35,-0.14000002,-30.434786,549.0,232,0.10559976440429686,False,REGULAR,USD,2026-10-06,C
SPY261006C00784000,2026-09-29 18:49:56+00:00,784.0,0.28,0.27,0.28,-0.13999999,-33.33333,344.0,53,0.10486734985351562,False,REGULAR,USD,2026-10-06,C
SPY261006C00785000,2026-09-29 18:43:09+00:00,785.0,0.26,0.23,0.24,-0.100000024,-27.777782,185.0,476,0.10572183349609374,False,REGULAR,USD,2026-10-06,C
SPY261006C00786000,2026-09-29 18:25:23+00:00,786.0,0.19,0.19,0.2,-0.099999994,-34.482758,895.0,278,0.10596597167968749,False,REGULAR,USD,2026-10-06,C
SPY261006C00787000,2026-09-29 18:41:22+00:00,787.0,0.2,0.16,0.17,-0.059999987,-23.076918,402.0,127,0.10669838623046876,False,REGULAR,USD,2026-10-06,C
SPY261006C00788000,2026-09-29 18:02:24+00:00,788.0,0.13,0.14,0.15,-0.07000001,-35.000004,199.0,497,0.10816321533203124,False,REGULAR,USD,2026-10-06,C
SPY261006C00789000,2026-09-29 18:44:17+00:00,789.0,0.13,0.12,0.13,-0.030000001,-17.647058,703.0,166,0.10938390625,False,REGULAR,USD,2026-10-06,C
SPY261006C00790000,2026-09-29 17:52:51+00:00,790.0,0.09,0.1,0.11,-0.060000002,-40.0,507.0,282,0.11011632080078124,False,REGULAR,USD,2026-10-06,C
SPY261006C00791000,2026-09-29 18:32:53+00:00,791.0,0.09,0.09,0.1,-0.049999997,-35.714283,80.0,698,0.11182528808593749,False,REGULAR,USD,2026-10-06,C
SPY261006C00792000,2026-09-29 17:56:48+00:00,792.0,0.07,0.08,0.09,-0.37,-84.09091,54.0,55,0.1137783935546875,False,REGULAR,USD,2026-10-06,C
SPY261006C00793000,2026-09-29 17:57:54+00:00,793.0,0.06,0.07,0.08,-0.040000003,-40.000004,72.0,93,0.11524322265625,False,REGULAR,USD,2026-10-06,C
SPY261006C00794000,2026-09-29 18:50:21+00:00,794.0,0.07,0.06,0.07,-0.049999997,-41.666664,74.0,111,0.116219775390625,False,REGULAR,USD,2026-10-06,C
SPY261006C00795000,2026-09-29 18:27:01+00:00,795.0,0.06,0.06,0.07,-0.02,-25.0,84.0,303,0.11963770996093749,False,REGULAR,USD,2026-10-06,C
SPY261006C00796000,2026-09-29 18:33:40+00:00,796.0,0.05,0.05,0.06,-0.16,-76.190475,67.0,2,0.1206142626953125,False,REGULAR,USD,2026-10-06,C
SPY261006C00797000,2026-09-29 18:33:53+00:00,797.0,0.05,0.05,0.06,-0.02,-28.571428,40.0,51,0.1235439208984375,False,REGULAR,USD,2026-10-06,C
SPY261006C00798000,2026-09-29 13:43:39+00:00,798.0,0.05,0.04,0.05,-0.02,-28.571428,13.0,21,0.124032197265625,False,REGULAR,USD,2026-10-06,C
SPY261006C00799000,2026-09-28 18:02:53+00:00,799.0,0.07,0.04,0.05,0.0,0.0,34.0,64,0.12696185546875,False,REGULAR,USD,2026-10-06,C
SPY261006C00800000,2026-09-29 18:26:59+00:00,800.0,0.04,0.04,0.05,-0.02,-33.333336,251.0,942,0.13037979003906247,False,REGULAR,USD,2026-10-06,C
SPY261006C00801000,2026-09-29 18:36:15+00:00,801.0,0.04,0.04,0.05,-0.11000001,-73.333336,2.0,66,0.1333094482421875,False,REGULAR,USD,2026-10-06,C
SPY261006C00802000,2026-09-29 14:52:01+00:00,802.0,0.04,0.03,0.04,-0.010000002,-20.000002,25.0,160,0.132821171875,False,REGULAR,USD,2026-10-06,C
SPY261006C00803000,2026-09-28 20:11:55+00:00,803.0,0.04,0.03,0.04,0.0,0.0,7.0,10,0.13575083007812502,False,REGULAR,USD,2026-10-06,C
SPY261006C00804000,2026-09-29 18:09:36+00:00,804.0,0.03,0.03,0.04,-0.020000001,-40.000004,460.0,18,0.13868048828125001,False,REGULAR,USD,2026-10-06,C
SPY261006C00805000,2026-09-29 18:20:36+00:00,805.0,0.03,0.03,0.04,-0.01,-25.0,2281.0,159,0.141610146484375,False,REGULAR,USD,2026-10-06,C
SPY261006C00807000,2026-09-24 17:56:35+00:00,807.0,0.07,0.03,0.04,0.0,0.0,,12,0.148446015625,False,REGULAR,USD,2026-10-06,C
SPY261006C00808000,2026-09-28 19:53:14+00:00,808.0,0.03,0.02,0.03,0.0,0.0,48.0,63,0.14649291015625,False,REGULAR,USD,2026-10-06,C
SPY261006C00810000,2026-09-29 18:11:42+00:00,810.0,0.02,0.02,0.03,-0.05,-71.42857,200.0,137,0.15235222656250003,False,REGULAR,USD,2026-10-06,C
SPY261006C00815000,2026-09-29 18:20:28+00:00,815.0,0.03,0.02,0.03,0.01,50.0,400.0,94,0.16602396484375004,False,REGULAR,USD,2026-10-06,C
SPY261006C00820000,2026-09-29 16:13:35+00:00,820.0,0.02,0.01,0.02,-0.030000001,-60.0,248.0,97,0.17383638671875,False,REGULAR,USD,2026-10-06,C
SPY261006C00825000,2026-09-25 18:44:33+00:00,825.0,0.04,0.01,0.02,0.0,0.0,24.0,51,0.18555501953124998,False,REGULAR,USD,2026-10-06,C
SPY261006C00835000,2026-09-22 19:30:31+00:00,835.0,0.04,0.01,0.02,0.0,0.0,,25,0.21289849609375,False,REGULAR,USD,2026-10-06,C
SPY261006C00845000,2026-09-25 19:22:02+00:00,845.0,0.02,0.01,0.02,0.0,0.0,52.0,52,0.23828886718749998,False,REGULAR,USD,2026-10-06,C
SPY261006P00550000,2026-09-28 14:11:09+00:00,550.0,0.01,0.0,0.01,0.0,0.0,151.0,151,0.6562534375000001,False,REGULAR,USD,2026-10-06,P
SPY261006P00575000,2026-09-29 13:44:24+00:00,575.0,0.01,0.0,0.01,0.0,0.0,70.0,10,0.5625043750000001,False,REGULAR,USD,2026-10-06,P
SPY261006P00580000,2026-09-29 15:53:29+00:00,580.0,0.01,0.0,0.01,-0.02,-66.66667,10.0,72,0.5468795312500001,False,REGULAR,USD,2026-10-06,P
SPY261006P00600000,2026-09-24 17:47:45+00:00,600.0,0.04,0.01,0.02,0.0,0.0,,5,0.5312546875,False,REGULAR,USD,2026-10-06,P
SPY261006P00615000,2026-09-25 17:51:54+00:00,615.0,0.03,0.01,0.02,0.0,0.0,24.0,24,0.49219257812500006,False,REGULAR,USD,2026-10-06,P
SPY261006P00655000,2026-09-24 17:56:43+00:00,655.0,0.09,0.02,0.03,0.0,0.0,,3,0.37500625,False,REGULAR,USD,2026-10-06,P
SPY261006P00660000,2026-09-28 13:53:58+00:00,660.0,0.04,0.02,0.03,0.0,0.0,1.0,1,0.35742830078125,False,REGULAR,USD,2026-10-06,P
SPY261006P00665000,2026-09-28 17:51:54+00:00,665.0,0.05,0.03,0.04,0.0,0.0,81.0,143,0.3505924316406249,False,REGULAR,USD,2026-10-06,P
SPY261006P00670000,2026-09-29 13:55:33+00:00,670.0,0.04,0.03,0.04,-0.010000002,-20.000002,8174.0,87,0.33399103515625,False,REGULAR,USD,2026-10-06,P
SPY261006P00675000,2026-09-29 17:11:02+00:00,675.0,0.05,0.03,0.04,-0.029999997,-37.499996,4.0,1,0.31641308593749995,False,REGULAR,USD,2026-10-06,P
SPY261006P00690000,2026-09-29 17:46:12+00:00,690.0,0.06,0.05,0.06,-0.02,-25.0,210.0,6,0.278327529296875,False,REGULAR,USD,2026-10-06,P
SPY261006P00695000,2026-09-29 18:37:10+00:00,695.0,0.06,0.05,0.06,-0.040000003,-40.000004,5.0,144,0.260749580078125,False,REGULAR,USD,2026-10-06,P
SPY261006P00700000,2026-09-29 18:08:27+00:00,700.0,0.07,0.06,0.07,-0.030000001,-30.0,76.0,120,0.24805439453125,False,REGULAR,USD,2026-10-06,P
SPY261006P00705000,2026-09-24 15:55:53+00:00,705.0,0.31,0.07,0.08,0.0,0.0,18.0,28,0.23389437988281248,False,REGULAR,USD,2026-10-06,P
SPY261006P00710000,2026-09-29 18:09:00+00:00,710.0,0.11,0.08,0.09,-0.019999996,-15.384612,10.0,45,0.2192460888671875,False,REGULAR,USD,2026-10-06,P
SPY261006P00715000,2026-09-29 18:42:01+00:00,715.0,0.09,0.09,0.1,-0.13,-59.090908,1056.0,96,0.20410952148437497,False,REGULAR,USD,2026-10-06,P
SPY261006P00720000,2026-09-29 15:47:54+00:00,720.0,0.15,0.11,0.12,-0.03999999,-21.052628,13.0,129,0.1901936450195313,False,REGULAR,USD,2026-10-06,P
SPY261006P00723000,2026-09-29 16:41:47+00:00,723.0,0.19,0.12,0.13,-0.019999996,-9.523808,20.0,7,0.18116053222656248,False,REGULAR,USD,2026-10-06,P
SPY261006P00724000,2026-09-29 18:43:42+00:00,724.0,0.14,0.13,0.14,-0.08,-33.333336,12.0,6,0.17920742675781248,False,REGULAR,USD,2026-10-06,P
SPY261006P00725000,2026-09-29 17:47:55+00:00,725.0,0.2,0.14,0.15,-0.00999999,-4.7619004,22.0,312,0.1772543212890625,False,REGULAR,USD,2026-10-06,P
SPY261006P00726000,2026-09-29 13:45:04+00:00,726.0,0.18,0.14,0.15,-0.059999987,-24.999994,1.0,62,0.1733481103515625,False,REGULAR,USD,2026-10-06,P
SPY261006P00727000,2026-09-24 14:45:57+00:00,727.0,0.65,0.15,0.16,0.0,0.0,,2,0.17090672851562502,False,REGULAR,USD,2026-10-06,P
SPY261006P00728000,2026-09-29 17:25:51+00:00,728.0,0.23,0.16,0.17,-0.040000007,-14.8148155,23.0,64,0.1687094848632813,False,REGULAR,USD,2026-10-06,P
SPY261006P00729000,2026-09-29 18:25:23+00:00,729.0,0.21,0.17,0.18,-0.08,-27.586208,55.0,35,0.1662681030273438,False,REGULAR,USD,2026-10-06,P
SPY261006P00730000,2026-09-29 18:37:10+00:00,730.0,0.21,0.18,0.19,-0.10000001,-32.258068,41.0,292,0.1638267211914063,False,REGULAR,USD,2026-10-06,P
SPY261006P00731000,2026-09-29 18:39:59+00:00,731.0,0.2,0.19,0.2,-0.08,-28.571428,12.0,12,0.161141201171875,False,REGULAR,USD,2026-10-06,P
SPY261006P00732000,2026-09-29 17:46:12+00:00,732.0,0.29,0.2,0.21,-0.07000002,-19.44445,108.0,78,0.15821154296875,False,REGULAR,USD,2026-10-06,P
SPY261006P00733000,2026-09-29 18:23:33+00:00,733.0,0.27,0.22,0.23,-0.07999998,-22.857138,231.0,31,0.15674671386718753,False,REGULAR,USD,2026-10-06,P
SPY261006P00734000,2026-09-29 18:43:42+00:00,734.0,0.25,0.24,0.25,-0.13999999,-35.89743,52.0,35,0.15479360839843753,False,REGULAR,USD,2026-10-06,P
SPY261006P00735000,2026-09-29 18:46:40+00:00,735.0,0.26,0.25,0.26,-0.13,-33.333336,213.0,454,0.15161981201171876,False,REGULAR,USD,2026-10-06,P
SPY261006P00736000,2026-09-29 15:09:37+00:00,736.0,0.38,0.27,0.29,-0.03999999,-9.523808,48.0,31,0.1505211901855469,False,REGULAR,USD,2026-10-06,P
SPY261006P00737000,2026-09-29 18:40:37+00:00,737.0,0.32,0.3,0.31,-0.17000002,-34.693882,480.0,39,0.1480798083496094,False,REGULAR,USD,2026-10-06,P
SPY261006P00738000,2026-09-29 18:15:38+00:00,738.0,0.44,0.33,0.34,-0.089999974,-16.981127,149.0,57,0.1463708410644531,False,REGULAR,USD,2026-10-06,P
SPY261006P00739000,2026-09-29 18:32:51+00:00,739.0,0.44,0.36,0.38,-0.060000002,-12.0,99.0,237,0.14527221923828126,False,REGULAR,USD,2026-10-06,P
SPY261006P00740000,2026-09-29 18:48:34+00:00,740.0,0.42,0.4,0.41,-0.19000003,-31.147543,459.0,555,0.14295290649414064,False,REGULAR,USD,2026-10-06,P
SPY261006P00741000,2026-09-29 18:43:24+00:00,741.0,0.46,0.43,0.45,-0.08000001,-14.8148155,128.0,9,0.1412439392089844,False,REGULAR,USD,2026-10-06,P
SPY261006P00742000,2026-09-29 18:35:17+00:00,742.0,0.58,0.48,0.49,0.01999998,3.5714252,85.0,88,0.13916876464843753,False,REGULAR,USD,2026-10-06,P
SPY261006P00743000,2026-09-29 18:27:51+00:00,743.0,0.63,0.53,0.55,0.01999998,3.2786853,406.0,64,0.1381922119140625,False,REGULAR,USD,2026-10-06,P
SPY261006P00744000,2026-09-29 18:20:46+00:00,744.0,0.71,0.59,0.61,-0.060000002,-7.792208,236.0,33,0.13672738281250002,False,REGULAR,USD,2026-10-06,P
SPY261006P00745000,2026-09-29 18:48:34+00:00,745.0,0.69,0.65,0.66,-0.19,-21.59091,578.0,475,0.1344080700683594,False,REGULAR,USD,2026-10-06,P
SPY261006P00746000,2026-09-29 18:50:39+00:00,746.0,0.75,0.72,0.73,0.0,0.0,562.0,133,0.13288220642089843,False,REGULAR,USD,2026-10-06,P
SPY261006P00747000,2026-09-29 18:47:34+00:00,747.0,0.86,0.81,0.82,-0.19999993,-18.867918,307.0,198,0.13190565368652346,False,REGULAR,USD,2026-10-06,P
SPY261006P00748000,2026-09-29 18:46:10+00:00,748.0,0.9,0.89,0.91,-0.19000006,-17.431198,198.0,867,0.13050185913085935,False,REGULAR,USD,2026-10-06,P
SPY261006P00749000,2026-09-29 18:53:19+00:00,749.0,0.99,1.0,1.01,-0.21000004,-17.500002,294.0,95,0.1290980645751953,False,REGULAR,USD,2026-10-06,P
SPY261006P00750000,2026-09-29 18:38:35+00:00,750.0,1.2,1.11,1.12,-0.15999997,-11.764703,687.0,1018,0.1276332354736328,False,REGULAR,USD,2026-10-06,P
SPY261006P00751000,2026-09-29 18:51:22+00:00,751.0,1.24,1.23,1.24,0.060000062,5.084751,361.0,258,0.1261684063720703,False,REGULAR,USD,2026-10-06,P
SPY261006P00752000,2026-09-29 18:51:25+00:00,752.0,1.38,1.35,1.36,-0.21000004,-13.207549,153.0,130,0.12427633544921876,False,REGULAR,USD,2026-10-06,P
SPY261006P00753000,2026-09-29 18:18:45+00:00,753.0,1.69,1.51,1.53,-0.18999994,-10.1063795,199.0,254,0.1235439208984375,False,REGULAR,USD,2026-10-06,P
SPY261006P00754000,2026-09-29 18:26:37+00:00,754.0,1.89,1.67,1.68,0.01999998,1.0695177,151.0,690,0.12171288452148438,False,REGULAR,USD,2026-10-06,P
SPY261006P00755000,2026-09-29 18:41:43+00:00,755.0,1.83,1.85,1.86,-0.28999984,-13.679239,374.0,479,0.1203090899658203,False,REGULAR,USD,2026-10-06,P
SPY261006P00756000,2026-09-29 18:51:32+00:00,756.0,2.09,2.06,2.07,-0.31000018,-12.916674,261.0,155,0.11921046813964843,False,REGULAR,USD,2026-10-06,P
SPY261006P00757000,2026-09-29 18:36:29+00:00,757.0,2.51,2.27,2.28,0.099999905,4.1493735,366.0,495,0.11756253540039063,False,REGULAR,USD,2026-10-06,P
SPY261006P00758000,2026-09-29 18:51:00+00:00,758.0,2.56,2.51,2.52,-0.35000014,-12.027496,286.0,123,0.116219775390625,False,REGULAR,USD,2026-10-06,P
SPY261006P00759000,2026-09-29 18:51:00+00:00,759.0,2.82,2.76,2.79,-0.25,-8.143323,273.0,216,0.11499908447265625,False,REGULAR,USD,2026-10-06,P
SPY261006P00760000,2026-09-29 18:51:25+00:00,760.0,3.09,3.04,3.07,-0.17000008,-5.2147264,575.0,698,0.1134732208251953,False,REGULAR,USD,2026-10-06,P
SPY261006P00761000,2026-09-29 18:43:39+00:00,761.0,3.37,3.35,3.36,-0.17000008,-4.8022623,291.0,278,0.11155063262939452,False,REGULAR,USD,2026-10-06,P
SPY261006P00762000,2026-09-29 18:50:04+00:00,762.0,3.73,3.68,3.7,-0.1500001,-3.8659818,604.0,123,0.11017735534667968,False,REGULAR,USD,2026-10-06,P
SPY261006P00763000,2026-09-29 18:50:57+00:00,763.0,4.11,4.05,4.07,0.03000021,0.7352993,876.0,268,0.10883459533691406,False,REGULAR,USD,2026-10-06,P
SPY261006P00764000,2026-09-29 18:49:50+00:00,764.0,4.51,4.44,4.46,0.010000229,0.2222273,1132.0,394,0.10724769714355468,False,REGULAR,USD,2026-10-06,P
SPY261006P00765000,2026-09-29 18:53:12+00:00,765.0,4.87,4.88,4.9,0.01999998,0.41237074,1402.0,1196,0.10602700622558593,True,REGULAR,USD,2026-10-06,P
SPY261006P00766000,2026-09-29 18:52:35+00:00,766.0,5.39,5.34,5.36,-0.010000229,-0.18518943,815.0,137,0.10456217712402342,True,REGULAR,USD,2026-10-06,P
SPY261006P00767000,2026-09-29 18:41:31+00:00,767.0,5.66,5.77,5.88,-0.16000032,-2.7491465,170.0,441,0.10364665893554686,True,REGULAR,USD,2026-10-06,P
SPY261006P00768000,2026-09-29 18:43:12+00:00,768.0,6.25,6.3,6.41,-0.15999985,-2.4960976,1102.0,236,0.10215131256103514,True,REGULAR,USD,2026-10-06,P
SPY261006P00769000,2026-09-29 18:53:03+00:00,769.0,6.9,6.86,7.01,0.119999886,1.7699097,389.0,94,0.10147993255615234,True,REGULAR,USD,2026-10-06,P
SPY261006P00770000,2026-09-29 18:38:32+00:00,770.0,7.94,7.45,7.61,0.3699999,4.887713,191.0,791,0.09998458618164063,True,REGULAR,USD,2026-10-06,P
SPY261006P00771000,2026-09-29 18:22:00+00:00,771.0,8.59,8.05,8.25,1.4700003,20.646072,64.0,164,0.09855027435302735,True,REGULAR,USD,2026-10-06,P
SPY261006P00772000,2026-09-29 18:45:37+00:00,772.0,8.7,8.72,8.91,-0.11000061,-1.2485881,25.0,140,0.09668872070312501,True,REGULAR,USD,2026-10-06,P
SPY261006P00773000,2026-09-29 18:22:01+00:00,773.0,10.1,9.43,9.69,0.78999996,8.485499,377.0,184,0.09723803161621095,True,REGULAR,USD,2026-10-06,P
SPY261006P00774000,2026-09-29 18:51:49+00:00,774.0,10.47,10.18,10.41,0.9200001,9.633509,728.0,36,0.09516285705566407,True,REGULAR,USD,2026-10-06,P
SPY261006P00775000,2026-09-29 18:51:37+00:00,775.0,11.23,10.96,11.23,0.5799999,5.4460087,584.0,348,0.09528492614746095,True,REGULAR,USD,2026-10-06,P
SPY261006P00776000,2026-09-29 18:51:11+00:00,776.0,11.93,11.76,12.05,0.7300005,6.5178614,120.0,2,0.0945525115966797,True,REGULAR,USD,2026-10-06,P
SPY261006P00777000,2026-09-29 18:52:53+00:00,777.0,12.7,12.65,12.96,1.6700001,15.140526,122.0,12,0.09650561706542969,True,REGULAR,USD,2026-10-06,P
SPY261006P00778000,2026-09-29 18:52:40+00:00,778.0,13.62,13.67,14.03,2.0299997,17.515097,322.0,4,0.10474528076171874,True,REGULAR,USD,2026-10-06,P
SPY261006P00779000,2026-09-29 18:53:34+00:00,779.0,14.51,13.72,15.06,2.0900002,16.720001,234.0,8,0.11127597717285155,True,REGULAR,USD,2026-10-06,P
SPY261006P00780000,2026-09-29 18:53:13+00:00,780.0,15.41,14.84,16.26,1.3499994,9.500347,273.0,42,0.12464254272460937,True,REGULAR,USD,2026-10-06,P
SPY261006P00781000,2026-09-29 18:52:03+00:00,781.0,16.39,15.8,17.2,1.6899996,11.496595,123.0,2,0.1276332354736328,True,REGULAR,USD,2026-10-06,P
SPY261006P00782000,2026-09-29 18:54:20+00:00,782.0,17.32,16.7,17.76,2.21,14.674634,57.0,2,0.11243563354492186,True,REGULAR,USD,2026-10-06,P
SPY261006P00785000,2026-09-29 18:39:20+00:00,785.0,20.12,19.65,21.15,1.8200016,9.923674,120.0,3,0.14624877197265623,True,REGULAR,USD,2026-10-06,P
SPY261006P00786000,2026-09-29 18:52:04+00:00,786.0,21.28,20.69,22.13,5.750001,37.02512,83.0,0,0.15039912109375003,True,REGULAR,USD,2026-10-06,P
SPY261006P00788000,2026-09-29 18:23:07+00:00,788.0,23.67,22.66,24.13,1.6100006,7.2982802,32.0,0,0.16028671752929688,True,REGULAR,USD,2026-10-06,P
SPY261006P00790000,2026-09-29 18:48:35+00:00,790.0,25.49,24.38,26.16,9.639999,60.820183,164.0,0,0.17151707397460939,True,REGULAR,USD,2026-10-06,P
SPY261007C00705000,2026-09-29 13:52:02+00:00,705.0,60.96,58.93,62.37,-6.3799973,-9.474306,6.0,1,0.4226131958007812,True,REGULAR,USD,2026-10-07,C
SPY261007C00728000,2026-09-29 14:04:16+00:00,728.0,37.87,35.87,39.36,-4.6000023,-10.831181,2.0,2,0.2962716857910156,True,REGULAR,USD,2026-10-07,C
SPY261007C00729000,2026-09-29 18:41:24+00:00,729.0,37.13,34.87,38.46,-0.62999725,-1.668425,2.0,3,0.29431858032226554,True,REGULAR,USD,2026-10-07,C
SPY261007C00730000,2026-09-29 18:21:05+00:00,730.0,35.07,33.88,37.5,-1.9599991,-5.2930036,4.0,3,0.29004616210937495,True,REGULAR,USD,2026-10-07,C
SPY261007C00731000,2026-09-29 13:58:33+00:00,731.0,35.23,32.79,36.52,-2.3199997,-6.178428,4.0,2,0.28504132934570303,True,REGULAR,USD,2026-10-07,C
SPY261007C00733000,2026-09-29 15:58:40+00:00,733.0,31.29,30.97,34.38,-4.4300003,-12.402016,6.0,4,0.26856200195312496,True,REGULAR,USD,2026-10-07,C
SPY261007C00740000,2026-09-29 16:27:10+00:00,740.0,24.91,24.49,27.46,-3.460001,-12.195985,24.0,7,0.2302933416748047,True,REGULAR,USD,2026-10-07,C
SPY261007C00744000,2026-09-29 14:27:51+00:00,744.0,22.98,22.03,22.39,-4.17,-15.359117,6.0,2,0.17108983215332033,True,REGULAR,USD,2026-10-07,C
SPY261007C00745000,2026-09-29 14:23:22+00:00,745.0,21.78,21.1,21.45,-2.8099995,-11.427407,2.0,3,0.1676108630371094,True,REGULAR,USD,2026-10-07,C
SPY261007C00750000,2026-09-29 15:48:01+00:00,750.0,16.25,16.76,17.04,-2.75,-14.473684,5.0,10,0.15644154113769532,True,REGULAR,USD,2026-10-07,C
SPY261007C00751000,2026-09-29 14:23:22+00:00,751.0,16.41,15.9,16.18,-1.7000008,-9.387083,2.0,75,0.15406119384765626,True,REGULAR,USD,2026-10-07,C
SPY261007C00752000,2026-09-29 15:47:19+00:00,752.0,14.56,15.01,15.28,-4.4299994,-23.328064,6.0,71,0.15033808654785158,True,REGULAR,USD,2026-10-07,C
SPY261007C00755000,2026-09-29 18:44:10+00:00,755.0,12.7,12.61,12.84,-1.0600004,-7.7034917,262.0,2,0.14429566650390624,True,REGULAR,USD,2026-10-07,C
SPY261007C00756000,2026-09-29 14:40:51+00:00,756.0,12.17,11.82,12.02,-3.5299997,-22.484076,112.0,6,0.1414575601196289,True,REGULAR,USD,2026-10-07,C
SPY261007C00757000,2026-09-28 19:41:41+00:00,757.0,11.75,11.04,11.21,-0.35000038,-2.892565,1.0,15,0.1384973846435547,True,REGULAR,USD,2026-10-07,C
SPY261007C00758000,2026-09-29 14:04:49+00:00,758.0,10.63,10.31,10.49,-1.2699995,-10.672265,90.0,19,0.13727669372558599,True,REGULAR,USD,2026-10-07,C
SPY261007C00759000,2026-09-29 17:55:11+00:00,759.0,8.46,9.58,9.74,-2.2399998,-20.934576,90.0,31,0.13495738098144533,True,REGULAR,USD,2026-10-07,C
SPY261007C00760000,2026-09-29 17:55:47+00:00,760.0,8.45,8.87,9.01,-1.4499998,-14.646463,110.0,26,0.1326380682373047,True,REGULAR,USD,2026-10-07,C
SPY261007C00761000,2026-09-29 16:56:07+00:00,761.0,7.18,8.18,8.33,-1.4500003,-16.801857,5.0,36,0.13092910095214844,True,REGULAR,USD,2026-10-07,C
SPY261007C00762000,2026-09-29 18:42:20+00:00,762.0,7.77,7.53,7.65,-0.7199998,-8.480563,80.0,134,0.1287928918457031,True,REGULAR,USD,2026-10-07,C
SPY261007C00763000,2026-09-29 18:53:53+00:00,763.0,6.95,6.91,7.0,-3.1500006,-31.188124,731.0,34,0.1267787518310547,True,REGULAR,USD,2026-10-07,C
SPY261007C00764000,2026-09-29 18:51:36+00:00,764.0,6.3,6.33,6.36,-1.04,-14.168937,699.0,40,0.12448995635986329,True,REGULAR,USD,2026-10-07,C
SPY261007C00765000,2026-09-29 18:51:53+00:00,765.0,5.72,5.72,5.74,-0.75,-11.591963,1270.0,143,0.12204857452392578,False,REGULAR,USD,2026-10-07,C
SPY261007C00766000,2026-09-29 18:41:36+00:00,766.0,5.4,5.19,5.22,-0.5,-8.474576,868.0,183,0.12116357360839844,False,REGULAR,USD,2026-10-07,C
SPY261007C00767000,2026-09-29 18:51:34+00:00,767.0,4.64,4.67,4.7,-0.9100003,-16.3964,388.0,276,0.11963770996093749,False,REGULAR,USD,2026-10-07,C
SPY261007C00768000,2026-09-29 18:51:10+00:00,768.0,4.18,4.17,4.18,-0.6700001,-13.814435,958.0,261,0.11756253540039063,False,REGULAR,USD,2026-10-07,C
SPY261007C00769000,2026-09-29 18:51:11+00:00,769.0,3.72,3.71,3.73,-0.70000005,-15.837106,169.0,202,0.11631132720947265,False,REGULAR,USD,2026-10-07,C
SPY261007C00770000,2026-09-29 18:52:25+00:00,770.0,3.27,3.28,3.3,-0.6600001,-16.793896,1156.0,443,0.11484649810791016,False,REGULAR,USD,2026-10-07,C
SPY261007C00771000,2026-09-29 18:43:42+00:00,771.0,2.97,2.89,2.9,-0.48000002,-13.913043,175.0,178,0.11341218627929686,False,REGULAR,USD,2026-10-07,C
SPY261007C00772000,2026-09-29 18:48:24+00:00,772.0,2.5,2.55,2.56,-0.53,-17.491749,357.0,661,0.11261873718261718,False,REGULAR,USD,2026-10-07,C
SPY261007C00773000,2026-09-29 18:51:03+00:00,773.0,2.21,2.22,2.24,-0.5999999,-21.35231,434.0,346,0.11170321899414062,False,REGULAR,USD,2026-10-07,C
SPY261007C00774000,2026-09-29 18:45:51+00:00,774.0,1.98,1.92,1.94,-0.5,-20.16129,143.0,372,0.11054356262207031,False,REGULAR,USD,2026-10-07,C
SPY261007C00775000,2026-09-29 18:50:18+00:00,775.0,1.66,1.65,1.67,-0.5000001,-23.148153,1524.0,482,0.10944494079589843,False,REGULAR,USD,2026-10-07,C
SPY261007C00776000,2026-09-29 18:47:03+00:00,776.0,1.46,1.42,1.44,-0.49,-25.128204,132.0,103,0.10877356079101563,False,REGULAR,USD,2026-10-07,C
SPY261007C00777000,2026-09-29 18:49:00+00:00,777.0,1.22,1.23,1.24,-0.41999996,-25.609755,425.0,272,0.10828528442382812,False,REGULAR,USD,2026-10-07,C
SPY261007C00778000,2026-09-29 16:59:17+00:00,778.0,0.84,1.04,1.05,-0.54,-39.130436,364.0,129,0.10736976623535156,False,REGULAR,USD,2026-10-07,C
SPY261007C00779000,2026-09-29 18:45:51+00:00,779.0,0.92,0.88,0.9,-0.22999996,-19.999996,132.0,223,0.1071256280517578,False,REGULAR,USD,2026-10-07,C
SPY261007C00780000,2026-09-29 18:52:04+00:00,780.0,0.75,0.75,0.76,-0.27999997,-27.184464,489.0,422,0.10657631713867188,False,REGULAR,USD,2026-10-07,C
SPY261007C00781000,2026-09-29 18:53:12+00:00,781.0,0.66,0.63,0.64,-0.25,-27.472527,122.0,196,0.10621010986328125,False,REGULAR,USD,2026-10-07,C
SPY261007C00782000,2026-09-29 18:39:11+00:00,782.0,0.57,0.54,0.55,-0.29000002,-33.720932,48.0,260,0.106454248046875,False,REGULAR,USD,2026-10-07,C
SPY261007C00783000,2026-09-29 18:25:23+00:00,783.0,0.42,0.45,0.47,-0.22,-34.375,764.0,221,0.10669838623046876,False,REGULAR,USD,2026-10-07,C
SPY261007C00784000,2026-09-29 18:43:46+00:00,784.0,0.4,0.39,0.4,-0.26000002,-39.39394,425.0,288,0.1069425244140625,False,REGULAR,USD,2026-10-07,C
SPY261007C00785000,2026-09-29 18:31:32+00:00,785.0,0.29,0.32,0.34,-0.17000002,-36.956524,75.0,252,0.10718666259765625,False,REGULAR,USD,2026-10-07,C
SPY261007C00786000,2026-09-29 18:53:12+00:00,786.0,0.28,0.28,0.29,-0.099999994,-27.777777,553.0,154,0.10755286987304688,False,REGULAR,USD,2026-10-07,C
SPY261007C00787000,2026-09-29 18:48:54+00:00,787.0,0.24,0.24,0.25,-0.09000002,-27.272732,186.0,128,0.10816321533203124,False,REGULAR,USD,2026-10-07,C
SPY261007C00788000,2026-09-29 18:08:37+00:00,788.0,0.19,0.19,0.2,-0.110000014,-36.66667,12.0,144,0.10743080078125,False,REGULAR,USD,2026-10-07,C
SPY261007C00789000,2026-09-29 18:41:36+00:00,789.0,0.19,0.17,0.18,-0.120000005,-38.70968,13.0,94,0.10901769897460936,False,REGULAR,USD,2026-10-07,C
SPY261007C00790000,2026-09-29 18:46:12+00:00,790.0,0.15,0.14,0.15,-0.08,-34.782608,261.0,719,0.10913976806640624,False,REGULAR,USD,2026-10-07,C
SPY261007C00791000,2026-09-29 18:43:46+00:00,791.0,0.14,0.13,0.14,-0.040000007,-22.222223,368.0,69,0.11133701171874999,False,REGULAR,USD,2026-10-07,C
SPY261007C00792000,2026-09-28 20:12:28+00:00,792.0,0.15,0.11,0.12,0.0,0.0,47.0,116,0.11206942626953123,False,REGULAR,USD,2026-10-07,C
SPY261007C00793000,2026-09-29 18:48:54+00:00,793.0,0.11,0.1,0.11,-0.08,-44.444443,86.0,182,0.1137783935546875,False,REGULAR,USD,2026-10-07,C
SPY261007C00794000,2026-09-29 18:28:53+00:00,794.0,0.1,0.09,0.1,-0.019999996,-16.666662,2.0,34,0.11548736083984376,False,REGULAR,USD,2026-10-07,C
SPY261007C00795000,2026-09-29 18:21:52+00:00,795.0,0.08,0.08,0.09,-0.020000003,-20.000002,202.0,243,0.11695218994140624,False,REGULAR,USD,2026-10-07,C
SPY261007C00796000,2026-09-29 18:00:03+00:00,796.0,0.07,0.07,0.08,-0.030000001,-30.0,42.0,131,0.118172880859375,False,REGULAR,USD,2026-10-07,C
SPY261007C00797000,2026-09-29 18:54:09+00:00,797.0,0.07,0.06,0.07,-0.059999995,-50.0,51.0,135,0.11914943359374999,False,REGULAR,USD,2026-10-07,C
SPY261007C00798000,2026-09-29 17:40:11+00:00,798.0,0.06,0.06,0.07,-0.02,-25.0,2.0,8,0.12207909179687501,False,REGULAR,USD,2026-10-07,C
SPY261007C00799000,2026-09-28 18:42:29+00:00,799.0,0.08,0.05,0.06,0.0,0.0,48.0,40,0.12256736816406251,False,REGULAR,USD,2026-10-07,C
SPY261007C00800000,2026-09-29 17:34:17+00:00,800.0,0.05,0.05,0.06,-0.029999997,-37.499996,41.0,145,0.125985302734375,False,REGULAR,USD,2026-10-07,C
SPY261007C00801000,2026-09-28 18:19:04+00:00,801.0,0.08,0.05,0.06,0.0,0.0,38.0,17,0.1289149609375,False,REGULAR,USD,2026-10-07,C
SPY261007C00802000,2026-09-28 13:42:56+00:00,802.0,0.08,0.04,0.05,0.0,0.0,23.0,24,0.1289149609375,False,REGULAR,USD,2026-10-07,C
SPY261007C00804000,2026-09-25 17:38:03+00:00,804.0,0.12,0.04,0.05,0.0,0.0,10.0,8,0.13477427734375003,False,REGULAR,USD,2026-10-07,C
SPY261007C00805000,2026-09-25 20:02:11+00:00,805.0,0.11,0.04,0.05,0.0,0.0,35.0,27,0.13770393554687502,False,REGULAR,USD,2026-10-07,C
SPY261007C00806000,2026-09-28 15:07:17+00:00,806.0,0.04,0.03,0.04,0.0,0.0,14.0,13,0.13672738281250002,False,REGULAR,USD,2026-10-07,C
SPY261007C00808000,2026-09-28 18:12:30+00:00,808.0,0.04,0.03,0.04,0.0,0.0,1.0,4,0.14258669921875,False,REGULAR,USD,2026-10-07,C
SPY261007C00809000,2026-09-25 17:39:13+00:00,809.0,0.09,0.03,0.04,0.0,0.0,39.0,35,0.145516357421875,False,REGULAR,USD,2026-10-07,C
SPY261007C00810000,2026-09-28 18:22:59+00:00,810.0,0.04,0.03,0.04,0.0,0.0,111.0,125,0.14795773925781253,False,REGULAR,USD,2026-10-07,C
SPY261007C00815000,2026-09-25 15:25:00+00:00,815.0,0.04,0.02,0.03,0.0,0.0,24.0,24,0.1562584375,False,REGULAR,USD,2026-10-07,C
SPY261007C00820000,2026-09-29 15:18:45+00:00,820.0,0.03,0.02,0.03,0.0,0.0,1.0,49,0.16993017578125003,False,REGULAR,USD,2026-10-07,C
SPY261007C00825000,2026-09-25 17:01:36+00:00,825.0,0.05,0.01,0.02,0.0,0.0,12.0,29,0.1757894921875,False,REGULAR,USD,2026-10-07,C
SPY261007C00830000,2026-09-28 17:48:26+00:00,830.0,0.03,0.01,0.02,0.0,0.0,6.0,97,0.187508125,False,REGULAR,USD,2026-10-07,C
SPY261007C00855000,2026-09-25 18:31:13+00:00,855.0,0.01,0.0,0.01,0.0,0.0,2.0,1,0.23438265625,False,REGULAR,USD,2026-10-07,C
SPY261007C00875000,2026-09-25 16:20:25+00:00,875.0,0.01,0.0,0.01,0.0,0.0,20.0,20,0.27735097656249996,False,REGULAR,USD,2026-10-07,C
SPY261007P00565000,2026-09-24 17:22:02+00:00,565.0,0.03,0.0,0.01,0.0,0.0,,72,0.5625043750000001,False,REGULAR,USD,2026-10-07,P
SPY261007P00570000,2026-09-24 19:49:29+00:00,570.0,0.03,0.01,0.02,0.0,0.0,,72,0.6015664843750002,False,REGULAR,USD,2026-10-07,P
SPY261007P00575000,2026-09-25 17:35:00+00:00,575.0,0.03,0.01,0.02,0.0,0.0,10.0,10,0.5820354296875,False,REGULAR,USD,2026-10-07,P
SPY261007P00585000,2026-09-24 17:48:10+00:00,585.0,0.04,0.01,0.02,0.0,0.0,,5,0.5468795312500001,False,REGULAR,USD,2026-10-07,P
SPY261007P00595000,2026-09-25 13:42:51+00:00,595.0,0.03,0.01,0.02,0.0,0.0,48.0,48,0.51562984375,False,REGULAR,USD,2026-10-07,P
SPY261007P00645000,2026-09-24 18:03:13+00:00,645.0,0.1,0.03,0.04,0.0,0.0,,1,0.39453730468750003,False,REGULAR,USD,2026-10-07,P
SPY261007P00650000,2026-09-24 17:55:34+00:00,650.0,0.1,0.03,0.04,0.0,0.0,,3,0.3789124609375,False,REGULAR,USD,2026-10-07,P
SPY261007P00665000,2026-09-29 18:30:42+00:00,665.0,0.05,0.04,0.05,-0.009999998,-16.666662,1.0,101,0.33789724609375,False,REGULAR,USD,2026-10-07,P
SPY261007P00670000,2026-09-29 18:30:52+00:00,670.0,0.06,0.05,0.06,-0.06,-50.0,10.0,5,0.32813171874999997,False,REGULAR,USD,2026-10-07,P
SPY261007P00675000,2026-09-29 18:30:49+00:00,675.0,0.06,0.05,0.06,-0.02,-25.0,4.0,75,0.31153032226562494,False,REGULAR,USD,2026-10-07,P
SPY261007P00685000,2026-09-28 13:32:22+00:00,685.0,0.11,0.06,0.07,0.0,0.0,7.0,7,0.28321029296874994,False,REGULAR,USD,2026-10-07,P
SPY261007P00695000,2026-09-28 18:09:49+00:00,695.0,0.11,0.08,0.09,0.0,0.0,201.0,222,0.257819921875,False,REGULAR,USD,2026-10-07,P
SPY261007P00700000,2026-09-29 15:23:21+00:00,700.0,0.12,0.09,0.1,-0.020000003,-14.285716,80.0,234,0.24414818359375,False,REGULAR,USD,2026-10-07,P
SPY261007P00705000,2026-09-29 18:06:43+00:00,705.0,0.12,0.1,0.11,-0.04,-25.0,4.0,45,0.229499892578125,False,REGULAR,USD,2026-10-07,P
SPY261007P00710000,2026-09-29 15:32:40+00:00,710.0,0.16,0.11,0.12,-0.030000001,-15.789474,2.0,343,0.2148516015625,False,REGULAR,USD,2026-10-07,P
SPY261007P00715000,2026-09-29 17:48:52+00:00,715.0,0.18,0.13,0.14,-0.00999999,-5.263153,5.0,118,0.20142400146484374,False,REGULAR,USD,2026-10-07,P
SPY261007P00720000,2026-09-29 17:36:19+00:00,720.0,0.23,0.16,0.17,-0.019999996,-7.999998,20.0,65,0.1889729541015625,False,REGULAR,USD,2026-10-07,P
SPY261007P00723000,2026-09-29 15:32:40+00:00,723.0,0.28,0.18,0.19,0.0,0.0,498.0,142,0.18091639404296872,False,REGULAR,USD,2026-10-07,P
SPY261007P00725000,2026-09-29 14:48:45+00:00,725.0,0.24,0.2,0.21,-0.040000007,-14.285716,9.0,123,0.17627776855468752,False,REGULAR,USD,2026-10-07,P
SPY261007P00726000,2026-09-28 20:05:30+00:00,726.0,0.32,0.21,0.22,0.0,0.0,44.0,26,0.17359224853515626,False,REGULAR,USD,2026-10-07,P
SPY261007P00727000,2026-09-29 14:53:42+00:00,727.0,0.26,0.22,0.23,-0.04000002,-13.333339,2.0,18,0.17115086669921875,False,REGULAR,USD,2026-10-07,P
SPY261007P00728000,2026-09-28 17:07:33+00:00,728.0,0.36,0.23,0.24,0.0,0.0,5.0,17,0.16846534667968754,False,REGULAR,USD,2026-10-07,P
SPY261007P00729000,2026-09-29 17:36:19+00:00,729.0,0.35,0.25,0.26,0.01999998,6.0606,54.0,10,0.16700051757812504,False,REGULAR,USD,2026-10-07,P
SPY261007P00730000,2026-09-29 17:57:06+00:00,730.0,0.39,0.27,0.28,-0.01000002,-2.500005,69.0,41,0.165047412109375,False,REGULAR,USD,2026-10-07,P
SPY261007P00731000,2026-09-29 18:43:46+00:00,731.0,0.3,0.29,0.3,-0.06999999,-18.918917,10.0,8,0.16309430664062502,False,REGULAR,USD,2026-10-07,P
SPY261007P00732000,2026-09-28 14:43:53+00:00,732.0,0.33,0.3,0.31,-0.17999998,-35.294113,34.0,59,0.1601646484375,False,REGULAR,USD,2026-10-07,P
SPY261007P00733000,2026-09-29 18:00:01+00:00,733.0,0.47,0.32,0.34,0.0,0.0,48.0,117,0.1588218884277344,False,REGULAR,USD,2026-10-07,P
SPY261007P00734000,2026-09-29 15:23:21+00:00,734.0,0.54,0.36,0.37,0.060000032,12.500008,1.0,38,0.157234990234375,False,REGULAR,USD,2026-10-07,P
SPY261007P00735000,2026-09-29 18:46:11+00:00,735.0,0.38,0.37,0.39,-0.13999999,-26.923075,232.0,842,0.15479360839843753,False,REGULAR,USD,2026-10-07,P
SPY261007P00736000,2026-09-29 18:18:13+00:00,736.0,0.51,0.4,0.41,-0.04000002,-7.2727304,6.0,74,0.15210808837890627,False,REGULAR,USD,2026-10-07,P
SPY261007P00737000,2026-09-29 18:43:46+00:00,737.0,0.46,0.45,0.46,-0.109999985,-19.298243,202.0,151,0.1514977429199219,False,REGULAR,USD,2026-10-07,P
SPY261007P00738000,2026-09-29 18:43:48+00:00,738.0,0.5,0.48,0.5,-0.19,-27.536232,119.0,266,0.14978877563476564,False,REGULAR,USD,2026-10-07,P
SPY261007P00739000,2026-09-29 14:50:00+00:00,739.0,0.61,0.52,0.53,-0.060000002,-8.955224,127.0,239,0.14734739379882814,False,REGULAR,USD,2026-10-07,P
SPY261007P00740000,2026-09-29 18:46:44+00:00,740.0,0.57,0.57,0.58,-0.18,-24.0,284.0,18069,0.1458825646972656,False,REGULAR,USD,2026-10-07,P
SPY261007P00741000,2026-09-29 18:46:11+00:00,741.0,0.62,0.61,0.63,-0.01999998,-3.1249971,199.0,43,0.14405152832031248,False,REGULAR,USD,2026-10-07,P
SPY261007P00742000,2026-09-29 18:00:03+00:00,742.0,0.91,0.67,0.69,0.01000005,1.1111166,23.0,236,0.14264773376464845,False,REGULAR,USD,2026-10-07,P
SPY261007P00743000,2026-09-29 18:00:03+00:00,743.0,0.99,0.74,0.75,0.120000005,13.793103,59.0,98,0.14087773193359376,False,REGULAR,USD,2026-10-07,P
SPY261007P00744000,2026-09-29 18:26:18+00:00,744.0,0.93,0.81,0.82,-0.12999994,-12.264145,59.0,140,0.13941290283203128,False,REGULAR,USD,2026-10-07,P
SPY261007P00745000,2026-09-29 18:53:12+00:00,745.0,0.88,0.88,0.89,-0.27999997,-19.310343,150.0,208,0.13758186645507814,False,REGULAR,USD,2026-10-07,P
SPY261007P00746000,2026-09-29 18:46:44+00:00,746.0,0.97,0.97,0.98,-0.16999996,-14.912277,107.0,86,0.13630014099121096,False,REGULAR,USD,2026-10-07,P
SPY261007P00747000,2026-09-29 17:45:50+00:00,747.0,1.34,1.06,1.08,-0.03999996,-2.898548,61.0,31,0.13507945007324224,False,REGULAR,USD,2026-10-07,P
SPY261007P00748000,2026-09-29 18:00:03+00:00,748.0,1.51,1.16,1.18,0.25,19.84127,58.0,78,0.1334925518798828,False,REGULAR,USD,2026-10-07,P
SPY261007P00749000,2026-09-29 18:00:01+00:00,749.0,1.73,1.28,1.29,0.15999997,10.19108,23.0,161,0.13190565368652346,False,REGULAR,USD,2026-10-07,P
SPY261007P00750000,2026-09-29 18:53:12+00:00,750.0,1.41,1.4,1.42,-0.21000004,-12.962965,317.0,428,0.13068496276855468,False,REGULAR,USD,2026-10-07,P
SPY261007P00751000,2026-09-29 18:39:57+00:00,751.0,1.56,1.54,1.55,-0.16000009,-9.30233,40.0,78,0.12903703002929687,False,REGULAR,USD,2026-10-07,P
SPY261007P00752000,2026-09-29 18:38:51+00:00,752.0,1.78,1.69,1.71,0.13,7.878788,84.0,153,0.12799944274902342,False,REGULAR,USD,2026-10-07,P
SPY261007P00753000,2026-09-29 18:26:36+00:00,753.0,2.07,1.85,1.86,-0.09000015,-4.1666737,83.0,44,0.1261684063720703,False,REGULAR,USD,2026-10-07,P
SPY261007P00754000,2026-09-29 18:38:51+00:00,754.0,2.13,2.02,2.04,-0.109999895,-4.9107094,178.0,137,0.12482564636230468,False,REGULAR,USD,2026-10-07,P
SPY261007P00755000,2026-09-29 18:52:36+00:00,755.0,2.24,2.23,2.25,-0.16000009,-6.6666694,436.0,601,0.12384909362792969,False,REGULAR,USD,2026-10-07,P
SPY261007P00756000,2026-09-29 18:36:29+00:00,756.0,2.68,2.43,2.45,0.09000015,3.4749095,22.0,200,0.12210960906982424,False,REGULAR,USD,2026-10-07,P
SPY261007P00757000,2026-09-29 18:51:02+00:00,757.0,2.68,2.67,2.69,-0.26999998,-9.152541,40.0,89,0.1209194354248047,False,REGULAR,USD,2026-10-07,P
SPY261007P00758000,2026-09-29 18:20:46+00:00,758.0,3.2,2.9,2.92,0.1400001,4.5751667,166.0,161,0.11905788177490234,False,REGULAR,USD,2026-10-07,P
SPY261007P00759000,2026-09-29 18:45:35+00:00,759.0,3.12,3.17,3.19,-0.21000004,-6.306308,128.0,153,0.11762356994628906,False,REGULAR,USD,2026-10-07,P
SPY261007P00760000,2026-09-29 18:50:21+00:00,760.0,3.48,3.47,3.49,-0.089999914,-2.521006,715.0,18235,0.11634184448242188,False,REGULAR,USD,2026-10-07,P
SPY261007P00761000,2026-09-29 18:41:10+00:00,761.0,3.63,3.76,3.79,-0.21999979,-5.7142806,118.0,119,0.11454132537841799,False,REGULAR,USD,2026-10-07,P
SPY261007P00762000,2026-09-29 18:43:32+00:00,762.0,4.11,4.1,4.13,-0.26999998,-6.164383,144.0,202,0.11307649627685548,False,REGULAR,USD,2026-10-07,P
SPY261007P00763000,2026-09-29 18:50:57+00:00,763.0,4.52,4.47,4.5,0.03999996,0.8928563,385.0,169,0.1116727017211914,False,REGULAR,USD,2026-10-07,P
SPY261007P00764000,2026-09-29 18:53:29+00:00,764.0,4.87,4.87,4.89,-0.03999996,-0.8146632,3497.0,155,0.11008580352783201,False,REGULAR,USD,2026-10-07,P
SPY261007P00765000,2026-09-29 18:50:57+00:00,765.0,5.34,5.28,5.3,0.03999996,0.7547162,352.0,465,0.10831580169677735,True,REGULAR,USD,2026-10-07,P
SPY261007P00766000,2026-09-29 18:35:28+00:00,766.0,6.25,5.73,5.76,0.5300002,9.2657385,91.0,170,0.1069425244140625,True,REGULAR,USD,2026-10-07,P
SPY261007P00767000,2026-09-29 17:03:42+00:00,767.0,7.61,6.2,6.22,1.4000001,22.544285,50.0,131,0.10492838439941406,True,REGULAR,USD,2026-10-07,P
SPY261007P00768000,2026-09-29 18:52:41+00:00,768.0,6.73,6.7,6.85,0.05000019,0.7485059,41.0,310,0.10578286804199218,True,REGULAR,USD,2026-10-07,P
SPY261007P00769000,2026-09-29 17:36:57+00:00,769.0,8.28,7.23,7.39,1.0799999,14.999999,34.0,99,0.10407390075683592,True,REGULAR,USD,2026-10-07,P
SPY261007P00770000,2026-09-29 18:50:07+00:00,770.0,7.96,7.75,7.94,0.38999987,5.151913,26.0,386,0.10181562255859375,True,REGULAR,USD,2026-10-07,P
SPY261007P00771000,2026-09-29 15:25:48+00:00,771.0,9.9,8.41,8.62,1.9199996,24.060144,1.0,187,0.10175458801269531,True,REGULAR,USD,2026-10-07,P
SPY261007P00772000,2026-09-29 18:34:33+00:00,772.0,9.89,9.03,9.25,1.8500004,23.009954,67.0,122,0.0997709652709961,True,REGULAR,USD,2026-10-07,P
SPY261007P00773000,2026-09-29 18:00:00+00:00,773.0,11.47,9.7,9.95,1.4099998,14.0159025,4.0,19,0.09870286071777344,True,REGULAR,USD,2026-10-07,P
SPY261007P00774000,2026-09-29 14:23:16+00:00,774.0,10.12,10.42,10.67,0.09000015,0.8973096,2.0,27,0.09729906616210937,True,REGULAR,USD,2026-10-07,P
SPY261007P00775000,2026-09-29 18:04:31+00:00,775.0,12.38,11.18,11.43,1.5299997,14.101379,64.0,142,0.09613940979003907,True,REGULAR,USD,2026-10-07,P
SPY261007P00776000,2026-09-29 18:32:07+00:00,776.0,12.93,12.02,12.3,3.4000006,35.67682,5.0,5,0.0976652734375,True,REGULAR,USD,2026-10-07,P
SPY261007P00777000,2026-09-29 18:11:39+00:00,777.0,14.37,12.78,13.08,3.0699997,27.168139,8.0,2,0.09546802978515626,True,REGULAR,USD,2026-10-07,P
SPY261007P00778000,2026-09-29 18:27:18+00:00,778.0,14.48,13.62,13.91,2.8099995,24.078829,18.0,46,0.09400320068359375,True,REGULAR,USD,2026-10-07,P
SPY261007P00779000,2026-09-29 18:45:02+00:00,779.0,14.47,14.54,15.05,-0.119999886,-0.8224804,12.0,44,0.10450114257812498,True,REGULAR,USD,2026-10-07,P
SPY261007P00780000,2026-09-29 17:03:04+00:00,780.0,17.65,14.25,17.01,1.0299988,6.197345,4.0,3,0.1422815264892578,True,REGULAR,USD,2026-10-07,P
SPY261007P00781000,2026-09-29 18:30:16+00:00,781.0,17.48,15.11,17.97,2.5199995,16.844917,4.0,1,0.1466760137939453,True,REGULAR,USD,2026-10-07,P
SPY261007P00785000,2026-09-29 13:57:32+00:00,785.0,19.69,18.94,21.74,3.9000006,24.69918,2.0,0,0.16053085571289064,True,REGULAR,USD,2026-10-07,P
SPY261008C00738000,2026-09-25 14:45:49+00:00,738.0,31.83,26.28,29.93,0.0,0.0,12.0,4,0.24408714904785156,True,REGULAR,USD,2026-10-08,C
SPY261008C00748000,2026-09-28 13:48:52+00:00,748.0,22.3,18.83,19.15,0.0,0.0,4.0,4,0.16327741027832032,True,REGULAR,USD,2026-10-08,C
SPY261008C00750000,2026-09-29 15:19:54+00:00,750.0,16.31,17.12,17.42,-3.630001,-18.20462,38.0,16,0.15863878479003907,True,REGULAR,USD,2026-10-08,C
SPY261008C00751000,2026-09-28 19:00:06+00:00,751.0,16.33,16.27,16.54,-2.2600002,-12.157075,1.0,3,0.15552602294921875,True,REGULAR,USD,2026-10-08,C
SPY261008C00755000,2026-09-29 16:08:14+00:00,755.0,12.0,13.06,13.26,-2.3199997,-16.201115,39.0,29,0.14661497924804687,True,REGULAR,USD,2026-10-08,C
SPY261008C00756000,2026-09-28 18:29:20+00:00,756.0,14.36,12.26,12.48,0.0,0.0,36.0,33,0.14460083923339845,True,REGULAR,USD,2026-10-08,C
SPY261008C00760000,2026-09-29 18:50:25+00:00,760.0,9.39,9.32,9.45,-1.2799997,-11.996248,24.0,53,0.1349268637084961,True,REGULAR,USD,2026-10-08,C
SPY261008C00761000,2026-09-29 18:50:21+00:00,761.0,8.7,8.64,8.76,-0.75,-7.936508,6.0,11,0.1330042755126953,True,REGULAR,USD,2026-10-08,C
SPY261008C00762000,2026-09-29 18:41:54+00:00,762.0,8.28,7.97,8.1,-1.0799999,-11.538461,117.0,22,0.13123427368164062,True,REGULAR,USD,2026-10-08,C
SPY261008C00764000,2026-09-29 18:53:49+00:00,764.0,6.77,6.76,6.8,-1.52,-18.335344,368.0,62,0.12683978637695312,True,REGULAR,USD,2026-10-08,C
SPY261008C00765000,2026-09-29 18:46:17+00:00,765.0,6.24,6.19,6.22,-0.75,-10.729614,457.0,494,0.1253139227294922,False,REGULAR,USD,2026-10-08,C
SPY261008C00766000,2026-09-29 18:41:37+00:00,766.0,5.85,5.62,5.65,-0.6300001,-9.722224,284.0,72,0.12348288635253907,False,REGULAR,USD,2026-10-08,C
SPY261008C00767000,2026-09-29 18:51:27+00:00,767.0,5.09,5.09,5.11,-0.80999994,-13.728812,213.0,269,0.12171288452148438,False,REGULAR,USD,2026-10-08,C
SPY261008C00768000,2026-09-29 18:49:39+00:00,768.0,4.61,4.6,4.63,-0.63999987,-12.190474,435.0,1100,0.1206142626953125,False,REGULAR,USD,2026-10-08,C
SPY261008C00769000,2026-09-29 18:40:54+00:00,769.0,4.3,4.14,4.17,-0.60999966,-12.423618,161.0,591,0.11939357177734375,False,REGULAR,USD,2026-10-08,C
SPY261008C00770000,2026-09-29 18:47:52+00:00,770.0,3.62,3.69,3.71,-0.6800003,-15.81396,883.0,366,0.11759305267333985,False,REGULAR,USD,2026-10-08,C
SPY261008C00771000,2026-09-29 18:48:57+00:00,771.0,3.26,3.29,3.32,-0.71000004,-17.88413,230.0,162,0.11667753448486329,False,REGULAR,USD,2026-10-08,C
SPY261008C00772000,2026-09-29 18:42:22+00:00,772.0,3.06,2.92,2.94,-0.74,-19.473684,309.0,72,0.11539580902099611,False,REGULAR,USD,2026-10-08,C
SPY261008C00773000,2026-09-29 18:42:43+00:00,773.0,2.69,2.56,2.58,-0.3399999,-11.22112,364.0,376,0.11390046264648437,False,REGULAR,USD,2026-10-08,C
SPY261008C00774000,2026-09-29 18:49:39+00:00,774.0,2.26,2.25,2.26,-0.54999995,-19.572952,144.0,44,0.11274080627441406,False,REGULAR,USD,2026-10-08,C
SPY261008C00775000,2026-09-29 18:44:55+00:00,775.0,2.01,1.96,1.97,-0.43000007,-17.622953,156.0,410,0.11164218444824218,False,REGULAR,USD,2026-10-08,C
SPY261008C00776000,2026-09-29 18:25:33+00:00,776.0,1.59,1.7,1.72,-0.4899999,-23.557688,115.0,36,0.11090976989746093,False,REGULAR,USD,2026-10-08,C
SPY261008C00777000,2026-09-29 18:04:03+00:00,777.0,1.4,1.48,1.49,-0.46000004,-24.731184,35.0,124,0.1100552862548828,False,REGULAR,USD,2026-10-08,C
SPY261008C00778000,2026-09-29 18:39:59+00:00,778.0,1.34,1.29,1.31,-0.27999997,-17.283949,400.0,193,0.1100552862548828,False,REGULAR,USD,2026-10-08,C
SPY261008C00779000,2026-09-29 18:49:39+00:00,779.0,1.12,1.11,1.12,-0.65999997,-37.07865,12.0,67,0.10920080261230468,False,REGULAR,USD,2026-10-08,C
SPY261008C00780000,2026-09-29 18:44:55+00:00,780.0,0.98,0.94,0.96,-0.22000003,-18.333336,560.0,338,0.10859045715332032,False,REGULAR,USD,2026-10-08,C
SPY261008C00781000,2026-09-29 18:42:48+00:00,781.0,0.86,0.82,0.83,-0.16999996,-16.50485,220.0,133,0.10846838806152344,False,REGULAR,USD,2026-10-08,C
SPY261008C00782000,2026-09-29 18:00:03+00:00,782.0,0.57,0.69,0.71,-0.52000004,-47.706425,258.0,311,0.10816321533203124,False,REGULAR,USD,2026-10-08,C
SPY261008C00783000,2026-09-29 15:43:09+00:00,783.0,0.51,0.59,0.61,-0.44,-46.31579,93.0,84,0.10816321533203124,False,REGULAR,USD,2026-10-08,C
SPY261008C00784000,2026-09-29 18:32:56+00:00,784.0,0.46,0.5,0.52,-0.23999998,-34.285713,33.0,126,0.1079190771484375,False,REGULAR,USD,2026-10-08,C
SPY261008C00785000,2026-09-29 16:39:10+00:00,785.0,0.37,0.43,0.44,-0.19999999,-35.087715,27.0,243,0.10767493896484376,False,REGULAR,USD,2026-10-08,C
SPY261008C00786000,2026-09-29 18:30:55+00:00,786.0,0.34,0.37,0.38,-0.17999998,-34.615383,37.0,317,0.10804114624023436,False,REGULAR,USD,2026-10-08,C
SPY261008C00787000,2026-09-29 15:05:28+00:00,787.0,0.3,0.32,0.33,-0.13,-30.232557,42.0,79,0.10865149169921876,False,REGULAR,USD,2026-10-08,C
SPY261008C00788000,2026-09-29 17:24:22+00:00,788.0,0.23,0.27,0.28,-0.23,-50.0,40.0,41,0.10865149169921876,False,REGULAR,USD,2026-10-08,C
SPY261008C00789000,2026-09-29 15:08:04+00:00,789.0,0.22,0.23,0.25,-0.099999994,-31.249998,51.0,97,0.1098721826171875,False,REGULAR,USD,2026-10-08,C
SPY261008C00790000,2026-09-29 18:43:04+00:00,790.0,0.23,0.2,0.21,-0.040000007,-14.8148155,8.0,210,0.1098721826171875,False,REGULAR,USD,2026-10-08,C
SPY261008C00791000,2026-09-28 17:11:26+00:00,791.0,0.31,0.17,0.18,0.0,0.0,31.0,171,0.11036045898437499,False,REGULAR,USD,2026-10-08,C
SPY261008C00792000,2026-09-28 19:41:28+00:00,792.0,0.16,0.16,0.17,-0.040000007,-20.000002,2.0,10,0.11255770263671874,False,REGULAR,USD,2026-10-08,C
SPY261008C00793000,2026-09-28 16:26:36+00:00,793.0,0.3,0.14,0.15,0.0,0.0,55.0,57,0.11353425537109374,False,REGULAR,USD,2026-10-08,C
SPY261008C00794000,2026-09-28 16:20:23+00:00,794.0,0.2,0.12,0.13,0.0,0.0,4.0,35,0.11402253173828125,False,REGULAR,USD,2026-10-08,C
SPY261008C00795000,2026-09-29 18:12:07+00:00,795.0,0.1,0.11,0.12,-0.13999999,-58.333332,1.0,100,0.1157314990234375,False,REGULAR,USD,2026-10-08,C
SPY261008C00796000,2026-09-29 18:32:53+00:00,796.0,0.1,0.1,0.11,-0.12,-54.545456,29.0,34,0.11744046630859376,False,REGULAR,USD,2026-10-08,C
SPY261008C00797000,2026-09-29 15:54:53+00:00,797.0,0.08,0.09,0.1,-0.060000002,-42.857143,22.0,40,0.11890529541015624,False,REGULAR,USD,2026-10-08,C
SPY261008C00798000,2026-09-29 14:06:40+00:00,798.0,0.08,0.08,0.09,-0.020000003,-20.000002,42.0,52,0.12012598632812499,False,REGULAR,USD,2026-10-08,C
SPY261008C00799000,2026-09-29 14:22:13+00:00,799.0,0.09,0.07,0.08,0.0,0.0,108.0,53,0.1211025390625,False,REGULAR,USD,2026-10-08,C
SPY261008C00800000,2026-09-29 14:09:04+00:00,800.0,0.08,0.07,0.08,-0.010000005,-11.111116,34.0,254,0.124032197265625,False,REGULAR,USD,2026-10-08,C
SPY261008C00801000,2026-09-28 18:32:05+00:00,801.0,0.07,0.06,0.07,-0.020000003,-22.222223,12.0,38,0.1245204736328125,False,REGULAR,USD,2026-10-08,C
SPY261008C00802000,2026-09-29 13:51:06+00:00,802.0,0.06,0.06,0.07,-0.02,-25.0,20.0,24,0.1274501318359375,False,REGULAR,USD,2026-10-08,C
SPY261008C00803000,2026-09-28 17:54:00+00:00,803.0,0.08,0.05,0.06,0.0,0.0,24.0,24,0.127938408203125,False,REGULAR,USD,2026-10-08,C
SPY261008C00804000,2026-09-28 17:54:27+00:00,804.0,0.08,0.05,0.06,0.0,0.0,44.0,13,0.13086806640624998,False,REGULAR,USD,2026-10-08,C
SPY261008C00805000,2026-09-28 18:20:06+00:00,805.0,0.07,0.05,0.06,0.0,0.0,68.0,137,0.1333094482421875,False,REGULAR,USD,2026-10-08,C
SPY261008C00807000,2026-09-28 19:06:14+00:00,807.0,0.06,0.04,0.05,0.0,0.0,1.0,19,0.13575083007812502,False,REGULAR,USD,2026-10-08,C
SPY261008C00808000,2026-09-28 18:51:10+00:00,808.0,0.06,0.04,0.05,0.0,0.0,86.0,40,0.13868048828125001,False,REGULAR,USD,2026-10-08,C
SPY261008C00809000,2026-09-28 15:37:44+00:00,809.0,0.04,0.04,0.05,0.0,0.0,8.0,8,0.141610146484375,False,REGULAR,USD,2026-10-08,C
SPY261008C00810000,2026-09-29 14:57:09+00:00,810.0,0.04,0.04,0.05,-0.010000002,-20.000002,24.0,69,0.14405152832031248,False,REGULAR,USD,2026-10-08,C
SPY261008C00815000,2026-09-28 18:34:03+00:00,815.0,0.04,0.03,0.04,0.0,0.0,24.0,47,0.15332877929687502,False,REGULAR,USD,2026-10-08,C
SPY261008C00830000,2026-09-25 19:05:55+00:00,830.0,0.04,0.02,0.03,0.0,0.0,24.0,24,0.18555501953124998,False,REGULAR,USD,2026-10-08,C
SPY261008C00835000,2026-09-25 17:36:53+00:00,835.0,0.02,0.01,0.02,-0.02,-50.0,1.0,77,0.19043778320312502,False,REGULAR,USD,2026-10-08,C
SPY261008C00850000,2026-09-25 17:32:25+00:00,850.0,0.03,0.01,0.02,0.0,0.0,10.0,10,0.22461712890624996,False,REGULAR,USD,2026-10-08,C
SPY261008C00880000,2026-09-25 17:33:40+00:00,880.0,0.01,0.0,0.01,0.0,0.0,15.0,15,0.273444765625,False,REGULAR,USD,2026-10-08,C
SPY261008P00550000,2026-09-29 14:21:50+00:00,550.0,0.02,0.01,0.02,0.0,0.0,20.0,2,0.632816171875,False,REGULAR,USD,2026-10-08,P
SPY261008P00580000,2026-09-25 16:47:09+00:00,580.0,0.03,0.01,0.02,0.0,0.0,72.0,72,0.5390671093750001,False,REGULAR,USD,2026-10-08,P
SPY261008P00585000,2026-09-25 18:46:29+00:00,585.0,0.03,0.01,0.02,0.0,0.0,48.0,48,0.523442265625,False,REGULAR,USD,2026-10-08,P
SPY261008P00625000,2026-09-25 16:13:18+00:00,625.0,0.06,0.03,0.04,0.0,0.0,100.0,100,0.437505625,False,REGULAR,USD,2026-10-08,P
SPY261008P00665000,2026-09-29 18:27:36+00:00,665.0,0.07,0.06,0.07,-0.020000003,-22.222223,25.0,60,0.33301448242187504,False,REGULAR,USD,2026-10-08,P
SPY261008P00675000,2026-09-29 17:39:02+00:00,675.0,0.09,0.07,0.08,-0.019999996,-18.181814,316.0,255,0.305671005859375,False,REGULAR,USD,2026-10-08,P
SPY261008P00680000,2026-09-28 13:34:16+00:00,680.0,0.12,0.08,0.09,0.0,0.0,1.0,2,0.2934640966796874,False,REGULAR,USD,2026-10-08,P
SPY261008P00690000,2026-09-25 13:31:53+00:00,690.0,0.19,0.1,0.11,0.0,0.0,46.0,46,0.26758544921875,False,REGULAR,USD,2026-10-08,P
SPY261008P00695000,2026-09-25 17:36:17+00:00,695.0,0.18,0.11,0.12,0.0,0.0,1.0,22,0.25391371093750004,False,REGULAR,USD,2026-10-08,P
SPY261008P00700000,2026-09-29 13:30:00+00:00,700.0,0.14,0.12,0.13,-0.040000007,-22.222223,5.0,240,0.23975369628906246,False,REGULAR,USD,2026-10-08,P
SPY261008P00705000,2026-09-28 19:52:37+00:00,705.0,0.21,0.14,0.15,0.0,0.0,100.0,122,0.22754678710937498,False,REGULAR,USD,2026-10-08,P
SPY261008P00710000,2026-09-29 18:21:24+00:00,710.0,0.18,0.16,0.17,-0.059999987,-24.999994,3.0,156,0.21411918701171873,False,REGULAR,USD,2026-10-08,P
SPY261008P00715000,2026-09-28 17:20:21+00:00,715.0,0.27,0.18,0.19,0.0,0.0,3.0,101,0.19995917236328126,False,REGULAR,USD,2026-10-08,P
SPY261008P00720000,2026-09-29 15:44:12+00:00,720.0,0.3,0.22,0.23,-0.01999998,-6.2499943,21.0,123,0.18799640136718748,False,REGULAR,USD,2026-10-08,P
SPY261008P00723000,2026-09-28 17:11:41+00:00,723.0,0.33,0.26,0.27,0.0,0.0,2.0,3,0.18189294677734374,False,REGULAR,USD,2026-10-08,P
SPY261008P00724000,2026-09-29 18:39:56+00:00,724.0,0.28,0.27,0.28,-0.35,-55.555557,42.0,67,0.17920742675781248,False,REGULAR,USD,2026-10-08,P
SPY261008P00725000,2026-09-29 17:48:44+00:00,725.0,0.37,0.28,0.29,-0.03999999,-9.756095,14.0,332,0.17652190673828128,False,REGULAR,USD,2026-10-08,P
SPY261008P00726000,2026-09-28 16:01:52+00:00,726.0,0.52,0.3,0.31,0.0,0.0,1.0,5,0.1749350085449219,False,REGULAR,USD,2026-10-08,P
SPY261008P00727000,2026-09-29 18:30:17+00:00,727.0,0.35,0.32,0.33,-0.08000001,-18.604652,1.0,9,0.17310397216796874,False,REGULAR,USD,2026-10-08,P
SPY261008P00728000,2026-09-29 15:44:12+00:00,728.0,0.44,0.33,0.34,-0.100000024,-18.518522,490.0,36,0.17017431396484378,False,REGULAR,USD,2026-10-08,P
SPY261008P00729000,2026-09-28 13:40:21+00:00,729.0,0.46,0.36,0.37,-0.03999999,-7.999998,2.0,16,0.16895362304687503,False,REGULAR,USD,2026-10-08,P
SPY261008P00730000,2026-09-29 17:44:44+00:00,730.0,0.5,0.38,0.39,-0.01999998,-3.8461504,3.0,527,0.1667563793945313,False,REGULAR,USD,2026-10-08,P
SPY261008P00731000,2026-09-28 20:08:13+00:00,731.0,0.53,0.4,0.41,0.0,0.0,2.0,51,0.16443706665039062,False,REGULAR,USD,2026-10-08,P
SPY261008P00732000,2026-09-28 16:00:06+00:00,732.0,0.67,0.42,0.43,0.0,0.0,15.0,79,0.16199568481445312,False,REGULAR,USD,2026-10-08,P
SPY261008P00733000,2026-09-29 17:20:59+00:00,733.0,0.66,0.46,0.47,0.08000004,13.793111,62.0,190,0.16089706298828127,False,REGULAR,USD,2026-10-08,P
SPY261008P00734000,2026-09-29 17:22:17+00:00,734.0,0.7,0.48,0.49,0.089999974,14.754093,27.0,21,0.15821154296875,False,REGULAR,USD,2026-10-08,P
SPY261008P00735000,2026-09-29 16:12:19+00:00,735.0,0.7,0.52,0.54,0.01999998,2.9411736,32.0,893,0.1573570593261719,False,REGULAR,USD,2026-10-08,P
SPY261008P00736000,2026-09-29 15:52:33+00:00,736.0,0.77,0.56,0.58,0.00999999,1.3157883,19.0,100,0.15564809204101562,False,REGULAR,USD,2026-10-08,P
SPY261008P00737000,2026-09-29 13:30:04+00:00,737.0,0.55,0.6,0.61,-0.07999998,-12.69841,30.0,107,0.1530846411132813,False,REGULAR,USD,2026-10-08,P
SPY261008P00738000,2026-09-29 17:53:12+00:00,738.0,0.89,0.65,0.66,0.03999996,4.705878,117.0,452,0.15161981201171876,False,REGULAR,USD,2026-10-08,P
SPY261008P00739000,2026-09-29 17:48:12+00:00,739.0,0.91,0.71,0.72,0.030000031,3.4090943,94.0,133,0.15039912109375003,False,REGULAR,USD,2026-10-08,P
SPY261008P00740000,2026-09-29 18:24:27+00:00,740.0,0.87,0.75,0.77,-0.14999998,-14.705881,118.0,247,0.14838498107910159,False,REGULAR,USD,2026-10-08,P
SPY261008P00741000,2026-09-29 16:09:02+00:00,741.0,1.09,0.82,0.83,0.05000007,4.807699,60.0,21,0.1466760137939453,False,REGULAR,USD,2026-10-08,P
SPY261008P00742000,2026-09-29 18:49:19+00:00,742.0,0.9,0.89,0.9,-0.18000007,-16.666674,45.0,56,0.1452111846923828,False,REGULAR,USD,2026-10-08,P
SPY261008P00743000,2026-09-29 18:38:40+00:00,743.0,1.01,0.96,0.97,-0.14999998,-12.931033,672.0,11,0.14344118286132812,False,REGULAR,USD,2026-10-08,P
SPY261008P00745000,2026-09-29 18:30:15+00:00,745.0,1.26,1.12,1.14,-0.07000005,-5.2631617,214.0,134,0.1404504901123047,False,REGULAR,USD,2026-10-08,P
SPY261008P00746000,2026-09-29 17:58:28+00:00,746.0,1.66,1.23,1.24,0.20999992,14.482753,61.0,26,0.13904669555664065,False,REGULAR,USD,2026-10-08,P
SPY261008P00747000,2026-09-29 18:11:19+00:00,747.0,1.68,1.32,1.34,0.099999905,6.3291078,98.0,84,0.13739876281738284,False,REGULAR,USD,2026-10-08,P
SPY261008P00748000,2026-09-29 18:18:20+00:00,748.0,1.67,1.44,1.45,0.029999971,1.8292665,128.0,387,0.13575083007812502,False,REGULAR,USD,2026-10-08,P
SPY261008P00749000,2026-09-29 18:00:01+00:00,749.0,2.04,1.56,1.57,0.24000001,13.333334,206.0,245,0.13416393188476564,False,REGULAR,USD,2026-10-08,P
SPY261008P00750000,2026-09-29 18:52:53+00:00,750.0,1.7,1.71,1.72,-0.19999993,-10.526312,441.0,490,0.13312634460449219,False,REGULAR,USD,2026-10-08,P
SPY261008P00751000,2026-09-29 18:49:09+00:00,751.0,1.89,1.84,1.85,0.00999999,0.5319144,563.0,87,0.1311732391357422,False,REGULAR,USD,2026-10-08,P
SPY261008P00752000,2026-09-29 18:39:30+00:00,752.0,2.02,1.99,2.01,-0.17000008,-7.7625604,442.0,90,0.12970841003417968,False,REGULAR,USD,2026-10-08,P
SPY261008P00753000,2026-09-29 18:14:27+00:00,753.0,2.49,2.17,2.19,0.099999905,4.1840963,700.0,88,0.12848771911621093,False,REGULAR,USD,2026-10-08,P
SPY261008P00754000,2026-09-29 18:53:52+00:00,754.0,2.38,2.35,2.38,-0.23999977,-9.160297,60.0,91,0.12708392456054687,False,REGULAR,USD,2026-10-08,P
SPY261008P00755000,2026-09-29 18:48:57+00:00,755.0,2.63,2.55,2.57,-0.109999895,-4.0145946,211.0,701,0.1253139227294922,False,REGULAR,USD,2026-10-08,P
SPY261008P00756000,2026-09-29 18:30:15+00:00,756.0,3.03,2.77,2.79,0.21000004,7.4468102,71.0,176,0.12384909362792969,False,REGULAR,USD,2026-10-08,P
SPY261008P00757000,2026-09-29 18:38:15+00:00,757.0,3.26,3.02,3.04,0.099999905,3.1645539,88.0,152,0.1227199545288086,False,REGULAR,USD,2026-10-08,P
SPY261008P00758000,2026-09-29 18:40:11+00:00,758.0,3.25,3.25,3.27,-0.19000006,-5.5232573,197.0,90,0.12067529724121094,False,REGULAR,USD,2026-10-08,P
SPY261008P00759000,2026-09-29 18:00:32+00:00,759.0,4.0,3.53,3.55,0.3499999,9.589039,113.0,146,0.11933253723144531,False,REGULAR,USD,2026-10-08,P
SPY261008P00760000,2026-09-29 18:52:41+00:00,760.0,3.84,3.82,3.85,-0.120000124,-3.030306,238.0,671,0.11792874267578124,False,REGULAR,USD,2026-10-08,P
SPY261008P00761000,2026-09-29 18:41:06+00:00,761.0,4.03,4.14,4.16,-0.21999979,-5.1764655,151.0,184,0.11628080993652344,False,REGULAR,USD,2026-10-08,P
SPY261008P00762000,2026-09-29 18:40:51+00:00,762.0,4.41,4.5,4.52,-0.1800003,-3.921575,136.0,49,0.11518218811035157,False,REGULAR,USD,2026-10-08,P
SPY261008P00763000,2026-09-29 18:50:57+00:00,763.0,4.9,4.84,4.87,-0.25999975,-5.038755,3662.0,157,0.11335115173339844,False,REGULAR,USD,2026-10-08,P
SPY261008P00764000,2026-09-29 18:30:43+00:00,764.0,5.66,5.24,5.26,0.46000004,8.846155,2469.0,58,0.11179477081298828,False,REGULAR,USD,2026-10-08,P
SPY261008P00765000,2026-09-29 18:52:59+00:00,765.0,5.66,5.64,5.67,0.029999733,0.5328549,465.0,1112,0.11008580352783201,True,REGULAR,USD,2026-10-08,P
SPY261008P00766000,2026-09-29 18:43:28+00:00,766.0,6.06,6.08,6.12,-0.07000017,-1.1419277,93.0,56,0.10862097442626953,True,REGULAR,USD,2026-10-08,P
SPY261008P00767000,2026-09-29 17:42:44+00:00,767.0,7.66,6.57,6.6,1.06,16.060606,86.0,136,0.10715614532470702,True,REGULAR,USD,2026-10-08,P
SPY261008P00768000,2026-09-29 16:41:16+00:00,768.0,8.1,7.02,7.14,1.2100005,17.561691,39.0,203,0.10627114440917969,True,REGULAR,USD,2026-10-08,P
SPY261008P00769000,2026-09-29 17:42:44+00:00,769.0,8.8,7.56,7.68,1.5700002,21.715078,21.0,144,0.10480631530761718,True,REGULAR,USD,2026-10-08,P
SPY261008P00770000,2026-09-29 17:01:49+00:00,770.0,9.62,8.1,8.23,1.6099997,20.09987,54.0,122,0.10282269256591797,True,REGULAR,USD,2026-10-08,P
SPY261008P00771000,2026-09-29 16:56:58+00:00,771.0,10.3,8.69,8.9,2.1500006,26.380377,4.0,83,0.10279217529296875,True,REGULAR,USD,2026-10-08,P
SPY261008P00772000,2026-09-29 16:20:59+00:00,772.0,10.55,9.33,9.52,1.1500006,12.23405,10.0,27,0.10096113891601563,True,REGULAR,USD,2026-10-08,P
SPY261008P00773000,2026-09-28 19:55:02+00:00,773.0,10.15,9.98,10.23,0.0,0.0,248.0,123,0.10050337982177734,True,REGULAR,USD,2026-10-08,P
SPY261008P00774000,2026-09-29 14:08:41+00:00,774.0,10.79,10.69,10.91,0.52999973,5.1656895,2.0,28,0.09858079162597656,True,REGULAR,USD,2026-10-08,P
SPY261008P00775000,2026-09-29 17:15:38+00:00,775.0,11.3,11.4,11.65,1.3800001,13.911292,7.0,124,0.09742113525390625,True,REGULAR,USD,2026-10-08,P
SPY261008P00776000,2026-09-29 18:08:29+00:00,776.0,13.23,12.15,12.44,2.4399996,22.613527,7.0,13,0.09687182434082033,True,REGULAR,USD,2026-10-08,P
SPY261008P00778000,2026-09-29 14:25:49+00:00,778.0,14.91,13.77,14.03,1.0599995,7.6534257,2.0,9,0.09363699340820314,True,REGULAR,USD,2026-10-08,P
SPY261008P00779000,2026-09-28 17:14:59+00:00,779.0,11.7,14.61,14.89,0.0,0.0,12.0,26,0.09302664794921875,True,REGULAR,USD,2026-10-08,P
SPY261008P00780000,2026-09-29 16:10:27+00:00,780.0,17.0,14.54,17.53,2.42,16.59808,12.0,55,0.14948360290527346,True,REGULAR,USD,2026-10-08,P
SPY261008P00781000,2026-09-28 16:16:02+00:00,781.0,15.7,15.2,18.45,0.0,0.0,8.0,7,0.152901537475586,True,REGULAR,USD,2026-10-08,P
SPY261008P00782000,2026-09-25 17:34:37+00:00,782.0,12.55,16.22,19.34,0.0,0.0,1.0,1,0.15528188476562502,True,REGULAR,USD,2026-10-08,P
SPY261008P00784000,2026-09-25 15:24:43+00:00,784.0,16.01,18.02,20.78,0.0,0.0,17.0,7,0.14869015380859374,True,REGULAR,USD,2026-10-08,P
SPY261009C00500000,2026-09-25 14:38:16+00:00,500.0,268.78,263.52,267.12,0.0,0.0,52.0,9,1.1010787133789064,True,REGULAR,USD,2026-10-09,C
SPY261009C00505000,2026-09-25 14:38:16+00:00,505.0,263.78,258.55,262.35,0.0,0.0,4.0,1,1.1108442895507813,True,REGULAR,USD,2026-10-09,C
SPY261009C00520000,2026-09-08 18:28:49+00:00,520.0,248.11,243.65,247.14,0.0,0.0,,0,1.0283251708984378,True,REGULAR,USD,2026-10-09,C
SPY261009C00530000,2026-09-22 14:26:51+00:00,530.0,245.0,233.66,237.35,0.0,0.0,,2,1.007329182128906,True,REGULAR,USD,2026-10-09,C
SPY261009C00535000,2026-09-22 14:29:47+00:00,535.0,239.75,228.6,232.33,0.0,0.0,,3,0.9763185961914063,True,REGULAR,USD,2026-10-09,C
SPY261009C00540000,2026-09-22 14:36:29+00:00,540.0,234.69,223.58,227.29,0.0,0.0,2.0,2,0.9477544287109375,True,REGULAR,USD,2026-10-09,C
SPY261009C00545000,2026-09-17 15:37:01+00:00,545.0,216.91,218.7,222.24,0.0,0.0,,0,0.9326178613281251,True,REGULAR,USD,2026-10-09,C
SPY261009C00550000,2026-09-25 14:35:29+00:00,550.0,218.54,213.59,217.42,0.0,0.0,48.0,7,0.9174812939453125,True,REGULAR,USD,2026-10-09,C
SPY261009C00555000,2026-09-11 19:58:33+00:00,555.0,210.04,208.57,212.24,0.0,0.0,1.0,0,0.8754895263671875,True,REGULAR,USD,2026-10-09,C
SPY261009C00560000,2026-09-02 17:57:47+00:00,560.0,206.28,203.72,207.45,0.0,0.0,,0,0.8874522973632811,True,REGULAR,USD,2026-10-09,C
SPY261009C00565000,2026-09-01 18:29:13+00:00,565.0,197.19,198.6,202.46,0.0,0.0,,0,0.8559584716796875,True,REGULAR,USD,2026-10-09,C
SPY261009C00570000,2026-09-16 14:22:36+00:00,570.0,189.18,193.66,197.26,0.0,0.0,,0,0.8217791259765624,True,REGULAR,USD,2026-10-09,C
SPY261009C00575000,2026-09-08 13:58:19+00:00,575.0,193.63,188.67,192.47,0.0,0.0,2.0,2,0.8193377441406249,True,REGULAR,USD,2026-10-09,C
SPY261009C00580000,2026-09-15 14:22:47+00:00,580.0,177.78,183.68,187.48,0.0,0.0,2.0,0,0.7993184130859375,True,REGULAR,USD,2026-10-09,C
SPY261009C00585000,2026-09-28 19:13:47+00:00,585.0,181.86,178.66,182.42,0.0,0.0,2.0,1,0.77148666015625,True,REGULAR,USD,2026-10-09,C
SPY261009C00590000,2026-09-28 19:13:47+00:00,590.0,176.87,173.67,177.5,0.0,0.0,2.0,1,0.7573266455078126,True,REGULAR,USD,2026-10-09,C
SPY261009C00595000,2026-09-28 19:13:46+00:00,595.0,171.89,170.26,170.83,0.0,0.0,2.0,288,0.7299831689453125,True,REGULAR,USD,2026-10-09,C
SPY261009C00600000,2026-09-29 14:03:32+00:00,600.0,165.95,163.69,167.33,-0.94999695,-0.5692013,25.0,55,0.7038603833007813,True,REGULAR,USD,2026-10-09,C
SPY261009C00605000,2026-09-28 19:12:00+00:00,605.0,162.05,160.28,160.81,0.0,0.0,18.0,365,0.6882355395507813,True,REGULAR,USD,2026-10-09,C
SPY261009C00610000,2026-09-28 19:13:47+00:00,610.0,156.91,153.71,157.46,0.0,0.0,2.0,23,0.673098972167969,True,REGULAR,USD,2026-10-09,C
SPY261009C00615000,2026-09-28 19:13:46+00:00,615.0,151.97,150.3,150.87,0.0,0.0,59.0,254,0.6523472265625001,True,REGULAR,USD,2026-10-09,C
SPY261009C00620000,2026-09-24 14:41:07+00:00,620.0,147.21,143.84,147.62,0.0,0.0,1.0,11,0.6496617065429688,True,REGULAR,USD,2026-10-09,C
SPY261009C00625000,2026-09-28 19:13:48+00:00,625.0,141.95,138.85,142.37,0.0,0.0,2.0,24,0.6140175317382813,True,REGULAR,USD,2026-10-09,C
SPY261009C00630000,2026-09-28 19:13:47+00:00,630.0,136.97,133.74,137.46,0.0,0.0,2.0,4,0.5922892333984376,True,REGULAR,USD,2026-10-09,C
SPY261009C00635000,2026-09-28 19:13:47+00:00,635.0,131.97,128.79,132.43,0.0,0.0,2.0,32,0.5730023168945313,True,REGULAR,USD,2026-10-09,C
SPY261009C00640000,2026-09-28 19:13:47+00:00,640.0,126.99,123.8,127.53,0.0,0.0,2.0,47,0.5588423022460938,True,REGULAR,USD,2026-10-09,C
SPY261009C00645000,2026-09-28 19:13:47+00:00,645.0,122.0,118.89,122.41,0.0,0.0,2.0,3,0.5366257275390626,True,REGULAR,USD,2026-10-09,C
SPY261009C00650000,2026-09-28 19:13:46+00:00,650.0,117.04,115.38,115.94,0.0,0.0,20.0,302,0.5172167419433593,True,REGULAR,USD,2026-10-09,C
SPY261009C00655000,2026-09-28 19:51:00+00:00,655.0,111.79,108.84,112.61,0.0,0.0,1.0,3,0.5034229345703125,True,REGULAR,USD,2026-10-09,C
SPY261009C00660000,2026-09-29 13:58:30+00:00,660.0,106.28,103.81,106.04,-9.239998,-7.998613,1.0,66,0.5103808728027344,True,REGULAR,USD,2026-10-09,C
SPY261009C00665000,2026-09-17 17:19:49+00:00,665.0,97.6,98.96,102.58,0.0,0.0,1.0,5,0.5852702606201172,True,REGULAR,USD,2026-10-09,C
SPY261009C00670000,2026-09-25 16:28:39+00:00,670.0,102.43,93.88,97.66,0.0,0.0,1.0,26,0.5651288604736329,True,REGULAR,USD,2026-10-09,C
SPY261009C00675000,2026-09-16 14:32:46+00:00,675.0,84.93,90.44,91.06,0.0,0.0,200.0,102,0.44775942871093743,True,REGULAR,USD,2026-10-09,C
SPY261009C00680000,2026-09-29 17:08:10+00:00,680.0,83.92,84.55,86.56,2.1899948,2.6795483,2.0,1257,0.4587456469726563,True,REGULAR,USD,2026-10-09,C
SPY261009C00685000,2026-09-24 16:16:45+00:00,685.0,83.95,78.93,82.7,0.0,0.0,1.0,11,0.4940236145019532,True,REGULAR,USD,2026-10-09,C
SPY261009C00690000,2026-09-29 14:37:48+00:00,690.0,76.53,73.95,77.68,-0.010002136,-0.013067855,1.0,15,0.46869427795410157,True,REGULAR,USD,2026-10-09,C
SPY261009C00695000,2026-09-29 17:07:40+00:00,695.0,68.55,69.72,71.62,-5.119995,-6.9499054,8.0,1112,0.3942931665039063,True,REGULAR,USD,2026-10-09,C
SPY261009C00700000,2026-09-28 14:49:52+00:00,700.0,65.72,65.55,66.11,0.0,0.0,1.0,567,0.34363449340820307,True,REGULAR,USD,2026-10-09,C
SPY261009C00705000,2026-09-18 14:29:13+00:00,705.0,56.87,59.03,62.73,0.0,0.0,3.0,80,0.39691765197753903,True,REGULAR,USD,2026-10-09,C
SPY261009C00710000,2026-09-29 17:13:25+00:00,710.0,53.96,54.08,57.32,-3.380001,-5.8946657,2.0,26,0.355902437133789,True,REGULAR,USD,2026-10-09,C
SPY261009C00715000,2026-09-17 20:10:36+00:00,715.0,49.2,49.11,52.9,0.0,0.0,13.0,17,0.35297277893066403,True,REGULAR,USD,2026-10-09,C
SPY261009C00720000,2026-09-28 14:40:06+00:00,720.0,47.9,44.21,47.93,0.0,0.0,1.0,26,0.3283758569335937,True,REGULAR,USD,2026-10-09,C
SPY261009C00721000,2026-09-28 14:47:13+00:00,721.0,45.14,43.21,46.98,0.0,0.0,1.0,12,0.3248968878173828,True,REGULAR,USD,2026-10-09,C
SPY261009C00722000,2026-09-16 20:03:12+00:00,722.0,35.91,42.22,45.93,0.0,0.0,,59,0.31799998413085934,True,REGULAR,USD,2026-10-09,C
SPY261009C00723000,2026-09-24 14:42:47+00:00,723.0,45.07,41.15,45.01,0.0,0.0,6.0,13,0.3154365332031249,True,REGULAR,USD,2026-10-09,C
SPY261009C00724000,2026-09-29 13:53:53+00:00,724.0,42.77,40.17,43.6,4.1399994,10.717057,4.0,8,0.29651582397460935,True,REGULAR,USD,2026-10-09,C
SPY261009C00725000,2026-09-28 14:47:12+00:00,725.0,42.58,40.81,41.32,0.0,0.0,1.0,223,0.24311059631347653,True,REGULAR,USD,2026-10-09,C
SPY261009C00726000,2026-09-29 13:52:56+00:00,726.0,40.88,38.23,42.09,-9.809998,-19.352924,2.0,42,0.30225307128906254,True,REGULAR,USD,2026-10-09,C
SPY261009C00727000,2026-09-25 16:58:46+00:00,727.0,45.33,37.26,41.08,0.0,0.0,4.0,44,0.2966378930664062,True,REGULAR,USD,2026-10-09,C
SPY261009C00728000,2026-09-24 14:42:24+00:00,728.0,40.31,37.88,38.39,0.0,0.0,12.0,497,0.23212437805175778,True,REGULAR,USD,2026-10-09,C
SPY261009C00729000,2026-09-29 17:59:08+00:00,729.0,34.39,35.37,39.04,-1.4599991,-4.072522,4.0,92,0.2847361566162109,True,REGULAR,USD,2026-10-09,C
SPY261009C00730000,2026-09-29 18:15:40+00:00,730.0,35.46,35.19,37.0,-4.5300026,-11.327838,4.0,334,0.24549094360351562,True,REGULAR,USD,2026-10-09,C
SPY261009C00731000,2026-09-29 14:20:02+00:00,731.0,36.04,33.4,36.97,5.4800014,17.931942,2.0,3,0.271918901977539,True,REGULAR,USD,2026-10-09,C
SPY261009C00732000,2026-09-21 19:54:43+00:00,732.0,44.71,33.0,35.94,0.0,0.0,1.0,33,0.26563234375,True,REGULAR,USD,2026-10-09,C
SPY261009C00733000,2026-09-18 15:20:30+00:00,733.0,30.9,31.47,34.99,0.0,0.0,2.0,34,0.2617261328125,True,REGULAR,USD,2026-10-09,C
SPY261009C00734000,2026-09-29 18:04:19+00:00,734.0,31.31,32.09,32.59,5.879999,23.122293,1.0,163,0.21112849426269528,True,REGULAR,USD,2026-10-09,C
SPY261009C00735000,2026-09-28 13:45:57+00:00,735.0,34.45,31.13,31.71,0.0,0.0,2.0,1165,0.2104571142578125,True,REGULAR,USD,2026-10-09,C
SPY261009C00736000,2026-09-29 15:24:22+00:00,736.0,29.37,28.63,32.26,-2.0099983,-6.405349,32.0,333,0.25312026184082037,True,REGULAR,USD,2026-10-09,C
SPY261009C00737000,2026-09-24 16:41:05+00:00,737.0,34.1,27.72,31.18,0.0,0.0,2.0,14,0.2453078399658203,True,REGULAR,USD,2026-10-09,C
SPY261009C00738000,2026-09-29 18:17:30+00:00,738.0,27.81,26.78,30.34,0.37999916,1.3853414,2.0,45,0.24414818359375,True,REGULAR,USD,2026-10-09,C
SPY261009C00739000,2026-09-29 15:11:49+00:00,739.0,27.15,25.97,29.18,-3.58,-11.649854,6.0,119,0.23413851806640623,True,REGULAR,USD,2026-10-09,C
SPY261009C00740000,2026-09-29 18:13:42+00:00,740.0,25.68,26.54,26.94,-2.2999992,-8.220155,30.0,1020,0.1926960614013672,True,REGULAR,USD,2026-10-09,C
SPY261009C00741000,2026-09-29 15:09:24+00:00,741.0,25.4,25.66,26.01,-3.0900002,-10.845911,2.0,92,0.18964433410644532,True,REGULAR,USD,2026-10-09,C
SPY261009C00742000,2026-09-29 17:46:24+00:00,742.0,23.84,24.8,25.13,-4.049999,-14.521332,1.0,69,0.18793536682128903,True,REGULAR,USD,2026-10-09,C
SPY261009C00743000,2026-09-28 19:02:06+00:00,743.0,25.88,23.81,24.15,0.0,0.0,1.0,31,0.18311363769531247,True,REGULAR,USD,2026-10-09,C
SPY261009C00744000,2026-09-29 16:20:09+00:00,744.0,21.93,22.9,23.24,-3.8199997,-14.83495,3.0,64,0.18030604858398439,True,REGULAR,USD,2026-10-09,C
SPY261009C00745000,2026-09-29 17:57:33+00:00,745.0,20.62,22.01,22.33,-2.1599998,-9.482,14.0,1475,0.17731535583496094,True,REGULAR,USD,2026-10-09,C
SPY261009C00746000,2026-09-25 16:42:01+00:00,746.0,27.72,21.16,21.46,0.0,0.0,1.0,30,0.17524018127441404,True,REGULAR,USD,2026-10-09,C
SPY261009C00747000,2026-09-29 16:19:23+00:00,747.0,19.15,20.34,20.62,-5.380001,-21.932333,3.0,297,0.17371431762695314,True,REGULAR,USD,2026-10-09,C
SPY261009C00748000,2026-09-29 18:17:58+00:00,748.0,18.83,19.4,19.7,-4.129999,-17.987803,2.0,322,0.16999121032714848,True,REGULAR,USD,2026-10-09,C
SPY261009C00749000,2026-09-29 15:40:20+00:00,749.0,18.02,18.61,18.88,-4.2299995,-19.011232,12.0,69,0.16858741577148442,True,REGULAR,USD,2026-10-09,C
SPY261009C00750000,2026-09-29 18:35:36+00:00,750.0,17.22,17.73,18.0,-1.5700016,-8.355516,18.0,648,0.16547465393066407,True,REGULAR,USD,2026-10-09,C
SPY261009C00751000,2026-09-29 17:51:34+00:00,751.0,15.65,16.85,17.13,-2.08,-11.731529,9.0,37,0.1624229266357422,True,REGULAR,USD,2026-10-09,C
SPY261009C00752000,2026-09-29 16:18:44+00:00,752.0,15.76,16.1,16.33,-1.1999989,-7.075465,35.0,331,0.1607749938964844,True,REGULAR,USD,2026-10-09,C
SPY261009C00753000,2026-09-29 17:06:20+00:00,753.0,13.99,15.24,15.5,-3.7000008,-20.915775,152.0,49,0.15821154296875,True,REGULAR,USD,2026-10-09,C
SPY261009C00754000,2026-09-29 17:15:44+00:00,754.0,13.21,14.42,14.66,-5.2599993,-28.478611,60.0,89,0.15515981567382814,True,REGULAR,USD,2026-10-09,C
SPY261009C00755000,2026-09-29 18:09:15+00:00,755.0,12.86,13.69,13.87,-1.6100006,-11.126472,665.0,508,0.15299308929443362,True,REGULAR,USD,2026-10-09,C
SPY261009C00756000,2026-09-29 16:29:46+00:00,756.0,12.22,12.87,13.08,-3.1999998,-20.752268,719.0,397,0.1505211901855469,True,REGULAR,USD,2026-10-09,C
SPY261009C00757000,2026-09-29 17:46:12+00:00,757.0,11.35,12.11,12.29,-1.7999992,-13.688208,464.0,561,0.14780515289306645,True,REGULAR,USD,2026-10-09,C
SPY261009C00758000,2026-09-29 17:49:00+00:00,758.0,10.49,11.4,11.57,-2.9300003,-21.833088,510.0,1399,0.14618773742675778,True,REGULAR,USD,2026-10-09,C
SPY261009C00759000,2026-09-29 17:53:16+00:00,759.0,10.25,10.64,10.81,-1.7600002,-14.654457,685.0,723,0.14347170013427735,True,REGULAR,USD,2026-10-09,C
SPY261009C00760000,2026-09-29 18:51:25+00:00,760.0,10.0,9.94,10.09,-0.97999954,-8.925315,1580.0,1115,0.1412134219360352,True,REGULAR,USD,2026-10-09,C
SPY261009C00761000,2026-09-29 18:50:26+00:00,761.0,9.4,9.27,9.39,-0.89000034,-8.649177,697.0,884,0.13901617828369145,True,REGULAR,USD,2026-10-09,C
SPY261009C00762000,2026-09-29 18:47:18+00:00,762.0,8.54,8.59,8.72,-0.96000004,-10.105263,713.0,2415,0.13703255554199223,True,REGULAR,USD,2026-10-09,C
SPY261009C00763000,2026-09-29 18:53:30+00:00,763.0,8.07,7.97,8.07,-1.4500008,-15.2311,2221.0,1250,0.13501841552734378,True,REGULAR,USD,2026-10-09,C
SPY261009C00764000,2026-09-29 18:53:30+00:00,764.0,7.43,7.36,7.41,-0.7999997,-9.720531,1154.0,1823,0.1324549645996094,True,REGULAR,USD,2026-10-09,C
SPY261009C00765000,2026-09-29 18:53:18+00:00,765.0,6.82,6.77,6.8,-0.6499996,-8.7014675,3023.0,1486,0.1304103073120117,False,REGULAR,USD,2026-10-09,C
SPY261009C00766000,2026-09-29 18:51:25+00:00,766.0,6.22,6.22,6.23,-0.7000003,-10.115611,1391.0,1699,0.12870134002685546,False,REGULAR,USD,2026-10-09,C
SPY261009C00767000,2026-09-29 18:51:23+00:00,767.0,5.69,5.67,5.68,-0.6700001,-10.534593,1002.0,1275,0.12690082092285154,False,REGULAR,USD,2026-10-09,C
SPY261009C00768000,2026-09-29 18:50:03+00:00,768.0,5.17,5.17,5.19,-0.6199999,-10.708116,1887.0,2491,0.1257716818237305,False,REGULAR,USD,2026-10-09,C
SPY261009C00769000,2026-09-29 18:52:12+00:00,769.0,4.67,4.67,4.69,-0.61000013,-11.553033,850.0,1667,0.12397116271972657,False,REGULAR,USD,2026-10-09,C
SPY261009C00770000,2026-09-29 18:54:26+00:00,770.0,4.21,4.21,4.23,-0.5799999,-11.983469,4141.0,5319,0.12247581634521486,False,REGULAR,USD,2026-10-09,C
SPY261009C00771000,2026-09-29 18:51:34+00:00,771.0,3.78,3.78,3.8,-0.50000024,-11.682248,656.0,1236,0.12104150451660156,False,REGULAR,USD,2026-10-09,C
SPY261009C00772000,2026-09-29 18:44:19+00:00,772.0,3.41,3.39,3.4,-0.5,-12.787724,822.0,1773,0.11969874450683593,False,REGULAR,USD,2026-10-09,C
SPY261009C00773000,2026-09-29 18:48:20+00:00,773.0,2.98,3.02,3.04,-0.53,-15.099714,472.0,1110,0.11863063995361328,False,REGULAR,USD,2026-10-09,C
SPY261009C00774000,2026-09-29 18:51:23+00:00,774.0,2.7,2.68,2.7,-0.41999984,-13.4615345,987.0,8249,0.11744046630859376,False,REGULAR,USD,2026-10-09,C
SPY261009C00775000,2026-09-29 18:53:31+00:00,775.0,2.39,2.37,2.38,-0.39999986,-14.336912,2263.0,9893,0.11615874084472656,False,REGULAR,USD,2026-10-09,C
SPY261009C00776000,2026-09-29 18:51:28+00:00,776.0,2.08,2.08,2.1,-0.53,-20.306513,906.0,847,0.11524322265625,False,REGULAR,USD,2026-10-09,C
SPY261009C00777000,2026-09-29 18:53:18+00:00,777.0,1.85,1.83,1.84,-0.43999994,-19.21397,498.0,1423,0.11420563537597657,False,REGULAR,USD,2026-10-09,C
SPY261009C00778000,2026-09-29 18:51:08+00:00,778.0,1.6,1.61,1.62,-0.32999992,-17.098442,288.0,1857,0.11368684173583984,False,REGULAR,USD,2026-10-09,C
SPY261009C00779000,2026-09-29 18:50:46+00:00,779.0,1.38,1.4,1.41,-0.39999998,-22.471909,911.0,1218,0.11286287536621094,False,REGULAR,USD,2026-10-09,C
SPY261009C00780000,2026-09-29 18:52:33+00:00,780.0,1.21,1.22,1.23,-0.27999997,-18.791945,46026.0,7994,0.11231356445312499,False,REGULAR,USD,2026-10-09,C
SPY261009C00781000,2026-09-29 18:53:55+00:00,781.0,1.07,1.05,1.06,-0.26999998,-20.149252,196.0,897,0.1115201153564453,False,REGULAR,USD,2026-10-09,C
SPY261009C00782000,2026-09-29 18:29:15+00:00,782.0,0.86,0.91,0.92,-0.26999998,-23.893805,154.0,1580,0.11115390808105467,False,REGULAR,USD,2026-10-09,C
SPY261009C00783000,2026-09-29 18:41:31+00:00,783.0,0.86,0.79,0.81,-0.18999994,-18.095234,319.0,6174,0.11139804626464843,False,REGULAR,USD,2026-10-09,C
SPY261009C00784000,2026-09-29 18:29:15+00:00,784.0,0.63,0.67,0.69,-0.26,-29.213484,252.0,4806,0.11072666625976563,False,REGULAR,USD,2026-10-09,C
SPY261009C00785000,2026-09-29 18:49:02+00:00,785.0,0.59,0.59,0.6,-0.14000005,-19.17809,32253.0,75860,0.11072666625976563,False,REGULAR,USD,2026-10-09,C
SPY261009C00786000,2026-09-29 18:36:40+00:00,786.0,0.48,0.5,0.52,-0.16999999,-26.153845,482.0,1645,0.11078770080566405,False,REGULAR,USD,2026-10-09,C
SPY261009C00787000,2026-09-29 18:48:42+00:00,787.0,0.41,0.43,0.45,-0.13000003,-24.074078,44.0,1529,0.11084873535156249,False,REGULAR,USD,2026-10-09,C
SPY261009C00788000,2026-09-29 18:47:59+00:00,788.0,0.37,0.37,0.38,-0.109999985,-22.916664,205.0,776,0.11048252807617187,False,REGULAR,USD,2026-10-09,C
SPY261009C00789000,2026-09-29 18:10:08+00:00,789.0,0.26,0.33,0.34,-0.17000002,-39.53489,108.0,911,0.11145908081054687,False,REGULAR,USD,2026-10-09,C
SPY261009C00790000,2026-09-29 18:47:55+00:00,790.0,0.28,0.28,0.29,-0.09,-24.324324,20678.0,3697,0.11133701171874999,False,REGULAR,USD,2026-10-09,C
SPY261009C00791000,2026-09-29 18:42:26+00:00,791.0,0.26,0.24,0.26,-0.050000012,-16.129036,106.0,817,0.11243563354492186,False,REGULAR,USD,2026-10-09,C
SPY261009C00792000,2026-09-29 18:47:55+00:00,792.0,0.22,0.21,0.22,-0.120000005,-35.294117,65.0,1042,0.11231356445312499,False,REGULAR,USD,2026-10-09,C
SPY261009C00793000,2026-09-29 18:43:53+00:00,793.0,0.2,0.19,0.2,-0.03999999,-16.666662,218.0,6159,0.11365632446289062,False,REGULAR,USD,2026-10-09,C
SPY261009C00794000,2026-09-29 18:51:22+00:00,794.0,0.18,0.17,0.18,-0.029999986,-15.789468,55.0,1481,0.1147549462890625,False,REGULAR,USD,2026-10-09,C
SPY261009C00795000,2026-09-29 18:45:23+00:00,795.0,0.16,0.15,0.16,-0.030000001,-15.789474,139.0,2168,0.1157314990234375,False,REGULAR,USD,2026-10-09,C
SPY261009C00796000,2026-09-29 17:23:47+00:00,796.0,0.11,0.13,0.14,-0.060000002,-35.294117,160.0,729,0.116219775390625,False,REGULAR,USD,2026-10-09,C
SPY261009C00797000,2026-09-29 18:35:57+00:00,797.0,0.12,0.12,0.13,-0.020000003,-14.285716,7.0,2484,0.11792874267578124,False,REGULAR,USD,2026-10-09,C
SPY261009C00798000,2026-09-29 18:32:34+00:00,798.0,0.1,0.11,0.12,-0.029999994,-23.076918,17.0,605,0.11939357177734375,False,REGULAR,USD,2026-10-09,C
SPY261009C00799000,2026-09-29 18:29:24+00:00,799.0,0.1,0.1,0.11,-0.019999996,-16.666662,33.0,5928,0.12085840087890626,False,REGULAR,USD,2026-10-09,C
SPY261009C00800000,2026-09-29 18:49:39+00:00,800.0,0.09,0.09,0.1,-0.019999996,-16.666662,296.0,8815,0.12207909179687501,False,REGULAR,USD,2026-10-09,C
SPY261009C00801000,2026-09-29 16:59:27+00:00,801.0,0.07,0.08,0.09,-0.020000003,-22.222223,39.0,3220,0.12305564453125001,False,REGULAR,USD,2026-10-09,C
SPY261009C00802000,2026-09-29 14:22:48+00:00,802.0,0.08,0.08,0.09,-0.04,-33.333336,4.0,1601,0.125985302734375,False,REGULAR,USD,2026-10-09,C
SPY261009C00803000,2026-09-28 19:10:22+00:00,803.0,0.09,0.07,0.08,0.0,0.0,428.0,720,0.12647357910156248,False,REGULAR,USD,2026-10-09,C
SPY261009C00804000,2026-09-28 20:06:08+00:00,804.0,0.08,0.07,0.08,0.0,0.0,12.0,292,0.1294032373046875,False,REGULAR,USD,2026-10-09,C
SPY261009C00805000,2026-09-29 17:22:35+00:00,805.0,0.06,0.06,0.07,-0.02,-25.0,33.0,1207,0.129891513671875,False,REGULAR,USD,2026-10-09,C
SPY261009C00806000,2026-09-29 16:26:02+00:00,806.0,0.06,0.06,0.07,-0.030000005,-33.333336,9.0,3104,0.132821171875,False,REGULAR,USD,2026-10-09,C
SPY261009C00807000,2026-09-29 14:23:09+00:00,807.0,0.06,0.05,0.06,-0.010000002,-14.285716,2.0,425,0.132821171875,False,REGULAR,USD,2026-10-09,C
SPY261009C00808000,2026-09-29 16:19:33+00:00,808.0,0.06,0.05,0.06,0.0,0.0,2.0,482,0.13526255371093754,False,REGULAR,USD,2026-10-09,C
SPY261009C00809000,2026-09-29 16:45:02+00:00,809.0,0.04,0.05,0.06,-0.08,-66.66667,6.0,187,0.13770393554687502,False,REGULAR,USD,2026-10-09,C
SPY261009C00810000,2026-09-29 16:36:38+00:00,810.0,0.05,0.05,0.06,-0.009999998,-16.666662,12.0,747,0.14063359375,False,REGULAR,USD,2026-10-09,C
SPY261009C00811000,2026-09-29 14:36:41+00:00,811.0,0.05,0.04,0.05,-0.06,-54.545456,50.0,246,0.1401453173828125,False,REGULAR,USD,2026-10-09,C
SPY261009C00812000,2026-09-29 15:34:30+00:00,812.0,0.04,0.04,0.05,-0.010000002,-20.000002,1.0,741,0.14258669921875,False,REGULAR,USD,2026-10-09,C
SPY261009C00813000,2026-09-28 19:43:51+00:00,813.0,0.04,0.04,0.05,0.0,0.0,1.0,133,0.145516357421875,False,REGULAR,USD,2026-10-09,C
SPY261009C00814000,2026-09-29 17:38:25+00:00,814.0,0.04,0.04,0.05,-0.010000002,-20.000002,3.0,1263,0.147469462890625,False,REGULAR,USD,2026-10-09,C
SPY261009C00815000,2026-09-28 19:24:32+00:00,815.0,0.05,0.04,0.05,0.0,0.0,30.0,172,0.15039912109375003,False,REGULAR,USD,2026-10-09,C
SPY261009C00816000,2026-09-25 19:58:15+00:00,816.0,0.09,0.04,0.05,0.0,0.0,151.0,246,0.15284050292968754,False,REGULAR,USD,2026-10-09,C
SPY261009C00817000,2026-09-28 16:19:48+00:00,817.0,0.04,0.03,0.04,0.0,0.0,15.0,201,0.15137567382812503,False,REGULAR,USD,2026-10-09,C
SPY261009C00818000,2026-09-21 16:48:28+00:00,818.0,0.19,0.03,0.04,0.0,0.0,64.0,100,0.15430533203125002,False,REGULAR,USD,2026-10-09,C
SPY261009C00819000,2026-09-28 18:56:32+00:00,819.0,0.04,0.03,0.04,0.0,0.0,5.0,36,0.1562584375,False,REGULAR,USD,2026-10-09,C
SPY261009C00820000,2026-09-29 18:45:23+00:00,820.0,0.03,0.03,0.04,-0.049999997,-62.499996,10.0,640,0.159188095703125,False,REGULAR,USD,2026-10-09,C
SPY261009C00821000,2026-09-28 18:23:02+00:00,821.0,0.04,0.03,0.04,0.0,0.0,72.0,533,0.161141201171875,False,REGULAR,USD,2026-10-09,C
SPY261009C00822000,2026-09-28 17:12:25+00:00,822.0,0.03,0.03,0.04,0.0,0.0,4.0,426,0.16407085937500002,False,REGULAR,USD,2026-10-09,C
SPY261009C00823000,2026-09-28 14:51:54+00:00,823.0,0.03,0.03,0.04,0.0,0.0,25.0,153,0.16602396484375004,False,REGULAR,USD,2026-10-09,C
SPY261009C00824000,2026-09-23 16:17:40+00:00,824.0,0.06,0.02,0.03,0.0,0.0,2.0,138,0.16309430664062502,False,REGULAR,USD,2026-10-09,C
SPY261009C00825000,2026-09-25 18:00:29+00:00,825.0,0.06,0.02,0.03,0.0,0.0,26.0,363,0.16602396484375004,False,REGULAR,USD,2026-10-09,C
SPY261009C00830000,2026-09-28 19:48:07+00:00,830.0,0.03,0.02,0.03,0.0,0.0,7.0,248,0.17774259765625,False,REGULAR,USD,2026-10-09,C
SPY261009C00835000,2026-09-28 14:09:33+00:00,835.0,0.02,0.02,0.03,0.0,0.0,1.0,308,0.18946123046875002,False,REGULAR,USD,2026-10-09,C
SPY261009C00840000,2026-09-29 14:18:59+00:00,840.0,0.02,0.01,0.02,-0.01,-33.333336,10.0,475,0.19336744140625,False,REGULAR,USD,2026-10-09,C
SPY261009C00845000,2026-09-28 15:12:08+00:00,845.0,0.02,0.01,0.02,0.0,0.0,400.0,412,0.20313296874999998,False,REGULAR,USD,2026-10-09,C
SPY261009C00850000,2026-09-29 17:10:57+00:00,850.0,0.02,0.01,0.02,0.01,100.0,200.0,241,0.2148516015625,False,REGULAR,USD,2026-10-09,C
SPY261009C00855000,2026-09-09 15:25:05+00:00,855.0,0.03,0.01,0.02,0.0,0.0,2.0,70,0.22461712890624996,False,REGULAR,USD,2026-10-09,C
SPY261009C00860000,2026-09-25 19:42:10+00:00,860.0,0.02,0.01,0.02,0.0,0.0,1.0,35,0.23633576171874998,False,REGULAR,USD,2026-10-09,C
SPY261009C00865000,2026-09-25 16:48:02+00:00,865.0,0.02,0.01,0.02,0.0,0.0,10.0,98,0.2461012890625,False,REGULAR,USD,2026-10-09,C
SPY261009C00870000,2026-09-29 17:36:42+00:00,870.0,0.01,0.0,0.01,-0.02,-66.66667,1.0,24,0.242195078125,False,REGULAR,USD,2026-10-09,C
SPY261009C00875000,2026-08-31 17:51:08+00:00,875.0,0.02,0.01,0.01,0.0,0.0,,1,0.2500075,False,REGULAR,USD,2026-10-09,C
SPY261009C00880000,2026-09-25 13:30:05+00:00,880.0,0.01,0.0,0.01,0.0,0.0,6.0,2,0.2617261328125,False,REGULAR,USD,2026-10-09,C
SPY261009C00890000,2026-09-14 19:53:42+00:00,890.0,0.01,0.0,0.01,0.0,0.0,,2,0.28125718749999995,False,REGULAR,USD,2026-10-09,C
SPY261009C00895000,2026-09-22 14:13:48+00:00,895.0,0.02,0.0,0.01,0.0,0.0,,13,0.2890696093749999,False,REGULAR,USD,2026-10-09,C
SPY261009C00900000,2026-09-28 13:56:40+00:00,900.0,0.01,0.0,0.01,0.0,0.0,1.0,1003,0.29688203124999996,False,REGULAR,USD,2026-10-09,C
SPY261009C00930000,2026-09-09 14:26:41+00:00,930.0,0.01,0.0,0.01,0.0,0.0,,1,0.35156898437499995,False,REGULAR,USD,2026-10-09,C
SPY261009P00500000,2026-09-29 17:44:03+00:00,500.0,0.01,0.0,0.01,-0.01,-50.0,6.0,633,0.70312796875,False,REGULAR,USD,2026-10-09,P
SPY261009P00505000,2026-09-25 20:08:57+00:00,505.0,0.01,0.0,0.01,0.0,0.0,10.0,332,0.6875031250000001,False,REGULAR,USD,2026-10-09,P
SPY261009P00510000,2026-09-29 18:32:53+00:00,510.0,0.01,0.0,0.01,0.0,0.0,30.0,751,0.6718782812500002,False,REGULAR,USD,2026-10-09,P
SPY261009P00515000,2026-09-23 15:47:35+00:00,515.0,0.02,0.01,0.02,0.0,0.0,2.0,244,0.710940390625,False,REGULAR,USD,2026-10-09,P
SPY261009P00520000,2026-09-18 15:03:40+00:00,520.0,0.04,0.01,0.02,0.0,0.0,26.0,66,0.6953155468750001,False,REGULAR,USD,2026-10-09,P
SPY261009P00525000,2026-09-21 14:22:17+00:00,525.0,0.03,0.01,0.02,0.0,0.0,1.0,181,0.6796907031250001,False,REGULAR,USD,2026-10-09,P
SPY261009P00530000,2026-09-25 15:22:35+00:00,530.0,0.02,0.01,0.02,0.0,0.0,2.0,253,0.6640658593750002,False,REGULAR,USD,2026-10-09,P
SPY261009P00535000,2026-09-28 15:14:45+00:00,535.0,0.02,0.01,0.02,0.0,0.0,2.0,279,0.648441015625,False,REGULAR,USD,2026-10-09,P
SPY261009P00540000,2026-09-28 17:13:30+00:00,540.0,0.02,0.01,0.02,0.0,0.0,1.0,59,0.632816171875,False,REGULAR,USD,2026-10-09,P
SPY261009P00545000,2026-09-25 18:24:46+00:00,545.0,0.03,0.01,0.02,0.0,0.0,3.0,240,0.6171913281250001,False,REGULAR,USD,2026-10-09,P
SPY261009P00550000,2026-09-24 19:29:24+00:00,550.0,0.03,0.01,0.02,0.0,0.0,41.0,81,0.6015664843750002,False,REGULAR,USD,2026-10-09,P
SPY261009P00555000,2026-09-23 15:05:23+00:00,555.0,0.03,0.01,0.02,0.0,0.0,48.0,421,0.585941640625,False,REGULAR,USD,2026-10-09,P
SPY261009P00560000,2026-09-29 14:16:27+00:00,560.0,0.01,0.01,0.02,-0.01,-50.0,2.0,563,0.570316796875,False,REGULAR,USD,2026-10-09,P
SPY261009P00565000,2026-09-25 19:17:18+00:00,565.0,0.03,0.01,0.02,0.0,0.0,625.0,700,0.5546919531250001,False,REGULAR,USD,2026-10-09,P
SPY261009P00570000,2026-09-28 19:58:33+00:00,570.0,0.02,0.02,0.03,0.0,0.0,46.0,196,0.5664105859375,False,REGULAR,USD,2026-10-09,P
SPY261009P00575000,2026-09-29 13:30:02+00:00,575.0,0.03,0.02,0.03,0.0,0.0,100.0,191,0.5507857421875001,False,REGULAR,USD,2026-10-09,P
SPY261009P00580000,2026-09-29 16:37:16+00:00,580.0,0.03,0.02,0.03,0.0,0.0,135.0,1786,0.5351608984375,False,REGULAR,USD,2026-10-09,P
SPY261009P00585000,2026-09-28 16:29:27+00:00,585.0,0.03,0.02,0.03,0.0,0.0,116.0,61,0.5195360546875,False,REGULAR,USD,2026-10-09,P
SPY261009P00590000,2026-09-29 15:16:28+00:00,590.0,0.03,0.02,0.03,-0.01,-25.0,24.0,199,0.5039112109375,False,REGULAR,USD,2026-10-09,P
SPY261009P00595000,2026-09-28 14:34:18+00:00,595.0,0.04,0.02,0.03,0.0,0.0,3.0,79,0.49609878906250005,False,REGULAR,USD,2026-10-09,P
SPY261009P00600000,2026-09-29 18:42:51+00:00,600.0,0.03,0.03,0.04,-0.01,-25.0,76.0,219,0.49414568359375005,False,REGULAR,USD,2026-10-09,P
SPY261009P00605000,2026-09-29 16:53:33+00:00,605.0,0.03,0.03,0.04,0.0,0.0,76.0,298,0.47852083984375,False,REGULAR,USD,2026-10-09,P
SPY261009P00610000,2026-09-29 17:21:32+00:00,610.0,0.05,0.03,0.04,0.0,0.0,72.0,561,0.46289599609375004,False,REGULAR,USD,2026-10-09,P
SPY261009P00615000,2026-09-29 15:12:06+00:00,615.0,0.05,0.03,0.04,0.0,0.0,11.0,295,0.44727115234375,False,REGULAR,USD,2026-10-09,P
SPY261009P00620000,2026-09-29 18:24:11+00:00,620.0,0.05,0.04,0.05,-0.029999997,-37.499996,79.0,200,0.4414118359375,False,REGULAR,USD,2026-10-09,P
SPY261009P00625000,2026-09-29 16:38:19+00:00,625.0,0.06,0.04,0.05,0.009999998,19.999994,63.0,993,0.42676354492187507,False,REGULAR,USD,2026-10-09,P
SPY261009P00630000,2026-09-29 15:56:41+00:00,630.0,0.05,0.04,0.05,-0.009999998,-16.666662,23.0,650,0.41211525390625,False,REGULAR,USD,2026-10-09,P
SPY261009P00635000,2026-09-28 19:56:40+00:00,635.0,0.07,0.05,0.06,0.0,0.0,38.0,262,0.40332627929687503,False,REGULAR,USD,2026-10-09,P
SPY261009P00640000,2026-09-29 16:28:03+00:00,640.0,0.06,0.05,0.06,-0.010000002,-14.285716,49.0,323,0.38867798828125,False,REGULAR,USD,2026-10-09,P
SPY261009P00645000,2026-09-29 18:25:37+00:00,645.0,0.06,0.06,0.07,-0.02,-25.0,28.0,320,0.3789124609375,False,REGULAR,USD,2026-10-09,P
SPY261009P00650000,2026-09-29 18:53:44+00:00,650.0,0.07,0.06,0.07,-0.009999998,-14.285712,38.0,656,0.3632876171875,False,REGULAR,USD,2026-10-09,P
SPY261009P00655000,2026-09-28 15:50:12+00:00,655.0,0.11,0.07,0.08,0.0,0.0,20.0,311,0.35352208984374994,False,REGULAR,USD,2026-10-09,P
SPY261009P00660000,2026-09-29 16:48:25+00:00,660.0,0.09,0.07,0.08,-0.009999998,-9.999997,4.0,539,0.33789724609375,False,REGULAR,USD,2026-10-09,P
SPY261009P00665000,2026-09-29 18:06:57+00:00,665.0,0.09,0.08,0.09,-0.009999998,-9.999997,27.0,588,0.32617861328125,False,REGULAR,USD,2026-10-09,P
SPY261009P00670000,2026-09-29 18:45:23+00:00,670.0,0.1,0.09,0.1,-0.050000004,-33.333336,46.0,2899,0.3149482568359374,False,REGULAR,USD,2026-10-09,P
SPY261009P00675000,2026-09-29 18:43:49+00:00,675.0,0.1,0.09,0.1,-0.029999994,-23.076918,17.0,2318,0.29883513671874995,False,REGULAR,USD,2026-10-09,P
SPY261009P00680000,2026-09-29 18:34:39+00:00,680.0,0.11,0.1,0.11,-0.030000001,-21.428572,23.0,764,0.2866282275390625,False,REGULAR,USD,2026-10-09,P
SPY261009P00685000,2026-09-29 15:10:48+00:00,685.0,0.13,0.11,0.12,-0.02000001,-13.333339,5.0,1454,0.2739330419921875,False,REGULAR,USD,2026-10-09,P
SPY261009P00690000,2026-09-29 16:54:45+00:00,690.0,0.15,0.13,0.14,-0.019999996,-11.764703,29.0,2829,0.26319096191406255,False,REGULAR,USD,2026-10-09,P
SPY261009P00695000,2026-09-29 16:31:15+00:00,695.0,0.17,0.14,0.15,-0.010000005,-5.555558,25.0,2735,0.24951922363281248,False,REGULAR,USD,2026-10-09,P
SPY261009P00700000,2026-09-29 18:45:02+00:00,700.0,0.17,0.16,0.17,-0.060000002,-26.086956,463.0,3848,0.23731231445312498,False,REGULAR,USD,2026-10-09,P
SPY261009P00705000,2026-09-29 18:23:35+00:00,705.0,0.21,0.18,0.19,-0.040000007,-16.000002,23.0,2377,0.2243729907226562,False,REGULAR,USD,2026-10-09,P
SPY261009P00710000,2026-09-29 18:00:33+00:00,710.0,0.21,0.2,0.21,-0.08,-27.586208,21.0,2425,0.21070125244140625,False,REGULAR,USD,2026-10-09,P
SPY261009P00715000,2026-09-29 18:53:36+00:00,715.0,0.25,0.24,0.25,-0.08000001,-20.000002,75.0,2459,0.1992267578125,False,REGULAR,USD,2026-10-09,P
SPY261009P00720000,2026-09-29 18:22:14+00:00,720.0,0.31,0.3,0.31,-0.099999994,-24.390242,90.0,1991,0.188484677734375,False,REGULAR,USD,2026-10-09,P
SPY261009P00721000,2026-09-28 17:11:32+00:00,721.0,0.38,0.3,0.31,0.0,0.0,214.0,896,0.1848226049804687,False,REGULAR,USD,2026-10-09,P
SPY261009P00722000,2026-09-28 20:00:08+00:00,722.0,0.44,0.32,0.33,0.0,0.0,43.0,601,0.18335777587890623,False,REGULAR,USD,2026-10-09,P
SPY261009P00723000,2026-09-29 14:57:21+00:00,723.0,0.35,0.33,0.35,-0.03999999,-10.256408,1.0,332,0.18164880859375,False,REGULAR,USD,2026-10-09,P
SPY261009P00724000,2026-09-29 17:52:54+00:00,724.0,0.47,0.35,0.36,0.050000012,11.904764,933.0,455,0.17884121948242188,False,REGULAR,USD,2026-10-09,P
SPY261009P00725000,2026-09-29 18:43:23+00:00,725.0,0.37,0.37,0.39,-0.109999985,-22.916664,32707.0,46452,0.17774259765625,False,REGULAR,USD,2026-10-09,P
SPY261009P00726000,2026-09-29 16:19:26+00:00,726.0,0.54,0.4,0.41,0.02000004,3.8461618,123.0,877,0.1757894921875,False,REGULAR,USD,2026-10-09,P
SPY261009P00727000,2026-09-29 18:47:55+00:00,727.0,0.43,0.41,0.42,-0.13,-23.214285,14.0,933,0.17285983398437502,False,REGULAR,USD,2026-10-09,P
SPY261009P00728000,2026-09-29 16:31:10+00:00,728.0,0.57,0.44,0.45,0.04000002,7.547174,94.0,1676,0.1713950048828125,False,REGULAR,USD,2026-10-09,P
SPY261009P00729000,2026-09-29 18:47:55+00:00,729.0,0.48,0.46,0.48,-0.049999982,-9.433959,17.0,1070,0.16968603759765627,False,REGULAR,USD,2026-10-09,P
SPY261009P00730000,2026-09-29 18:43:48+00:00,730.0,0.5,0.49,0.5,-0.13999999,-21.874998,268.0,2424,0.16724465576171876,False,REGULAR,USD,2026-10-09,P
SPY261009P00731000,2026-09-29 18:43:48+00:00,731.0,0.54,0.51,0.53,-0.13999999,-20.588232,20.0,481,0.16529155029296877,False,REGULAR,USD,2026-10-09,P
SPY261009P00732000,2026-09-29 17:47:42+00:00,732.0,0.7,0.55,0.56,0.06999999,11.11111,15.0,458,0.16333844482421878,False,REGULAR,USD,2026-10-09,P
SPY261009P00733000,2026-09-29 18:48:42+00:00,733.0,0.58,0.59,0.6,-0.22000003,-27.500004,141.0,419,0.16175154663085936,False,REGULAR,USD,2026-10-09,P
SPY261009P00734000,2026-09-29 18:26:28+00:00,734.0,0.71,0.62,0.64,-0.100000024,-12.345681,107.0,1398,0.16004257934570312,False,REGULAR,USD,2026-10-09,P
SPY261009P00735000,2026-09-29 18:42:50+00:00,735.0,0.68,0.67,0.68,-0.18,-20.930233,903.0,9185,0.15808947387695313,False,REGULAR,USD,2026-10-09,P
SPY261009P00736000,2026-09-29 16:37:19+00:00,736.0,0.9,0.71,0.73,0.060000002,7.1428576,206.0,1150,0.15662464477539065,False,REGULAR,USD,2026-10-09,P
SPY261009P00737000,2026-09-29 18:39:49+00:00,737.0,0.78,0.77,0.78,-0.08000004,-9.30233,134.0,1475,0.1549156774902344,False,REGULAR,USD,2026-10-09,P
SPY261009P00738000,2026-09-29 18:52:54+00:00,738.0,0.83,0.82,0.84,-0.09000003,-9.782613,147.0,4068,0.1534508483886719,False,REGULAR,USD,2026-10-09,P
SPY261009P00739000,2026-09-29 18:49:29+00:00,739.0,0.91,0.88,0.9,-0.21999997,-19.469023,47.0,1426,0.1518639501953125,False,REGULAR,USD,2026-10-09,P
SPY261009P00740000,2026-09-29 18:49:04+00:00,740.0,0.98,0.94,0.96,-0.13,-11.711712,1437.0,6128,0.14997187927246097,False,REGULAR,USD,2026-10-09,P
SPY261009P00741000,2026-09-29 18:51:59+00:00,741.0,1.04,1.02,1.03,-0.20000005,-16.129036,251.0,1229,0.14838498107910159,False,REGULAR,USD,2026-10-09,P
SPY261009P00742000,2026-09-29 18:42:35+00:00,742.0,1.11,1.1,1.11,-0.16999996,-13.281247,665.0,16138,0.14692015197753905,False,REGULAR,USD,2026-10-09,P
SPY261009P00743000,2026-09-29 18:48:24+00:00,743.0,1.23,1.18,1.19,-0.21000004,-14.583336,151.0,684,0.14527221923828126,False,REGULAR,USD,2026-10-09,P
SPY261009P00744000,2026-09-29 17:24:53+00:00,744.0,1.62,1.27,1.28,0.13999999,9.459458,456.0,879,0.14368532104492188,False,REGULAR,USD,2026-10-09,P
SPY261009P00745000,2026-09-29 18:43:25+00:00,745.0,1.39,1.36,1.38,-0.16999996,-10.897434,34136.0,47990,0.14222049194335937,False,REGULAR,USD,2026-10-09,P
SPY261009P00746000,2026-09-29 17:25:22+00:00,746.0,1.77,1.48,1.49,0.07999992,4.733723,363.0,2052,0.14087773193359376,False,REGULAR,USD,2026-10-09,P
SPY261009P00747000,2026-09-29 18:10:56+00:00,747.0,1.73,1.59,1.6,-0.03999996,-2.2598848,169.0,1088,0.13922979919433598,False,REGULAR,USD,2026-10-09,P
SPY261009P00748000,2026-09-29 18:46:41+00:00,748.0,1.71,1.71,1.72,-0.28999996,-14.499998,59.0,718,0.13758186645507814,False,REGULAR,USD,2026-10-09,P
SPY261009P00749000,2026-09-29 18:31:40+00:00,749.0,2.11,1.84,1.86,0.01999998,0.95693696,224.0,2539,0.13626962371826173,False,REGULAR,USD,2026-10-09,P
SPY261009P00750000,2026-09-29 18:48:32+00:00,750.0,2.05,1.99,2.01,-0.049999952,-2.3809502,3232.0,7323,0.1349268637084961,False,REGULAR,USD,2026-10-09,P
SPY261009P00751000,2026-09-29 18:38:32+00:00,751.0,2.27,2.13,2.16,-0.01999998,-0.87336165,377.0,2469,0.13324841369628904,False,REGULAR,USD,2026-10-09,P
SPY261009P00752000,2026-09-29 18:53:22+00:00,752.0,2.3,2.31,2.33,-0.1500001,-6.1224527,564.0,1641,0.131844619140625,False,REGULAR,USD,2026-10-09,P
SPY261009P00753000,2026-09-29 18:22:05+00:00,753.0,2.7,2.48,2.5,0.09000015,3.4482818,707.0,8090,0.1300746173095703,False,REGULAR,USD,2026-10-09,P
SPY261009P00754000,2026-09-29 18:23:33+00:00,754.0,2.87,2.68,2.71,0.029999971,1.056337,181.0,1450,0.1289149609375,False,REGULAR,USD,2026-10-09,P
SPY261009P00755000,2026-09-29 18:53:22+00:00,755.0,2.89,2.89,2.91,-0.15999985,-5.245897,2536.0,5702,0.12720599365234375,False,REGULAR,USD,2026-10-09,P
SPY261009P00756000,2026-09-29 18:40:45+00:00,756.0,3.08,3.1,3.12,-0.18000007,-5.521475,234.0,2003,0.12537495727539064,False,REGULAR,USD,2026-10-09,P
SPY261009P00757000,2026-09-29 18:48:48+00:00,757.0,3.43,3.36,3.38,-0.03999996,-1.1527367,410.0,1800,0.12427633544921876,False,REGULAR,USD,2026-10-09,P
SPY261009P00758000,2026-09-29 18:51:09+00:00,758.0,3.63,3.6,3.63,-0.109999895,-2.9411736,692.0,1518,0.12256736816406251,False,REGULAR,USD,2026-10-09,P
SPY261009P00759000,2026-09-29 18:40:38+00:00,759.0,3.86,3.88,3.9,-0.18000007,-4.4554477,730.0,1508,0.12088891815185548,False,REGULAR,USD,2026-10-09,P
SPY261009P00760000,2026-09-29 18:54:12+00:00,760.0,4.19,4.18,4.2,0.010000229,0.23923993,2953.0,6441,0.11939357177734375,False,REGULAR,USD,2026-10-09,P
SPY261009P00761000,2026-09-29 18:41:10+00:00,761.0,4.35,4.48,4.5,-0.23000002,-5.0218344,894.0,3103,0.1175015008544922,False,REGULAR,USD,2026-10-09,P
SPY261009P00762000,2026-09-29 18:47:52+00:00,762.0,4.99,4.83,4.86,0.10999966,2.2540913,7313.0,1638,0.11634184448242188,False,REGULAR,USD,2026-10-09,P
SPY261009P00763000,2026-09-29 18:41:21+00:00,763.0,5.03,5.19,5.21,-0.25,-4.7348485,4657.0,3525,0.11454132537841799,False,REGULAR,USD,2026-10-09,P
SPY261009P00764000,2026-09-29 18:53:05+00:00,764.0,5.58,5.58,5.61,-0.1800003,-3.1250052,1015.0,829,0.11319856536865235,False,REGULAR,USD,2026-10-09,P
SPY261009P00765000,2026-09-29 18:52:23+00:00,765.0,6.05,5.99,6.01,0.01999998,0.33167464,3472.0,1546,0.11139804626464843,True,REGULAR,USD,2026-10-09,P
SPY261009P00766000,2026-09-29 18:31:26+00:00,766.0,7.05,6.44,6.47,0.62000036,9.642308,456.0,1169,0.11017735534667968,True,REGULAR,USD,2026-10-09,P
SPY261009P00767000,2026-09-29 18:51:30+00:00,767.0,6.97,6.91,6.94,0.20999956,3.1065023,2201.0,26359,0.10865149169921876,True,REGULAR,USD,2026-10-09,P
SPY261009P00768000,2026-09-29 18:46:40+00:00,768.0,7.38,7.36,7.48,0.03999996,0.5449586,428.0,2058,0.1079190771484375,True,REGULAR,USD,2026-10-09,P
SPY261009P00769000,2026-09-29 18:37:48+00:00,769.0,8.36,7.88,8.01,0.45999956,5.822779,356.0,820,0.10642373077392578,True,REGULAR,USD,2026-10-09,P
SPY261009P00770000,2026-09-29 18:39:31+00:00,770.0,8.46,8.44,8.55,0.13000011,1.5606257,683.0,3884,0.10453165985107421,True,REGULAR,USD,2026-10-09,P
SPY261009P00771000,2026-09-29 17:15:00+00:00,771.0,10.45,9.02,9.19,1.5599995,17.547798,312.0,1315,0.10407390075683592,True,REGULAR,USD,2026-10-09,P
SPY261009P00772000,2026-09-29 18:30:15+00:00,772.0,10.14,9.58,9.8,0.75,7.9872203,310.0,1156,0.10236493347167967,True,REGULAR,USD,2026-10-09,P
SPY261009P00773000,2026-09-29 17:18:50+00:00,773.0,10.81,10.22,10.45,0.71000004,7.0297027,152.0,867,0.10083906982421875,True,REGULAR,USD,2026-10-09,P
SPY261009P00774000,2026-09-29 17:00:54+00:00,774.0,12.65,10.9,11.15,1.9399996,18.113909,203.0,445,0.09980148254394532,True,REGULAR,USD,2026-10-09,P
SPY261009P00775000,2026-09-29 18:16:47+00:00,775.0,12.57,11.71,11.8,1.1999998,10.554089,236.0,6984,0.09674975524902345,True,REGULAR,USD,2026-10-09,P
SPY261009P00776000,2026-09-29 18:30:15+00:00,776.0,13.01,12.43,12.69,0.94000053,7.7879086,251.0,329,0.09925217163085936,True,REGULAR,USD,2026-10-09,P
SPY261009P00777000,2026-09-29 14:39:21+00:00,777.0,12.86,13.13,13.41,0.069999695,0.5473002,5.0,537,0.09656665161132813,True,REGULAR,USD,2026-10-09,P
SPY261009P00778000,2026-09-29 17:14:31+00:00,778.0,15.87,13.93,14.21,2.3199997,17.121769,3.0,344,0.09528492614746095,True,REGULAR,USD,2026-10-09,P
SPY261009P00779000,2026-09-29 15:38:15+00:00,779.0,15.78,14.84,15.17,1.4399996,10.041838,11.0,234,0.098641826171875,True,REGULAR,USD,2026-10-09,P
SPY261009P00780000,2026-09-29 18:48:37+00:00,780.0,15.9,15.67,16.01,0.6999998,4.6052623,25.0,228,0.09760423889160157,True,REGULAR,USD,2026-10-09,P
SPY261009P00781000,2026-09-28 19:12:17+00:00,781.0,15.55,15.33,18.67,0.0,0.0,9.0,45,0.1514977429199219,True,REGULAR,USD,2026-10-09,P
SPY261009P00782000,2026-09-28 14:43:08+00:00,782.0,16.52,16.22,19.58,0.0,0.0,2.0,17,0.15448843566894532,True,REGULAR,USD,2026-10-09,P
SPY261009P00783000,2026-09-29 16:07:09+00:00,783.0,19.89,17.22,20.24,3.7600002,23.310604,2.0,7,0.15039912109375003,True,REGULAR,USD,2026-10-09,P
SPY261009P00784000,2026-09-28 13:47:55+00:00,784.0,16.54,18.08,20.81,0.0,0.0,2.0,4,0.14270876831054688,True,REGULAR,USD,2026-10-09,P
SPY261009P00785000,2026-09-29 15:27:42+00:00,785.0,22.07,20.22,20.77,2.289999,11.577346,16.0,344,0.10852942260742188,True,REGULAR,USD,2026-10-09,P
SPY261009P00786000,2026-09-28 15:14:26+00:00,786.0,20.96,20.0,22.75,0.0,0.0,2.0,5,0.15021601745605473,True,REGULAR,USD,2026-10-09,P
SPY261009P00787000,2026-09-29 16:22:13+00:00,787.0,23.95,21.0,23.74,2.4300003,11.291822,2.0,5,0.15454947021484378,True,REGULAR,USD,2026-10-09,P
SPY261009P00788000,2026-09-21 18:42:40+00:00,788.0,15.46,21.99,24.72,0.0,0.0,3.0,0,0.15845568115234376,True,REGULAR,USD,2026-10-09,P
SPY261009P00789000,2026-09-25 15:56:19+00:00,789.0,20.62,22.56,26.25,0.0,0.0,8.0,3,0.18006191040039063,True,REGULAR,USD,2026-10-09,P
SPY261009P00790000,2026-09-29 18:15:22+00:00,790.0,26.29,25.15,25.72,5.3500004,25.54919,4.0,11,0.12513081909179688,True,REGULAR,USD,2026-10-09,P
SPY261009P00791000,2026-09-25 16:35:08+00:00,791.0,20.31,24.56,27.72,0.0,0.0,19.0,0,0.17194431579589847,True,REGULAR,USD,2026-10-09,P
SPY261009P00792000,2026-09-25 16:10:00+00:00,792.0,20.68,25.59,29.15,0.0,0.0,65.0,0,0.1909260595703125,True,REGULAR,USD,2026-10-09,P
SPY261009P00793000,2026-09-25 15:56:13+00:00,793.0,24.43,26.34,30.15,0.0,0.0,12.0,0,0.1955036505126953,True,REGULAR,USD,2026-10-09,P
SPY261009P00794000,2026-09-25 15:55:35+00:00,794.0,25.46,27.48,31.25,0.0,0.0,11.0,0,0.20331607238769528,True,REGULAR,USD,2026-10-09,P
SPY261009P00795000,2026-09-23 20:08:58+00:00,795.0,27.44,28.48,32.24,0.0,0.0,2.0,1,0.20752745605468748,True,REGULAR,USD,2026-10-09,P
SPY261009P00796000,2026-09-25 16:38:20+00:00,796.0,25.2,29.48,33.24,0.0,0.0,18.0,0,0.21204401245117185,True,REGULAR,USD,2026-10-09,P
SPY261009P00797000,2026-09-25 16:36:53+00:00,797.0,26.26,30.48,34.24,0.0,0.0,1.0,0,0.21649953430175778,True,REGULAR,USD,2026-10-09,P
SPY261009P00798000,2026-09-25 16:34:37+00:00,798.0,27.48,31.48,35.24,0.0,0.0,2.0,0,0.22095505615234373,True,REGULAR,USD,2026-10-09,P
SPY261009P00799000,2026-09-14 19:55:41+00:00,799.0,39.45,32.48,36.24,0.0,0.0,,0,0.22541057800292968,True,REGULAR,USD,2026-10-09,P
SPY261009P00800000,2026-09-25 16:52:50+00:00,800.0,29.35,33.48,37.24,0.0,0.0,5.0,0,0.22980506530761718,True,REGULAR,USD,2026-10-09,P
SPY261009P00802000,2026-09-10 16:34:56+00:00,802.0,45.55,35.48,39.24,0.0,0.0,,0,0.23847197082519528,True,REGULAR,USD,2026-10-09,P
SPY261009P00803000,2026-09-10 16:34:48+00:00,803.0,46.53,36.48,40.24,0.0,0.0,4.0,0,0.24280542358398435,True,REGULAR,USD,2026-10-09,P
SPY261009P00804000,2026-09-09 14:23:42+00:00,804.0,40.58,37.48,41.24,0.0,0.0,1.0,0,0.247077841796875,True,REGULAR,USD,2026-10-09,P
SPY261009P00805000,2026-09-22 13:53:13+00:00,805.0,30.66,38.48,42.24,0.0,0.0,2.0,0,0.25135026000976557,True,REGULAR,USD,2026-10-09,P
SPY261009P00806000,2026-09-01 17:18:19+00:00,806.0,44.71,39.48,43.24,0.0,0.0,,0,0.2555616436767578,True,REGULAR,USD,2026-10-09,P
SPY261009P00810000,2026-09-29 16:19:08+00:00,810.0,47.0,43.48,47.24,5.4900017,13.225734,1.0,4,0.2722851092529296,True,REGULAR,USD,2026-10-09,P
SPY261009P00814000,2026-08-31 19:39:51+00:00,814.0,47.81,47.48,51.24,0.0,0.0,,0,0.2887034020996093,True,REGULAR,USD,2026-10-09,P
SPY261009P00821000,2026-09-14 16:59:20+00:00,821.0,59.6,54.48,58.24,0.0,0.0,4.0,0,0.3165961895751953,True,REGULAR,USD,2026-10-09,P
SPY261009P00822000,2026-09-10 18:09:56+00:00,822.0,65.41,55.48,59.24,0.0,0.0,,0,0.3205634350585937,True,REGULAR,USD,2026-10-09,P
SPY261009P00823000,2026-09-10 18:09:56+00:00,823.0,66.41,56.48,60.24,0.0,0.0,,0,0.3244696459960937,True,REGULAR,USD,2026-10-09,P
SPY261009P00824000,2026-09-08 13:30:22+00:00,824.0,55.47,57.48,61.24,0.0,0.0,1.0,0,0.32831482238769527,True,REGULAR,USD,2026-10-09,P
SPY261009P00825000,2026-09-10 16:34:56+00:00,825.0,68.4,58.48,62.24,0.0,0.0,,0,0.3321599987792969,True,REGULAR,USD,2026-10-09,P
SPY261009P00830000,2026-09-10 18:09:56+00:00,830.0,73.4,63.48,67.24,0.0,0.0,,0,0.3513248461914062,True,REGULAR,USD,2026-10-09,P
SPY261009P00835000,2026-09-10 18:09:56+00:00,835.0,78.39,68.48,72.24,0.0,0.0,,0,0.370123486328125,True,REGULAR,USD,2026-10-09,P
SPY261009P00840000,2026-09-10 18:10:06+00:00,840.0,83.38,73.48,77.24,0.0,0.0,,0,0.3885559191894531,True,REGULAR,USD,2026-10-09,P
SPY261009P00880000,2026-09-14 16:59:02+00:00,880.0,118.64,113.63,117.24,0.0,0.0,,0,0.526371923828125,True,REGULAR,USD,2026-10-09,P
SPY261009P00915000,2026-09-14 16:59:31+00:00,915.0,153.52,148.56,152.24,0.0,0.0,,0,0.635867899169922,True,REGULAR,USD,2026-10-09,P
SPY261009P00925000,2026-09-14 17:01:17+00:00,925.0,163.41,158.66,162.15,0.0,0.0,,0,0.6595493029785158,True,REGULAR,USD,2026-10-09,P
SPY261016C00300000,2026-09-25 14:53:40+00:00,300.0,468.62,463.42,467.14,0.0,0.0,24.0,43,1.7548840380859376,True,REGULAR,USD,2026-10-16,C
SPY261016C00305000,2026-09-18 16:38:59+00:00,305.0,454.74,458.43,462.15,0.0,0.0,84.0,62,1.7304700976562502,True,REGULAR,USD,2026-10-16,C
SPY261016C00310000,2026-09-25 14:42:55+00:00,310.0,458.44,453.43,457.16,0.0,0.0,24.0,1,1.7036147631835936,True,REGULAR,USD,2026-10-16,C
SPY261016C00315000,2026-09-17 19:34:37+00:00,315.0,447.83,448.44,452.16,0.0,0.0,5.0,0,1.6772477075195313,True,REGULAR,USD,2026-10-16,C
SPY261016C00320000,2026-09-25 14:54:15+00:00,320.0,448.74,443.49,447.19,0.0,0.0,24.0,3,1.6650407373046878,True,REGULAR,USD,2026-10-16,C
SPY261016C00325000,2026-08-20 15:15:59+00:00,325.0,442.67,0.0,0.0,0.0,0.0,,0,1.0000000000000003e-05,True,REGULAR,USD,2026-10-16,C
SPY261016C00330000,2026-08-20 15:13:32+00:00,330.0,437.51,0.0,0.0,0.0,0.0,15.0,0,1.0000000000000003e-05,True,REGULAR,USD,2026-10-16,C
SPY261016C00335000,2026-08-20 15:15:59+00:00,335.0,432.71,0.0,0.0,0.0,0.0,15.0,0,1.0000000000000003e-05,True,REGULAR,USD,2026-10-16,C
SPY261016C00340000,2026-05-28 14:12:58+00:00,340.0,415.74,0.0,0.0,0.0,0.0,,0,1.0000000000000003e-05,True,REGULAR,USD,2026-10-16,C
SPY261016C00350000,2026-09-14 15:25:23+00:00,350.0,409.44,413.53,417.25,0.0,0.0,3.0,0,1.5214867675781247,True,REGULAR,USD,2026-10-16,C
SPY261016C00355000,2026-09-23 18:43:14+00:00,355.0,414.21,408.53,412.26,0.0,0.0,,0,1.4975611059570313,True,REGULAR,USD,2026-10-16,C
SPY261016C00360000,2026-09-03 15:13:36+00:00,360.0,411.77,403.58,407.27,0.0,0.0,3.0,0,1.4814479052734375,True,REGULAR,USD,2026-10-16,C
SPY261016C00365000,2026-07-13 14:16:50+00:00,365.0,388.48,398.31,400.99,0.0,0.0,,1,1.5898458007812497,True,REGULAR,USD,2026-10-16,C
SPY261016C00380000,2026-09-25 14:54:15+00:00,380.0,388.87,383.59,387.32,0.0,0.0,6.0,2,1.3916046044921875,True,REGULAR,USD,2026-10-16,C
SPY261016C00390000,2026-09-28 13:43:02+00:00,390.0,378.3,373.62,377.34,0.0,0.0,1.0,1,1.351077463378906,True,REGULAR,USD,2026-10-16,C
SPY261016C00400000,2026-08-10 15:41:32+00:00,400.0,375.11,0.0,0.0,0.0,0.0,2.0,0,1.0000000000000003e-05,True,REGULAR,USD,2026-10-16,C
SPY261016C00405000,2026-06-12 13:40:45+00:00,405.0,335.63,351.06,354.54,0.0,0.0,,1,1.0000000000000003e-05,True,REGULAR,USD,2026-10-16,C
SPY261016C00410000,2026-06-12 13:40:46+00:00,410.0,330.56,346.11,349.62,0.0,0.0,,1,1.0000000000000003e-05,True,REGULAR,USD,2026-10-16,C
SPY261016C00420000,2026-08-27 16:42:13+00:00,420.0,352.54,343.71,347.41,0.0,0.0,4.0,0,1.2334022705078125,True,REGULAR,USD,2026-10-16,C
SPY261016C00440000,2026-06-24 18:48:49+00:00,440.0,298.33,323.5,326.28,0.0,0.0,,1,0.9082040429687499,True,REGULAR,USD,2026-10-16,C
SPY261016C00445000,2026-09-10 16:50:13+00:00,445.0,314.16,318.8,322.46,0.0,0.0,36.0,0,1.1391644604492188,True,REGULAR,USD,2026-10-16,C
SPY261016C00450000,2026-09-25 14:05:20+00:00,450.0,317.93,315.31,315.91,0.0,0.0,1.0,701,1.1142622412109375,True,REGULAR,USD,2026-10-16,C
SPY261016C00455000,2026-09-14 16:48:27+00:00,455.0,308.15,308.77,312.49,0.0,0.0,,0,1.0971724829101563,True,REGULAR,USD,2026-10-16,C
SPY261016C00460000,2026-09-14 17:12:16+00:00,460.0,302.99,303.79,307.5,0.0,0.0,,0,1.0793503063964844,True,REGULAR,USD,2026-10-16,C
SPY261016C00465000,2026-09-14 17:12:16+00:00,465.0,298.0,298.8,302.43,0.0,0.0,9.0,0,1.0532273901367186,True,REGULAR,USD,2026-10-16,C
SPY261016C00470000,2026-09-23 18:53:58+00:00,470.0,299.3,293.81,297.52,0.0,0.0,,1,1.0419969775390627,True,REGULAR,USD,2026-10-16,C
SPY261016C00475000,2026-09-14 17:12:24+00:00,475.0,288.02,288.82,292.53,0.0,0.0,,0,1.0234423828125,True,REGULAR,USD,2026-10-16,C
SPY261016C00480000,2026-09-23 18:53:58+00:00,480.0,289.32,283.83,287.55,0.0,0.0,2.0,1,1.0058643457031249,True,REGULAR,USD,2026-10-16,C
SPY261016C00485000,2026-09-14 16:48:31+00:00,485.0,278.24,278.85,282.56,0.0,0.0,11.0,0,0.9885255053710937,True,REGULAR,USD,2026-10-16,C
SPY261016C00495000,2026-09-08 15:31:54+00:00,495.0,273.4,268.87,272.58,0.0,0.0,,0,0.9521489160156249,True,REGULAR,USD,2026-10-16,C
SPY261016C00500000,2026-09-23 13:53:42+00:00,500.0,272.68,263.91,267.55,0.0,0.0,20.0,20,0.9335944140625,True,REGULAR,USD,2026-10-16,C
SPY261016C00505000,2026-09-21 18:42:33+00:00,505.0,271.05,258.9,262.61,0.0,0.0,1.0,1,0.9179695703125,True,REGULAR,USD,2026-10-16,C
SPY261016C00510000,2026-09-23 16:16:56+00:00,510.0,260.15,253.9,257.58,0.0,0.0,1.0,2,0.8967295483398436,True,REGULAR,USD,2026-10-16,C
SPY261016C00515000,2026-09-09 17:06:50+00:00,515.0,248.17,248.95,252.63,0.0,0.0,43.0,43,0.8845226391601562,True,REGULAR,USD,2026-10-16,C
SPY261016C00520000,2026-09-28 16:30:53+00:00,520.0,249.74,243.94,247.61,0.0,0.0,5.0,73,0.8637708935546875,True,REGULAR,USD,2026-10-16,C
SPY261016C00525000,2026-09-23 15:36:58+00:00,525.0,245.57,238.95,242.66,0.0,0.0,1.0,5,0.8488784643554688,True,REGULAR,USD,2026-10-16,C
SPY261016C00530000,2026-09-22 14:39:11+00:00,530.0,245.5,233.99,237.68,0.0,0.0,2.0,84,0.8339860351562498,True,REGULAR,USD,2026-10-16,C
SPY261016C00535000,2026-09-22 14:44:15+00:00,535.0,240.0,229.0,232.69,0.0,0.0,2.0,2,0.8166522241210936,True,REGULAR,USD,2026-10-16,C
SPY261016C00540000,2026-09-22 14:47:37+00:00,540.0,235.0,224.01,227.7,0.0,0.0,2.0,4,0.7993184130859375,True,REGULAR,USD,2026-10-16,C
SPY261016C00545000,2026-05-20 17:27:13+00:00,545.0,203.0,0.0,0.0,0.0,0.0,,0,1.0000000000000003e-05,True,REGULAR,USD,2026-10-16,C
SPY261016C00550000,2026-09-28 17:00:11+00:00,550.0,218.5,214.02,217.73,0.0,0.0,1.0,1,0.7648949291992189,True,REGULAR,USD,2026-10-16,C
SPY261016C00555000,2026-09-16 19:55:28+00:00,555.0,199.43,209.06,212.74,0.0,0.0,1.0,3,0.7496362927246094,True,REGULAR,USD,2026-10-16,C
SPY261016C00560000,2026-09-28 15:01:28+00:00,560.0,205.45,204.07,207.76,0.0,0.0,2.0,31,0.7331569653320311,True,REGULAR,USD,2026-10-16,C
SPY261016C00565000,2026-09-25 18:24:27+00:00,565.0,207.36,199.09,202.77,0.0,0.0,1.0,12,0.71679970703125,True,REGULAR,USD,2026-10-16,C
SPY261016C00570000,2026-09-18 14:22:48+00:00,570.0,191.34,194.08,197.79,0.0,0.0,2.0,24,0.6993438269042969,True,REGULAR,USD,2026-10-16,C
SPY261016C00575000,2026-09-23 15:38:54+00:00,575.0,195.66,189.08,192.81,0.0,0.0,1.0,49,0.6826203613281252,True,REGULAR,USD,2026-10-16,C
SPY261016C00580000,2026-09-21 18:52:12+00:00,580.0,196.26,184.22,187.73,0.0,0.0,4.0,22,0.6677279321289065,True,REGULAR,USD,2026-10-16,C
SPY261016C00585000,2026-09-18 17:24:38+00:00,585.0,176.33,179.13,182.84,0.0,0.0,1.0,24,0.6510044665527344,True,REGULAR,USD,2026-10-16,C
SPY261016C00590000,2026-09-28 16:25:49+00:00,590.0,179.66,175.68,176.32,0.0,0.0,18.0,285,0.6347692773437501,True,REGULAR,USD,2026-10-16,C
SPY261016C00595000,2026-09-28 19:12:02+00:00,595.0,172.57,169.16,172.86,0.0,0.0,2.0,58,0.6181678808593751,True,REGULAR,USD,2026-10-16,C
SPY261016C00600000,2026-09-28 19:12:01+00:00,600.0,167.57,165.72,166.36,0.0,0.0,2.0,418,0.6032754516601564,True,REGULAR,USD,2026-10-16,C
SPY261016C00605000,2026-09-29 18:46:20+00:00,605.0,161.15,159.22,162.88,-1.4600067,-0.8978579,2.0,43,0.5866740551757812,True,REGULAR,USD,2026-10-16,C
SPY261016C00610000,2026-09-29 14:41:28+00:00,610.0,156.57,154.24,157.93,-1.0599976,-0.67245924,1.0,64,0.5722699023437501,True,REGULAR,USD,2026-10-16,C
SPY261016C00615000,2026-09-29 14:41:52+00:00,615.0,151.74,150.77,151.37,3.1900024,2.1474266,2.0,211,0.5537154003906251,True,REGULAR,USD,2026-10-16,C
SPY261016C00620000,2026-09-28 18:30:51+00:00,620.0,148.41,145.79,146.39,0.0,0.0,3.0,194,0.5379684875488282,True,REGULAR,USD,2026-10-16,C
SPY261016C00625000,2026-09-28 19:25:04+00:00,625.0,142.84,140.81,141.41,0.0,0.0,6.0,240,0.5222215747070311,True,REGULAR,USD,2026-10-16,C
SPY261016C00630000,2026-09-25 19:12:19+00:00,630.0,142.7,134.31,138.01,0.0,0.0,2.0,52,0.5086719055175781,True,REGULAR,USD,2026-10-16,C
SPY261016C00635000,2026-09-25 15:16:03+00:00,635.0,135.49,130.85,131.45,0.0,0.0,1.0,4349,0.5105029418945313,True,REGULAR,USD,2026-10-16,C
SPY261016C00640000,2026-09-28 15:36:54+00:00,640.0,126.68,125.08,127.0,0.0,0.0,2.0,622,0.5238084729003907,True,REGULAR,USD,2026-10-16,C
SPY261016C00645000,2026-09-18 20:13:21+00:00,645.0,120.5,120.9,121.54,0.0,0.0,1.0,249,0.4805960144042969,True,REGULAR,USD,2026-10-16,C
SPY261016C00650000,2026-09-24 16:16:21+00:00,650.0,118.5,115.93,116.52,0.0,0.0,3.0,328,0.46179737426757816,True,REGULAR,USD,2026-10-16,C
SPY261016C00655000,2026-09-29 16:01:03+00:00,655.0,110.67,109.43,113.13,-6.060005,-5.1914716,1.0,32,0.5180101910400392,True,REGULAR,USD,2026-10-16,C
SPY261016C00660000,2026-09-28 19:54:07+00:00,660.0,107.0,105.98,106.62,0.0,0.0,94.0,267,0.43195148132324224,True,REGULAR,USD,2026-10-16,C
SPY261016C00665000,2026-09-28 19:49:58+00:00,665.0,102.17,101.01,101.57,0.0,0.0,13.0,462,0.41174904663085937,True,REGULAR,USD,2026-10-16,C
SPY261016C00670000,2026-09-29 14:07:00+00:00,670.0,96.76,96.04,96.68,-0.05999756,-0.061968144,1.0,464,0.39954213745117195,True,REGULAR,USD,2026-10-16,C
SPY261016C00675000,2026-09-28 19:49:55+00:00,675.0,92.26,90.29,92.2,0.0,0.0,33.0,159,0.40454697021484376,True,REGULAR,USD,2026-10-16,C
SPY261016C00680000,2026-09-28 18:17:56+00:00,680.0,89.18,85.33,87.23,0.0,0.0,3.0,2415,0.3872741937255859,True,REGULAR,USD,2026-10-16,C
SPY261016C00685000,2026-09-28 19:49:58+00:00,685.0,82.34,81.16,81.8,0.0,0.0,42.0,1499,0.3513858807373046,True,REGULAR,USD,2026-10-16,C
SPY261016C00690000,2026-09-29 17:12:02+00:00,690.0,74.63,76.21,76.8,-4.040001,-5.135377,6.0,1195,0.3334417242431641,True,REGULAR,USD,2026-10-16,C
SPY261016C00695000,2026-09-28 19:49:07+00:00,695.0,72.65,70.16,72.38,0.0,0.0,58.0,991,0.336920693359375,True,REGULAR,USD,2026-10-16,C
SPY261016C00700000,2026-09-29 16:45:00+00:00,700.0,64.78,66.33,66.96,-3.209999,-4.7212815,2.0,965,0.3032906585693359,True,REGULAR,USD,2026-10-16,C
SPY261016C00701000,2026-09-28 19:49:05+00:00,701.0,66.72,65.35,65.98,0.0,0.0,91.0,699,0.30036100036621094,True,REGULAR,USD,2026-10-16,C
SPY261016C00702000,2026-09-28 14:21:08+00:00,702.0,68.0,62.83,66.55,0.0,0.0,1.0,76,0.3465031170654296,True,REGULAR,USD,2026-10-16,C
SPY261016C00703000,2026-09-18 18:11:58+00:00,703.0,60.49,61.85,65.5,0.0,0.0,2.0,29,0.34101000793457037,True,REGULAR,USD,2026-10-16,C
SPY261016C00704000,2026-09-18 18:11:58+00:00,704.0,59.53,60.79,64.23,0.0,0.0,2.0,74,0.3291693060302734,True,REGULAR,USD,2026-10-16,C
SPY261016C00705000,2026-09-29 14:20:24+00:00,705.0,62.19,60.31,62.52,-1.4799995,-2.324485,1.0,267,0.3036568658447265,True,REGULAR,USD,2026-10-16,C
SPY261016C00706000,2026-09-28 19:35:56+00:00,706.0,62.2,58.82,62.09,0.0,0.0,6.0,25,0.3171455004882812,True,REGULAR,USD,2026-10-16,C
SPY261016C00707000,2026-09-14 13:48:46+00:00,707.0,55.97,57.86,61.64,0.0,0.0,1.0,42,0.3286810296630859,True,REGULAR,USD,2026-10-16,C
SPY261016C00708000,2026-09-28 15:43:05+00:00,708.0,59.48,56.9,60.66,0.0,0.0,3.0,16,0.3251410260009765,True,REGULAR,USD,2026-10-16,C
SPY261016C00709000,2026-08-27 16:27:11+00:00,709.0,66.69,55.87,59.68,0.0,0.0,4.0,6,0.3215399877929687,True,REGULAR,USD,2026-10-16,C
SPY261016C00710000,2026-09-29 17:24:11+00:00,710.0,55.26,56.51,57.15,-5.170002,-8.555356,14.0,1139,0.2727123510742187,True,REGULAR,USD,2026-10-16,C
SPY261016C00711000,2026-09-25 15:31:39+00:00,711.0,60.85,53.98,57.73,0.0,0.0,1.0,9,0.31464308410644526,True,REGULAR,USD,2026-10-16,C
SPY261016C00712000,2026-09-25 15:56:32+00:00,712.0,59.39,53.46,55.66,0.0,0.0,1.0,329,0.2808299456787109,True,REGULAR,USD,2026-10-16,C
SPY261016C00713000,2026-09-10 18:05:12+00:00,713.0,50.69,52.11,55.78,0.0,0.0,1.0,9,0.3076851458740234,True,REGULAR,USD,2026-10-16,C
SPY261016C00714000,2026-09-28 14:47:06+00:00,714.0,54.04,52.62,53.24,0.0,0.0,2.0,193,0.26044440734863283,True,REGULAR,USD,2026-10-16,C
SPY261016C00715000,2026-09-29 16:38:03+00:00,715.0,50.88,51.65,52.23,-4.299999,-7.7926774,9.0,384,0.25629405822753903,True,REGULAR,USD,2026-10-16,C
SPY261016C00716000,2026-09-16 14:05:12+00:00,716.0,47.65,49.12,52.72,0.0,0.0,1.0,19,0.2936472003173828,True,REGULAR,USD,2026-10-16,C
SPY261016C00717000,2026-09-25 16:34:04+00:00,717.0,56.49,48.17,51.75,0.0,0.0,1.0,8,0.2902292657470703,True,REGULAR,USD,2026-10-16,C
SPY261016C00718000,2026-09-14 14:47:59+00:00,718.0,46.01,47.78,50.73,0.0,0.0,1.0,31,0.28552960571289054,True,REGULAR,USD,2026-10-16,C
SPY261016C00719000,2026-09-25 16:23:23+00:00,719.0,54.05,46.24,49.76,0.0,0.0,2.0,13,0.2820506365966796,True,REGULAR,USD,2026-10-16,C
SPY261016C00720000,2026-09-29 17:52:21+00:00,720.0,45.68,46.82,47.9,-2.5299988,-5.2478714,8.0,540,0.25586681640625003,True,REGULAR,USD,2026-10-16,C
SPY261016C00721000,2026-09-23 16:02:14+00:00,721.0,50.92,44.31,47.84,0.0,0.0,2.0,53,0.27558097473144527,True,REGULAR,USD,2026-10-16,C
SPY261016C00722000,2026-09-21 13:38:34+00:00,722.0,43.92,43.35,46.88,-4.700001,-9.666805,1.0,77,0.2722851092529296,True,REGULAR,USD,2026-10-16,C
SPY261016C00723000,2026-09-28 17:32:56+00:00,723.0,47.06,42.39,45.97,0.0,0.0,4.0,16,0.2701489001464844,True,REGULAR,USD,2026-10-16,C
SPY261016C00724000,2026-09-24 17:07:35+00:00,724.0,47.71,41.43,44.97,0.0,0.0,1.0,13,0.26581544738769536,True,REGULAR,USD,2026-10-16,C
SPY261016C00725000,2026-09-29 17:13:36+00:00,725.0,40.69,41.76,42.57,-8.32,-16.976128,5.0,1123,0.22699747619628902,True,REGULAR,USD,2026-10-16,C
SPY261016C00726000,2026-09-28 19:37:25+00:00,726.0,42.46,39.55,43.07,0.0,0.0,2.0,24,0.2594678546142578,True,REGULAR,USD,2026-10-16,C
SPY261016C00727000,2026-09-28 19:34:29+00:00,727.0,42.1,38.6,42.12,0.0,0.0,2.0,86,0.2562635409545898,True,REGULAR,USD,2026-10-16,C
SPY261016C00728000,2026-09-23 16:02:15+00:00,728.0,44.1,37.69,41.18,0.0,0.0,2.0,182,0.25321181365966794,True,REGULAR,USD,2026-10-16,C
SPY261016C00729000,2026-09-28 17:50:28+00:00,729.0,41.33,36.76,40.24,0.0,0.0,6.0,39,0.25012956909179684,True,REGULAR,USD,2026-10-16,C
SPY261016C00730000,2026-09-29 15:24:36+00:00,730.0,36.09,35.76,39.35,-3.630001,-9.138975,2.0,1044,0.24805439453125,True,REGULAR,USD,2026-10-16,C
SPY261016C00731000,2026-09-25 16:52:11+00:00,731.0,42.85,34.8,38.37,0.0,0.0,1.0,285,0.24402611450195313,True,REGULAR,USD,2026-10-16,C
SPY261016C00732000,2026-09-28 19:32:54+00:00,732.0,37.06,33.86,36.12,0.0,0.0,20.0,145,0.21186090881347652,True,REGULAR,USD,2026-10-16,C
SPY261016C00733000,2026-09-29 17:15:16+00:00,733.0,34.98,32.93,35.19,-6.1800003,-15.014577,2.0,157,0.2092059060668945,True,REGULAR,USD,2026-10-16,C
SPY261016C00734000,2026-09-28 14:49:28+00:00,734.0,33.95,33.82,34.26,0.0,0.0,10.0,227,0.206489868774414,True,REGULAR,USD,2026-10-16,C
SPY261016C00735000,2026-09-29 15:18:55+00:00,735.0,32.33,32.86,33.31,-1.6099968,-4.743656,62.0,2693,0.20331607238769528,True,REGULAR,USD,2026-10-16,C
SPY261016C00736000,2026-09-23 18:03:49+00:00,736.0,36.62,31.99,32.42,0.0,0.0,6.0,161,0.20136296691894529,True,REGULAR,USD,2026-10-16,C
SPY261016C00737000,2026-09-25 13:42:42+00:00,737.0,36.51,31.06,31.49,0.0,0.0,1.0,181,0.1984638259887695,True,REGULAR,USD,2026-10-16,C
SPY261016C00738000,2026-09-29 16:44:59+00:00,738.0,29.65,28.48,30.57,-2.9100018,-8.937351,1.0,411,0.19571727142333983,True,REGULAR,USD,2026-10-16,C
SPY261016C00739000,2026-09-29 14:31:29+00:00,739.0,29.86,27.71,29.69,-1.8099995,-5.715186,2.0,652,0.19373364868164064,True,REGULAR,USD,2026-10-16,C
SPY261016C00740000,2026-09-29 18:39:01+00:00,740.0,28.64,28.39,28.8,-2.4500008,-7.8803496,1086.0,4944,0.1914143359375,True,REGULAR,USD,2026-10-16,C
SPY261016C00741000,2026-09-29 15:47:19+00:00,741.0,27.02,25.96,27.88,-2.8099995,-9.420045,31.0,458,0.18842364318847654,True,REGULAR,USD,2026-10-16,C
SPY261016C00742000,2026-09-28 19:50:03+00:00,742.0,27.56,25.18,26.97,0.0,0.0,2.0,237,0.1855855368041992,True,REGULAR,USD,2026-10-16,C
SPY261016C00743000,2026-09-29 16:24:39+00:00,743.0,24.74,25.75,26.08,-3.4799995,-12.331677,5.0,475,0.1830220858764648,True,REGULAR,USD,2026-10-16,C
SPY261016C00744000,2026-09-29 16:24:28+00:00,744.0,23.88,24.91,25.2,-2.4300003,-9.236033,2.0,196,0.1805501867675781,True,REGULAR,USD,2026-10-16,C
SPY261016C00745000,2026-09-29 18:01:07+00:00,745.0,23.37,24.02,24.33,-3.2199993,-12.109814,11.0,2640,0.1782003567504883,True,REGULAR,USD,2026-10-16,C
SPY261016C00746000,2026-09-29 16:24:50+00:00,746.0,22.17,23.2,23.46,-2.1000004,-8.652658,4.0,316,0.17572845764160155,True,REGULAR,USD,2026-10-16,C
SPY261016C00747000,2026-09-29 16:24:45+00:00,747.0,21.23,22.38,22.65,-3.460001,-14.013774,4.0,243,0.17420259399414065,True,REGULAR,USD,2026-10-16,C
SPY261016C00748000,2026-09-29 16:26:03+00:00,748.0,20.59,21.51,21.76,-4.459999,-17.804388,9.0,190,0.17115086669921875,True,REGULAR,USD,2026-10-16,C
SPY261016C00749000,2026-09-29 16:24:31+00:00,749.0,19.47,20.69,20.93,-4.970001,-20.33552,7.0,344,0.16901465759277345,True,REGULAR,USD,2026-10-16,C
SPY261016C00750000,2026-09-29 18:37:26+00:00,750.0,19.51,19.95,20.04,-1.4499989,-6.9179335,66.0,8859,0.16571879211425783,True,REGULAR,USD,2026-10-16,C
SPY261016C00751000,2026-09-29 16:42:00+00:00,751.0,18.0,19.06,19.28,-3.4500008,-16.083918,1.0,407,0.1645591357421875,True,REGULAR,USD,2026-10-16,C
SPY261016C00752000,2026-09-29 17:10:14+00:00,752.0,16.98,18.28,18.49,-3.4700012,-16.96822,32.0,501,0.16266706481933596,True,REGULAR,USD,2026-10-16,C
SPY261016C00753000,2026-09-29 15:46:30+00:00,753.0,16.82,17.49,17.7,-1.3500004,-7.429831,8.0,454,0.1606529248046875,True,REGULAR,USD,2026-10-16,C
SPY261016C00754000,2026-09-29 15:34:02+00:00,754.0,16.07,16.71,16.93,-1.4200001,-8.118925,5.0,726,0.1588218884277344,True,REGULAR,USD,2026-10-16,C
SPY261016C00755000,2026-09-29 18:52:26+00:00,755.0,15.96,15.93,16.11,-0.8000002,-4.7732706,26.0,3891,0.15598378204345703,True,REGULAR,USD,2026-10-16,C
SPY261016C00756000,2026-09-29 15:45:47+00:00,756.0,14.72,15.17,15.34,-1.2699995,-7.9424615,35.0,1047,0.1538170556640625,True,REGULAR,USD,2026-10-16,C
SPY261016C00757000,2026-09-29 18:51:48+00:00,757.0,14.5,14.46,14.6,-0.90999985,-5.9052553,174.0,752,0.15192498474121097,True,REGULAR,USD,2026-10-16,C
SPY261016C00758000,2026-09-29 17:40:57+00:00,758.0,12.89,13.74,13.9,-1.6199999,-11.164713,44.0,1523,0.15046015563964849,True,REGULAR,USD,2026-10-16,C
SPY261016C00759000,2026-09-29 18:12:49+00:00,759.0,12.12,13.03,13.21,-3.0699997,-20.210663,47.0,1179,0.14896480926513672,True,REGULAR,USD,2026-10-16,C
SPY261016C00760000,2026-09-29 18:52:35+00:00,760.0,12.35,12.36,12.43,-0.7599993,-5.797096,535.0,10414,0.1459130819702148,True,REGULAR,USD,2026-10-16,C
SPY261016C00761000,2026-09-29 18:04:34+00:00,761.0,11.07,11.69,11.82,-1.5799999,-12.490119,236.0,2720,0.14518066741943358,True,REGULAR,USD,2026-10-16,C
SPY261016C00762000,2026-09-29 18:42:49+00:00,762.0,11.25,11.0,11.14,-0.6499996,-5.462182,640.0,2898,0.1431970446777344,True,REGULAR,USD,2026-10-16,C
SPY261016C00763000,2026-09-29 18:53:02+00:00,763.0,10.49,10.36,10.45,-0.64000034,-5.7502275,626.0,2239,0.14084721466064454,True,REGULAR,USD,2026-10-16,C
SPY261016C00764000,2026-09-29 18:49:51+00:00,764.0,9.74,9.75,9.82,-0.8000002,-7.590134,842.0,2638,0.1391382473754883,True,REGULAR,USD,2026-10-16,C
SPY261016C00765000,2026-09-29 18:53:04+00:00,765.0,9.19,9.14,9.17,-0.6000004,-6.1287065,2557.0,7507,0.13691048645019532,False,REGULAR,USD,2026-10-16,C
SPY261016C00766000,2026-09-29 18:47:05+00:00,766.0,8.56,8.55,8.58,-0.6899996,-7.4594545,3245.0,6538,0.135323588256836,False,REGULAR,USD,2026-10-16,C
SPY261016C00767000,2026-09-29 18:51:26+00:00,767.0,7.99,8.0,8.02,-0.77000046,-8.789959,788.0,7968,0.13388927642822268,False,REGULAR,USD,2026-10-16,C
SPY261016C00768000,2026-09-29 18:53:40+00:00,768.0,7.45,7.43,7.46,-0.5799999,-7.2229133,1084.0,4372,0.13221082641601564,False,REGULAR,USD,2026-10-16,C
SPY261016C00769000,2026-09-29 18:54:19+00:00,769.0,6.92,6.91,6.93,-0.55999994,-7.48663,853.0,3351,0.13068496276855468,False,REGULAR,USD,2026-10-16,C
SPY261016C00770000,2026-09-29 18:53:34+00:00,770.0,6.44,6.42,6.45,-0.52999973,-7.6040134,3820.0,20394,0.12964737548828126,False,REGULAR,USD,2026-10-16,C
SPY261016C00771000,2026-09-29 18:49:12+00:00,771.0,5.92,5.92,5.95,-0.65999985,-10.030393,709.0,3551,0.12799944274902342,False,REGULAR,USD,2026-10-16,C
SPY261016C00772000,2026-09-29 18:46:25+00:00,772.0,5.54,5.49,5.51,-0.46000004,-7.6666675,923.0,5101,0.12696185546875,False,REGULAR,USD,2026-10-16,C
SPY261016C00773000,2026-09-29 18:40:18+00:00,773.0,5.16,5.05,5.08,-0.5,-8.833922,983.0,2095,0.1258021990966797,False,REGULAR,USD,2026-10-16,C
SPY261016C00774000,2026-09-29 18:42:04+00:00,774.0,4.82,4.64,4.67,-0.25,-4.9309664,1252.0,3469,0.12464254272460937,False,REGULAR,USD,2026-10-16,C
SPY261016C00775000,2026-09-29 18:52:53+00:00,775.0,4.28,4.23,4.25,-0.39999962,-8.547001,3167.0,15610,0.12296409271240236,False,REGULAR,USD,2026-10-16,C
SPY261016C00776000,2026-09-29 18:44:49+00:00,776.0,3.94,3.89,3.91,-0.4699998,-10.657592,1589.0,2496,0.12229271270751954,False,REGULAR,USD,2026-10-16,C
SPY261016C00777000,2026-09-29 18:45:50+00:00,777.0,3.6,3.54,3.56,-0.32000017,-8.163269,1771.0,2392,0.12113305633544921,False,REGULAR,USD,2026-10-16,C
SPY261016C00778000,2026-09-29 18:41:33+00:00,778.0,3.37,3.22,3.24,-0.2900002,-7.9235024,999.0,4890,0.12015650360107422,False,REGULAR,USD,2026-10-16,C
SPY261016C00779000,2026-09-29 18:45:31+00:00,779.0,2.99,2.92,2.94,-0.3399999,-10.210208,885.0,2523,0.11921046813964843,False,REGULAR,USD,2026-10-16,C
SPY261016C00780000,2026-09-29 18:52:26+00:00,780.0,2.65,2.66,2.67,-0.31999993,-10.774408,5818.0,17546,0.11847805358886719,False,REGULAR,USD,2026-10-16,C
SPY261016C00781000,2026-09-29 18:49:32+00:00,781.0,2.39,2.4,2.42,-0.3699999,-13.405793,2519.0,3917,0.11777615631103515,False,REGULAR,USD,2026-10-16,C
SPY261016C00782000,2026-09-29 18:52:50+00:00,782.0,2.17,2.17,2.18,-0.26999998,-11.065573,2766.0,4344,0.11695218994140624,False,REGULAR,USD,2026-10-16,C
SPY261016C00783000,2026-09-29 18:52:40+00:00,783.0,1.94,1.95,1.97,-0.25,-11.4155245,5945.0,3334,0.11640287902832032,False,REGULAR,USD,2026-10-16,C
SPY261016C00784000,2026-09-29 18:52:52+00:00,784.0,1.76,1.75,1.77,-0.26999998,-13.300492,749.0,3227,0.1157314990234375,False,REGULAR,USD,2026-10-16,C
SPY261016C00785000,2026-09-29 18:52:50+00:00,785.0,1.58,1.58,1.6,-0.18999994,-10.73446,1366.0,46029,0.11542632629394532,False,REGULAR,USD,2026-10-16,C
SPY261016C00786000,2026-09-29 18:47:52+00:00,786.0,1.39,1.42,1.44,-0.35000002,-20.114944,168.0,5343,0.11506011901855469,False,REGULAR,USD,2026-10-16,C
SPY261016C00787000,2026-09-29 18:40:54+00:00,787.0,1.3,1.26,1.28,-0.1400001,-9.722229,417.0,2919,0.11438873901367189,False,REGULAR,USD,2026-10-16,C
SPY261016C00788000,2026-09-29 18:41:14+00:00,788.0,1.2,1.13,1.15,-0.07999992,-6.2499943,245.0,1857,0.11414460083007813,False,REGULAR,USD,2026-10-16,C
SPY261016C00789000,2026-09-29 18:44:51+00:00,789.0,1.03,1.01,1.03,-0.17000008,-14.166673,140.0,2440,0.11390046264648437,False,REGULAR,USD,2026-10-16,C
SPY261016C00790000,2026-09-29 18:52:58+00:00,790.0,0.93,0.91,0.92,-0.109999955,-10.576919,10502.0,26196,0.11359528991699218,False,REGULAR,USD,2026-10-16,C
SPY261016C00791000,2026-09-29 18:20:46+00:00,791.0,0.75,0.81,0.83,-0.20999998,-21.874998,226.0,2642,0.11371735900878906,False,REGULAR,USD,2026-10-16,C
SPY261016C00792000,2026-09-29 18:39:15+00:00,792.0,0.74,0.74,0.75,-0.089999974,-10.84337,290.0,3496,0.11390046264648437,False,REGULAR,USD,2026-10-16,C
SPY261016C00793000,2026-09-29 17:26:55+00:00,793.0,0.53,0.65,0.67,-0.23000002,-30.26316,294.0,7306,0.1137783935546875,False,REGULAR,USD,2026-10-16,C
SPY261016C00794000,2026-09-29 18:44:41+00:00,794.0,0.59,0.58,0.59,-0.13000005,-18.055563,48.0,3957,0.11341218627929686,False,REGULAR,USD,2026-10-16,C
SPY261016C00795000,2026-09-29 18:53:55+00:00,795.0,0.53,0.53,0.54,-0.08000004,-13.559328,1844.0,22471,0.11402253173828125,False,REGULAR,USD,2026-10-16,C
SPY261016C00796000,2026-09-29 17:33:46+00:00,796.0,0.49,0.48,0.49,-0.099999964,-16.949146,403.0,5581,0.11444977355957033,False,REGULAR,USD,2026-10-16,C
SPY261016C00797000,2026-09-29 18:48:07+00:00,797.0,0.43,0.42,0.43,-0.049999982,-10.416663,907.0,15758,0.11414460083007813,False,REGULAR,USD,2026-10-16,C
SPY261016C00798000,2026-09-29 16:50:36+00:00,798.0,0.32,0.39,0.4,-0.110000014,-25.5814,191.0,8942,0.11512115356445313,False,REGULAR,USD,2026-10-16,C
SPY261016C00799000,2026-09-29 18:37:44+00:00,799.0,0.33,0.35,0.36,-0.07999998,-19.51219,405.0,3143,0.11548736083984376,False,REGULAR,USD,2026-10-16,C
SPY261016C00800000,2026-09-29 18:48:46+00:00,800.0,0.31,0.31,0.33,-0.050000012,-13.888891,10977.0,23226,0.11609770629882812,False,REGULAR,USD,2026-10-16,C
SPY261016C00801000,2026-09-29 18:29:09+00:00,801.0,0.27,0.29,0.3,-0.049999982,-15.624994,8.0,719,0.1167080517578125,False,REGULAR,USD,2026-10-16,C
SPY261016C00802000,2026-09-29 17:11:22+00:00,802.0,0.21,0.26,0.28,-0.08,-27.586208,396.0,1191,0.1176846044921875,False,REGULAR,USD,2026-10-16,C
SPY261016C00803000,2026-09-28 16:20:18+00:00,803.0,0.3,0.24,0.25,0.0,0.0,9.0,954,0.11792874267578124,False,REGULAR,USD,2026-10-16,C
SPY261016C00804000,2026-09-29 13:59:58+00:00,804.0,0.19,0.22,0.23,-0.110000014,-36.66667,27.0,819,0.1186611572265625,False,REGULAR,USD,2026-10-16,C
SPY261016C00805000,2026-09-29 18:12:54+00:00,805.0,0.21,0.2,0.21,-0.02000001,-8.695656,582.0,12097,0.11927150268554687,False,REGULAR,USD,2026-10-16,C
SPY261016C00806000,2026-09-29 15:18:16+00:00,806.0,0.16,0.19,0.2,-0.099999994,-38.461536,17.0,1852,0.12073633178710938,False,REGULAR,USD,2026-10-16,C
SPY261016C00807000,2026-09-28 16:28:58+00:00,807.0,0.27,0.17,0.18,0.0,0.0,5.0,1405,0.1211025390625,False,REGULAR,USD,2026-10-16,C
SPY261016C00808000,2026-09-29 16:09:12+00:00,808.0,0.13,0.16,0.17,-0.040000007,-23.529415,42.0,823,0.12232322998046877,False,REGULAR,USD,2026-10-16,C
SPY261016C00809000,2026-09-29 16:08:40+00:00,809.0,0.12,0.15,0.16,-0.050000004,-29.411768,356.0,3829,0.1235439208984375,False,REGULAR,USD,2026-10-16,C
SPY261016C00810000,2026-09-29 18:34:32+00:00,810.0,0.13,0.14,0.15,-0.030000001,-18.75,80.0,16572,0.1245204736328125,False,REGULAR,USD,2026-10-16,C
SPY261016C00815000,2026-09-29 18:07:17+00:00,815.0,0.09,0.1,0.11,-0.029999994,-24.999994,78.0,16178,0.129891513671875,False,REGULAR,USD,2026-10-16,C
SPY261016C00820000,2026-09-29 18:05:17+00:00,820.0,0.07,0.07,0.08,-0.020000003,-22.222223,7.0,16397,0.13477427734375003,False,REGULAR,USD,2026-10-16,C
SPY261016C00825000,2026-09-29 16:51:17+00:00,825.0,0.05,0.06,0.07,-0.02,-28.571428,61.0,15767,0.14258669921875,False,REGULAR,USD,2026-10-16,C
SPY261016C00830000,2026-09-29 17:22:01+00:00,830.0,0.05,0.05,0.06,0.0,0.0,70.0,18360,0.14991084472656252,False,REGULAR,USD,2026-10-16,C
SPY261016C00835000,2026-09-29 18:20:54+00:00,835.0,0.04,0.04,0.05,0.0,0.0,20.0,3159,0.1562584375,False,REGULAR,USD,2026-10-16,C
SPY261016C00840000,2026-09-29 17:40:24+00:00,840.0,0.03,0.03,0.04,0.0,0.0,328.0,3241,0.161141201171875,False,REGULAR,USD,2026-10-16,C
SPY261016C00845000,2026-09-28 18:20:42+00:00,845.0,0.03,0.02,0.03,0.0,0.0,32.0,1791,0.16602396484375004,False,REGULAR,USD,2026-10-16,C
SPY261016C00850000,2026-09-29 14:48:10+00:00,850.0,0.03,0.02,0.03,0.01,50.0,40.0,9719,0.17383638671875,False,REGULAR,USD,2026-10-16,C
SPY261016C00855000,2026-09-25 19:56:18+00:00,855.0,0.04,0.02,0.03,0.0,0.0,201.0,779,0.18262536132812499,False,REGULAR,USD,2026-10-16,C
SPY261016C00860000,2026-09-28 18:34:21+00:00,860.0,0.01,0.01,0.02,0.0,0.0,3.0,2140,0.18360191406249998,False,REGULAR,USD,2026-10-16,C
SPY261016C00865000,2026-09-24 19:04:40+00:00,865.0,0.02,0.01,0.02,0.0,0.0,6.0,1481,0.192390888671875,False,REGULAR,USD,2026-10-16,C
SPY261016C00870000,2026-09-22 20:03:46+00:00,870.0,0.03,0.01,0.02,0.0,0.0,6.0,2235,0.20117986328124998,False,REGULAR,USD,2026-10-16,C
SPY261016C00875000,2026-09-28 19:32:16+00:00,875.0,0.01,0.01,0.02,0.0,0.0,2.0,1385,0.20899228515624996,False,REGULAR,USD,2026-10-16,C
SPY261016C00880000,2026-09-24 18:59:27+00:00,880.0,0.01,0.01,0.02,0.0,0.0,1.0,395,0.21680470703125,False,REGULAR,USD,2026-10-16,C
SPY261016C00885000,2026-09-29 14:11:58+00:00,885.0,0.01,0.01,0.02,0.0,0.0,1.0,3228,0.22461712890624996,False,REGULAR,USD,2026-10-16,C
SPY261016C00890000,2026-09-29 18:28:24+00:00,890.0,0.01,0.01,0.02,0.0,0.0,1.0,2617,0.23242955078125,False,REGULAR,USD,2026-10-16,C
SPY261016C00895000,2026-09-24 18:50:06+00:00,895.0,0.01,0.0,0.01,0.0,0.0,480.0,1186,0.22657023437499998,False,REGULAR,USD,2026-10-16,C
SPY261016C00900000,2026-09-28 18:30:16+00:00,900.0,0.01,0.0,0.01,0.0,0.0,5.0,5968,0.23438265625,False,REGULAR,USD,2026-10-16,C
SPY261016C00905000,2026-09-23 13:55:09+00:00,905.0,0.01,0.0,0.01,0.0,0.0,20.0,4009,0.242195078125,False,REGULAR,USD,2026-10-16,C
SPY261016C00910000,2026-09-24 18:21:44+00:00,910.0,0.01,0.0,0.01,0.0,0.0,1.0,4029,0.2461012890625,False,REGULAR,USD,2026-10-16,C
SPY261016C00915000,2026-09-25 19:41:29+00:00,915.0,0.01,0.0,0.01,0.0,0.0,60.0,4488,0.25391371093750004,False,REGULAR,USD,2026-10-16,C
SPY261016C00920000,2026-09-14 16:46:21+00:00,920.0,0.01,0.0,0.01,0.0,0.0,280.0,368,0.2617261328125,False,REGULAR,USD,2026-10-16,C
SPY261016C00925000,2026-09-28 19:58:37+00:00,925.0,0.01,0.0,0.01,0.0,0.0,4.0,359,0.2695385546875,False,REGULAR,USD,2026-10-16,C
SPY261016C00930000,2026-09-11 13:30:51+00:00,930.0,0.01,0.0,0.01,0.0,0.0,1.0,371,0.27735097656249996,False,REGULAR,USD,2026-10-16,C
SPY261016C00935000,2026-09-15 15:20:35+00:00,935.0,0.01,0.0,0.01,0.0,0.0,1.0,598,0.28125718749999995,False,REGULAR,USD,2026-10-16,C
SPY261016C00940000,2026-09-08 14:43:42+00:00,940.0,0.01,0.0,0.01,0.0,0.0,28.0,1022,0.2890696093749999,False,REGULAR,USD,2026-10-16,C
SPY261016C00945000,2026-08-24 19:14:01+00:00,945.0,0.02,0.0,0.01,0.0,0.0,1101.0,1136,0.29688203124999996,False,REGULAR,USD,2026-10-16,C
SPY261016C00950000,2026-09-10 13:42:49+00:00,950.0,0.01,0.0,0.01,0.0,0.0,200.0,1177,0.304694453125,False,REGULAR,USD,2026-10-16,C
SPY261016C00955000,2026-09-01 14:03:48+00:00,955.0,0.01,0.0,0.01,0.0,0.0,1.0,18,0.31250687499999996,False,REGULAR,USD,2026-10-16,C
SPY261016C00960000,2026-09-02 14:47:54+00:00,960.0,0.01,0.0,0.01,0.0,0.0,596.0,1188,0.31641308593749995,False,REGULAR,USD,2026-10-16,C
SPY261016C00965000,2026-09-04 20:08:29+00:00,965.0,0.01,0.0,0.01,0.0,0.0,206.0,785,0.3242255078124999,False,REGULAR,USD,2026-10-16,C
SPY261016C00970000,2026-09-08 15:29:45+00:00,970.0,0.01,0.0,0.01,0.0,0.0,10.0,782,0.32813171874999997,False,REGULAR,USD,2026-10-16,C
SPY261016C00975000,2026-09-04 20:14:50+00:00,975.0,0.01,0.0,0.01,0.0,0.0,745.0,1299,0.335944140625,False,REGULAR,USD,2026-10-16,C
SPY261016C00980000,2026-08-04 14:11:08+00:00,980.0,0.05,0.0,0.01,0.0,0.0,532.0,290,0.3437565625,False,REGULAR,USD,2026-10-16,C
SPY261016C00985000,2026-08-28 19:59:44+00:00,985.0,0.01,0.0,0.01,0.0,0.0,407.0,595,0.35156898437499995,False,REGULAR,USD,2026-10-16,C
SPY261016C00990000,2026-08-28 19:59:44+00:00,990.0,0.01,0.0,0.01,0.0,0.0,407.0,628,0.35547519531249994,False,REGULAR,USD,2026-10-16,C
SPY261016C00995000,2026-08-25 15:10:26+00:00,995.0,0.01,0.0,0.01,0.0,0.0,1.0,72,0.3632876171875,False,REGULAR,USD,2026-10-16,C
SPY261016C01000000,2026-09-29 13:30:02+00:00,1000.0,0.01,0.0,0.01,0.0,0.0,2.0,1252,0.367193828125,False,REGULAR,USD,2026-10-16,C
SPY261016P00300000,2026-09-29 17:47:50+00:00,300.0,0.01,0.0,0.01,0.0,0.0,73.0,5204,1.171879140625,False,REGULAR,USD,2026-10-16,P
SPY261016P00305000,2026-09-25 17:28:45+00:00,305.0,0.01,0.0,0.01,0.0,0.0,1.0,2490,1.15625421875,False,REGULAR,USD,2026-10-16,P
SPY261016P00310000,2026-09-15 18:43:06+00:00,310.0,0.01,0.0,0.01,0.0,0.0,220.0,4501,1.125004375,False,REGULAR,USD,2026-10-16,P
SPY261016P00315000,2026-09-16 20:14:45+00:00,315.0,0.01,0.0,0.01,0.0,0.0,600.0,3539,1.125004375,False,REGULAR,USD,2026-10-16,P
SPY261016P00320000,2026-08-27 19:36:40+00:00,320.0,0.02,0.0,0.01,0.0,0.0,1641.0,2456,1.09375453125,False,REGULAR,USD,2026-10-16,P
SPY261016P00325000,2026-09-25 17:28:33+00:00,325.0,0.01,0.0,0.01,0.0,0.0,1.0,426,1.0625046875000002,False,REGULAR,USD,2026-10-16,P
SPY261016P00330000,2026-09-17 16:13:20+00:00,330.0,0.01,0.0,0.01,0.0,0.0,200.0,4675,1.0625046875000002,False,REGULAR,USD,2026-10-16,P
SPY261016P00335000,2026-09-17 13:30:11+00:00,335.0,0.01,0.0,0.01,0.0,0.0,2.0,1158,1.0312548437500002,False,REGULAR,USD,2026-10-16,P
SPY261016P00340000,2026-09-10 15:40:04+00:00,340.0,0.03,0.0,0.01,0.0,0.0,400.0,673,1.0312548437500002,False,REGULAR,USD,2026-10-16,P
SPY261016P00345000,2026-09-11 19:55:46+00:00,345.0,0.02,0.0,0.01,0.0,0.0,200.0,1045,1.000005,False,REGULAR,USD,2026-10-16,P
SPY261016P00350000,2026-09-25 17:28:21+00:00,350.0,0.01,0.0,0.01,0.0,0.0,2.0,6255,0.98437515625,False,REGULAR,USD,2026-10-16,P
SPY261016P00355000,2026-09-25 17:28:08+00:00,355.0,0.01,0.0,0.01,0.0,0.0,1.0,11300,0.9687503125,False,REGULAR,USD,2026-10-16,P
SPY261016P00360000,2026-09-21 14:38:01+00:00,360.0,0.01,0.0,0.01,0.0,0.0,1.0,5728,0.9531254687499999,False,REGULAR,USD,2026-10-16,P
SPY261016P00365000,2026-09-17 13:41:25+00:00,365.0,0.01,0.0,0.01,0.0,0.0,48.0,1815,0.937500625,False,REGULAR,USD,2026-10-16,P
SPY261016P00370000,2026-09-18 16:03:39+00:00,370.0,0.01,0.0,0.01,0.0,0.0,102.0,10620,0.9062509375,False,REGULAR,USD,2026-10-16,P
SPY261016P00375000,2026-09-25 17:27:55+00:00,375.0,0.01,0.0,0.01,0.0,0.0,1.0,6868,0.9062509375,False,REGULAR,USD,2026-10-16,P
SPY261016P00380000,2026-09-25 17:27:40+00:00,380.0,0.01,0.0,0.01,0.0,0.0,2.0,2808,0.87500125,False,REGULAR,USD,2026-10-16,P
SPY261016P00385000,2026-09-25 17:27:25+00:00,385.0,0.01,0.0,0.01,0.0,0.0,1.0,3790,0.87500125,False,REGULAR,USD,2026-10-16,P
SPY261016P00390000,2026-09-24 14:01:22+00:00,390.0,0.01,0.0,0.01,0.0,0.0,800.0,4584,0.8437515624999999,False,REGULAR,USD,2026-10-16,P
SPY261016P00395000,2026-09-24 20:13:25+00:00,395.0,0.01,0.0,0.01,0.0,0.0,4.0,4063,0.8437515624999999,False,REGULAR,USD,2026-10-16,P
SPY261016P00400000,2026-09-24 13:30:00+00:00,400.0,0.01,0.0,0.01,0.0,0.0,50.0,21695,0.8125018749999999,False,REGULAR,USD,2026-10-16,P
SPY261016P00405000,2026-09-25 17:27:08+00:00,405.0,0.01,0.0,0.01,0.0,0.0,1503.0,6236,0.8125018749999999,False,REGULAR,USD,2026-10-16,P
SPY261016P00410000,2026-09-25 15:48:04+00:00,410.0,0.01,0.0,0.01,0.0,0.0,1500.0,14221,0.79687703125,False,REGULAR,USD,2026-10-16,P
SPY261016P00415000,2026-09-29 16:45:27+00:00,415.0,0.01,0.0,0.01,0.0,0.0,2.0,1107,0.7812521875,False,REGULAR,USD,2026-10-16,P
SPY261016P00420000,2026-09-28 16:38:10+00:00,420.0,0.01,0.0,0.01,0.0,0.0,27.0,2102,0.7656273437500001,False,REGULAR,USD,2026-10-16,P
SPY261016P00425000,2026-09-25 19:32:06+00:00,425.0,0.01,0.0,0.01,0.0,0.0,3.0,154945,0.7500025,False,REGULAR,USD,2026-10-16,P
SPY261016P00430000,2026-09-29 18:43:40+00:00,430.0,0.01,0.0,0.01,0.0,0.0,9.0,15740,0.73437765625,False,REGULAR,USD,2026-10-16,P
SPY261016P00435000,2026-09-25 20:14:57+00:00,435.0,0.01,0.01,0.02,0.0,0.0,640.0,1872,0.7812521875,False,REGULAR,USD,2026-10-16,P
SPY261016P00440000,2026-09-25 20:14:29+00:00,440.0,0.01,0.01,0.02,0.0,0.0,830.0,1411,0.7656273437500001,False,REGULAR,USD,2026-10-16,P
SPY261016P00445000,2026-09-25 17:26:40+00:00,445.0,0.01,0.01,0.02,0.0,0.0,4.0,4550,0.7500025,False,REGULAR,USD,2026-10-16,P
SPY261016P00450000,2026-09-28 13:36:41+00:00,450.0,0.02,0.01,0.02,0.0,0.0,1.0,3942,0.73437765625,False,REGULAR,USD,2026-10-16,P
SPY261016P00455000,2026-09-28 15:16:58+00:00,455.0,0.02,0.01,0.02,0.0,0.0,48.0,3839,0.7187528125,False,REGULAR,USD,2026-10-16,P
SPY261016P00460000,2026-09-28 15:17:29+00:00,460.0,0.02,0.01,0.02,0.0,0.0,2.0,2104,0.7070341796875,False,REGULAR,USD,2026-10-16,P
SPY261016P00465000,2026-09-28 19:46:25+00:00,465.0,0.03,0.01,0.02,0.0,0.0,1520.0,3710,0.6953155468750001,False,REGULAR,USD,2026-10-16,P
SPY261016P00470000,2026-09-28 20:14:42+00:00,470.0,0.02,0.01,0.02,0.0,0.0,35.0,4216,0.6796907031250001,False,REGULAR,USD,2026-10-16,P
SPY261016P00475000,2026-09-29 16:53:58+00:00,475.0,0.02,0.01,0.02,-0.01,-33.333336,228.0,3137,0.6640658593750002,False,REGULAR,USD,2026-10-16,P
SPY261016P00480000,2026-09-29 18:39:37+00:00,480.0,0.02,0.01,0.02,-0.01,-33.333336,62.0,2276,0.648441015625,False,REGULAR,USD,2026-10-16,P
SPY261016P00485000,2026-09-29 14:35:51+00:00,485.0,0.02,0.02,0.03,-0.01,-33.333336,100.0,165,0.6640658593750002,False,REGULAR,USD,2026-10-16,P
SPY261016P00490000,2026-09-28 19:51:13+00:00,490.0,0.03,0.02,0.03,0.0,0.0,20.0,207,0.648441015625,False,REGULAR,USD,2026-10-16,P
SPY261016P00495000,2026-09-28 19:17:14+00:00,495.0,0.03,0.02,0.03,0.0,0.0,88.0,457,0.6367223828125,False,REGULAR,USD,2026-10-16,P
SPY261016P00500000,2026-09-29 14:08:08+00:00,500.0,0.02,0.02,0.03,-0.01,-33.333336,3.0,7303,0.6210975390625001,False,REGULAR,USD,2026-10-16,P
SPY261016P00505000,2026-09-29 17:04:57+00:00,505.0,0.03,0.02,0.03,0.0,0.0,90.0,546,0.6093789062500001,False,REGULAR,USD,2026-10-16,P
SPY261016P00510000,2026-09-29 16:26:30+00:00,510.0,0.03,0.02,0.03,-0.01,-25.0,173.0,1512,0.5937540625000001,False,REGULAR,USD,2026-10-16,P
SPY261016P00515000,2026-09-29 18:27:30+00:00,515.0,0.03,0.03,0.04,0.0,0.0,72.0,368,0.5976602734375001,False,REGULAR,USD,2026-10-16,P
SPY261016P00520000,2026-09-28 16:48:52+00:00,520.0,0.04,0.03,0.04,0.0,0.0,81.0,1039,0.585941640625,False,REGULAR,USD,2026-10-16,P
SPY261016P00525000,2026-09-29 17:41:46+00:00,525.0,0.03,0.03,0.04,-0.020000001,-40.000004,65.0,301599,0.5722699023437501,False,REGULAR,USD,2026-10-16,P
SPY261016P00530000,2026-09-29 16:25:08+00:00,530.0,0.04,0.03,0.04,0.0,0.0,48.0,842,0.5585981640625001,False,REGULAR,USD,2026-10-16,P
SPY261016P00535000,2026-09-29 18:27:45+00:00,535.0,0.04,0.03,0.04,-0.010000002,-20.000002,52.0,694,0.5449264257812501,False,REGULAR,USD,2026-10-16,P
SPY261016P00540000,2026-09-29 18:25:27+00:00,540.0,0.04,0.04,0.05,-0.010000002,-20.000002,56.0,4650,0.5449264257812501,False,REGULAR,USD,2026-10-16,P
SPY261016P00545000,2026-09-29 17:36:47+00:00,545.0,0.05,0.04,0.05,-0.009999998,-16.666662,745.0,722,0.5312546875,False,REGULAR,USD,2026-10-16,P
SPY261016P00550000,2026-09-29 15:20:52+00:00,550.0,0.05,0.04,0.05,-0.009999998,-16.666662,257.0,11927,0.51758294921875,False,REGULAR,USD,2026-10-16,P
SPY261016P00555000,2026-09-29 14:40:10+00:00,555.0,0.06,0.05,0.06,-0.010000002,-14.285716,1195.0,615,0.5136767382812499,False,REGULAR,USD,2026-10-16,P
SPY261016P00560000,2026-09-28 15:33:23+00:00,560.0,0.07,0.05,0.06,0.0,0.0,1.0,321,0.5009815527343751,False,REGULAR,USD,2026-10-16,P
SPY261016P00565000,2026-09-28 15:51:26+00:00,565.0,0.09,0.05,0.06,0.0,0.0,5.0,972,0.49219257812500006,False,REGULAR,USD,2026-10-16,P
SPY261016P00570000,2026-09-29 18:26:11+00:00,570.0,0.06,0.06,0.07,-0.02,-25.0,5.0,1441,0.48633326171875,False,REGULAR,USD,2026-10-16,P
SPY261016P00575000,2026-09-29 18:21:54+00:00,575.0,0.07,0.06,0.07,-0.020000003,-22.222223,14.0,1203,0.4726615234375,False,REGULAR,USD,2026-10-16,P
SPY261016P00580000,2026-09-29 15:36:31+00:00,580.0,0.08,0.07,0.08,-0.020000003,-20.000002,10.0,1644,0.46582565429687506,False,REGULAR,USD,2026-10-16,P
SPY261016P00585000,2026-09-29 16:28:42+00:00,585.0,0.1,0.07,0.08,0.0,0.0,24.0,1743,0.45313046875,False,REGULAR,USD,2026-10-16,P
SPY261016P00590000,2026-09-28 19:41:08+00:00,590.0,0.11,0.08,0.09,0.0,0.0,154.0,3178,0.445318046875,False,REGULAR,USD,2026-10-16,P
SPY261016P00595000,2026-09-29 18:10:58+00:00,595.0,0.11,0.09,0.1,0.0,0.0,139.0,1730,0.437505625,False,REGULAR,USD,2026-10-16,P
SPY261016P00600000,2026-09-29 18:44:35+00:00,600.0,0.09,0.09,0.1,-0.03999999,-28.571424,52.0,12600,0.42383388671875,False,REGULAR,USD,2026-10-16,P
SPY261016P00605000,2026-09-29 15:40:28+00:00,605.0,0.11,0.1,0.11,-0.019999996,-15.384612,10.0,2569,0.415044912109375,False,REGULAR,USD,2026-10-16,P
SPY261016P00610000,2026-09-28 16:30:06+00:00,610.0,0.13,0.11,0.12,0.0,0.0,23.0,3574,0.4062559375,False,REGULAR,USD,2026-10-16,P
SPY261016P00615000,2026-09-28 18:17:39+00:00,615.0,0.15,0.12,0.13,0.0,0.0,28.0,1304,0.39649041015625003,False,REGULAR,USD,2026-10-16,P
SPY261016P00620000,2026-09-29 15:04:45+00:00,620.0,0.14,0.12,0.13,-0.010000005,-6.6666694,21.0,4033,0.38281867187499996,False,REGULAR,USD,2026-10-16,P
SPY261016P00625000,2026-09-28 19:39:18+00:00,625.0,0.18,0.13,0.14,0.0,0.0,232.0,156601,0.37305314453125,False,REGULAR,USD,2026-10-16,P
SPY261016P00630000,2026-09-29 15:40:56+00:00,630.0,0.16,0.14,0.15,-0.010000005,-5.8823557,4.0,33463,0.3632876171875,False,REGULAR,USD,2026-10-16,P
SPY261016P00635000,2026-09-29 13:35:40+00:00,635.0,0.16,0.15,0.16,-0.030000001,-15.789474,1.0,2401,0.352545537109375,False,REGULAR,USD,2026-10-16,P
SPY261016P00640000,2026-09-29 18:04:06+00:00,640.0,0.2,0.17,0.18,-0.03999999,-16.666662,4.0,5983,0.3442448388671875,False,REGULAR,USD,2026-10-16,P
SPY261016P00645000,2026-09-29 14:15:52+00:00,645.0,0.19,0.18,0.19,-0.030000001,-13.636364,2.0,5547,0.33350275878906255,False,REGULAR,USD,2026-10-16,P
SPY261016P00650000,2026-09-29 18:24:45+00:00,650.0,0.22,0.19,0.2,-0.019999996,-8.333331,166.0,26831,0.32227240234374993,False,REGULAR,USD,2026-10-16,P
SPY261016P00655000,2026-09-29 15:18:16+00:00,655.0,0.23,0.21,0.22,-0.029999986,-11.538457,2.0,13559,0.3129951513671875,False,REGULAR,USD,2026-10-16,P
SPY261016P00660000,2026-09-29 17:18:24+00:00,660.0,0.27,0.23,0.24,-0.00999999,-3.5714252,7.0,12245,0.30298548583984375,False,REGULAR,USD,2026-10-16,P
SPY261016P00665000,2026-09-29 18:44:06+00:00,665.0,0.24,0.24,0.25,-0.07000001,-22.580648,4.0,5428,0.2910227148437499,False,REGULAR,USD,2026-10-16,P
SPY261016P00670000,2026-09-29 18:52:10+00:00,670.0,0.27,0.27,0.28,-0.049999982,-13.513509,46.0,16784,0.2819896020507812,False,REGULAR,USD,2026-10-16,P
SPY261016P00675000,2026-09-29 18:43:49+00:00,675.0,0.29,0.29,0.3,-0.07000002,-19.44445,161.0,14718,0.2710033837890625,False,REGULAR,USD,2026-10-16,P
SPY261016P00680000,2026-09-29 16:00:54+00:00,680.0,0.39,0.32,0.33,0.01999998,5.4054003,264.0,32749,0.26099371826171874,False,REGULAR,USD,2026-10-16,P
SPY261016P00685000,2026-09-29 17:08:07+00:00,685.0,0.43,0.35,0.36,0.0,0.0,78.0,9612,0.25049577636718745,False,REGULAR,USD,2026-10-16,P
SPY261016P00690000,2026-09-29 18:27:10+00:00,690.0,0.42,0.39,0.4,-0.04000002,-8.695656,10314.0,11642,0.24048611083984373,False,REGULAR,USD,2026-10-16,P
SPY261016P00695000,2026-09-29 16:46:10+00:00,695.0,0.54,0.43,0.44,0.02000004,3.8461618,29.0,7056,0.2299881689453125,False,REGULAR,USD,2026-10-16,P
SPY261016P00700000,2026-09-29 18:46:05+00:00,700.0,0.49,0.5,0.51,-0.099999964,-16.949146,723.0,32794,0.2211991943359375,False,REGULAR,USD,2026-10-16,P
SPY261016P00701000,2026-09-29 18:04:16+00:00,701.0,0.58,0.5,0.51,-0.02000004,-3.33334,12.0,2890,0.21826953613281247,False,REGULAR,USD,2026-10-16,P
SPY261016P00702000,2026-09-29 13:50:24+00:00,702.0,0.53,0.52,0.53,-0.09000003,-14.516135,2.0,1256,0.21680470703125,False,REGULAR,USD,2026-10-16,P
SPY261016P00703000,2026-09-29 13:32:20+00:00,703.0,0.5,0.53,0.54,-0.13,-20.63492,3.0,1327,0.21448539428710936,False,REGULAR,USD,2026-10-16,P
SPY261016P00704000,2026-09-29 15:47:32+00:00,704.0,0.63,0.54,0.55,0.0,0.0,20.0,1576,0.2122881506347656,False,REGULAR,USD,2026-10-16,P
SPY261016P00705000,2026-09-29 18:35:07+00:00,705.0,0.61,0.57,0.58,-0.03999996,-6.1538405,94.0,13319,0.21143366699218746,False,REGULAR,USD,2026-10-16,P
SPY261016P00706000,2026-09-29 13:37:40+00:00,706.0,0.57,0.58,0.59,-0.09000003,-13.636369,49.0,1075,0.20899228515624996,False,REGULAR,USD,2026-10-16,P
SPY261016P00707000,2026-09-29 13:58:27+00:00,707.0,0.59,0.6,0.61,-0.07000005,-10.606068,5.0,1196,0.2074053869628906,False,REGULAR,USD,2026-10-16,P
SPY261016P00708000,2026-09-29 18:11:10+00:00,708.0,0.72,0.61,0.63,0.09000003,14.285721,50.0,3366,0.20557435058593748,False,REGULAR,USD,2026-10-16,P
SPY261016P00709000,2026-09-28 19:33:17+00:00,709.0,0.7,0.63,0.65,0.0,0.0,259.0,2350,0.20386538330078124,False,REGULAR,USD,2026-10-16,P
SPY261016P00710000,2026-09-29 18:49:02+00:00,710.0,0.67,0.65,0.66,-0.109999955,-14.102558,152.0,19961,0.20130193237304686,False,REGULAR,USD,2026-10-16,P
SPY261016P00711000,2026-09-29 13:37:40+00:00,711.0,0.67,0.67,0.68,-0.13,-16.25,31.0,3919,0.19947089599609374,False,REGULAR,USD,2026-10-16,P
SPY261016P00712000,2026-09-29 16:40:46+00:00,712.0,0.81,0.69,0.71,0.01999998,2.5316432,55.0,1312,0.1981281359863281,False,REGULAR,USD,2026-10-16,P
SPY261016P00713000,2026-09-29 17:16:52+00:00,713.0,0.91,0.71,0.73,-0.00999999,-1.0869554,19.0,1118,0.19605296142578127,False,REGULAR,USD,2026-10-16,P
SPY261016P00714000,2026-09-29 17:31:54+00:00,714.0,0.89,0.74,0.76,0.060000002,7.2289157,78.0,4723,0.19458813232421873,False,REGULAR,USD,2026-10-16,P
SPY261016P00715000,2026-09-29 18:48:29+00:00,715.0,0.79,0.76,0.77,-0.109999955,-12.222218,259.0,8245,0.1920246813964844,False,REGULAR,USD,2026-10-16,P
SPY261016P00716000,2026-09-29 18:39:01+00:00,716.0,0.82,0.79,0.81,-0.07999998,-8.888887,91.0,10798,0.1909260595703125,False,REGULAR,USD,2026-10-16,P
SPY261016P00717000,2026-09-29 18:30:18+00:00,717.0,0.88,0.82,0.84,0.029999971,3.5294082,287.0,1447,0.18921709228515626,False,REGULAR,USD,2026-10-16,P
SPY261016P00718000,2026-09-29 18:44:31+00:00,718.0,0.86,0.86,0.87,-0.099999964,-10.416663,74.0,4623,0.18738605590820312,False,REGULAR,USD,2026-10-16,P
SPY261016P00719000,2026-09-29 16:20:26+00:00,719.0,1.05,0.88,0.9,0.099999964,10.526312,343.0,1559,0.18555501953124998,False,REGULAR,USD,2026-10-16,P
SPY261016P00720000,2026-09-29 18:53:52+00:00,720.0,0.93,0.92,0.93,-0.089999974,-8.910889,1094.0,34117,0.18372398315429686,False,REGULAR,USD,2026-10-16,P
SPY261016P00721000,2026-09-29 18:31:36+00:00,721.0,1.06,0.95,0.96,-0.0200001,-1.851861,97.0,1310,0.18177087768554687,False,REGULAR,USD,2026-10-16,P
SPY261016P00722000,2026-09-29 18:41:51+00:00,722.0,0.99,0.99,1.01,-0.110000014,-10.000002,272.0,20693,0.1805501867675781,False,REGULAR,USD,2026-10-16,P
SPY261016P00723000,2026-09-29 18:35:51+00:00,723.0,1.12,1.03,1.04,-0.01999998,-1.7543843,337.0,5971,0.17847501220703127,False,REGULAR,USD,2026-10-16,P
SPY261016P00724000,2026-09-29 17:31:54+00:00,724.0,1.28,1.07,1.08,0.120000005,10.344828,78.0,26653,0.176766044921875,False,REGULAR,USD,2026-10-16,P
SPY261016P00725000,2026-09-29 18:32:50+00:00,725.0,1.22,1.12,1.13,-0.059999943,-4.6874957,20641.0,44584,0.1753012158203125,False,REGULAR,USD,2026-10-16,P
SPY261016P00726000,2026-09-29 16:46:27+00:00,726.0,1.45,1.17,1.18,0.16000009,12.403107,225.0,13025,0.17377535217285156,False,REGULAR,USD,2026-10-16,P
SPY261016P00727000,2026-09-29 18:41:51+00:00,727.0,1.21,1.22,1.23,-0.120000005,-9.022556,9216.0,11150,0.17218845397949223,False,REGULAR,USD,2026-10-16,P
SPY261016P00728000,2026-09-29 17:42:47+00:00,728.0,1.28,1.26,1.28,-0.08000004,-5.8823557,96.0,25140,0.170479486694336,False,REGULAR,USD,2026-10-16,P
SPY261016P00729000,2026-09-29 18:49:38+00:00,729.0,1.34,1.32,1.34,-0.06999993,-4.9645343,24331.0,18649,0.16901465759277345,False,REGULAR,USD,2026-10-16,P
SPY261016P00730000,2026-09-29 18:38:11+00:00,730.0,1.47,1.38,1.4,-0.059999943,-3.921565,974.0,64719,0.16742775939941407,False,REGULAR,USD,2026-10-16,P
SPY261016P00731000,2026-09-29 17:00:29+00:00,731.0,1.74,1.45,1.46,0.09000003,5.454548,108.0,2189,0.16577982666015628,False,REGULAR,USD,2026-10-16,P
SPY261016P00732000,2026-09-29 18:44:22+00:00,732.0,1.53,1.51,1.52,-0.13,-7.8313255,26559.0,72155,0.1640098248291016,False,REGULAR,USD,2026-10-16,P
SPY261016P00733000,2026-09-29 18:52:58+00:00,733.0,1.59,1.58,1.6,-0.120000005,-7.017544,390.0,6709,0.1627891339111328,False,REGULAR,USD,2026-10-16,P
SPY261016P00734000,2026-09-29 17:58:30+00:00,734.0,1.99,1.65,1.67,0.18000007,9.944756,227.0,14250,0.16108016662597657,False,REGULAR,USD,2026-10-16,P
SPY261016P00735000,2026-09-29 18:48:24+00:00,735.0,1.77,1.73,1.74,-0.07000005,-3.8043506,1215.0,30466,0.15931016479492188,False,REGULAR,USD,2026-10-16,P
SPY261016P00736000,2026-09-29 18:31:10+00:00,736.0,1.97,1.81,1.83,0.01999998,1.02564,47.0,40466,0.15799792205810548,False,REGULAR,USD,2026-10-16,P
SPY261016P00737000,2026-09-29 18:23:34+00:00,737.0,2.02,1.9,1.92,-0.01999998,-0.98039126,292.0,5357,0.15656361022949222,False,REGULAR,USD,2026-10-16,P
SPY261016P00738000,2026-09-29 18:30:16+00:00,738.0,2.1,1.99,2.01,-0.00999999,-0.47393322,203.0,7529,0.15497671203613284,False,REGULAR,USD,2026-10-16,P
SPY261016P00739000,2026-09-29 18:30:18+00:00,739.0,2.19,2.09,2.11,0.01999998,0.9216581,570.0,3038,0.15351188293457033,False,REGULAR,USD,2026-10-16,P
SPY261016P00740000,2026-09-29 18:52:40+00:00,740.0,2.22,2.2,2.22,-0.089999914,-3.8961003,4032.0,45550,0.1521386056518555,False,REGULAR,USD,2026-10-16,P
SPY261016P00741000,2026-09-29 17:23:42+00:00,741.0,2.77,2.3,2.32,0.32999992,13.524587,686.0,4207,0.15039912109375003,False,REGULAR,USD,2026-10-16,P
SPY261016P00742000,2026-09-29 18:03:49+00:00,742.0,2.76,2.42,2.44,0.22000003,8.661419,202.0,6611,0.14899532653808595,False,REGULAR,USD,2026-10-16,P
SPY261016P00743000,2026-09-29 18:13:09+00:00,743.0,2.93,2.54,2.56,0.25,9.328358,561.0,2640,0.147469462890625,False,REGULAR,USD,2026-10-16,P
SPY261016P00744000,2026-09-29 18:47:51+00:00,744.0,2.75,2.67,2.69,-0.17000008,-5.8219204,599.0,2303,0.14600463378906248,False,REGULAR,USD,2026-10-16,P
SPY261016P00745000,2026-09-29 18:47:51+00:00,745.0,2.9,2.8,2.82,-0.049999952,-1.6949136,21798.0,35560,0.1443567010498047,False,REGULAR,USD,2026-10-16,P
SPY261016P00746000,2026-09-29 18:46:08+00:00,746.0,2.94,2.95,2.97,-0.089999914,-2.9702942,363.0,2097,0.14301394104003906,False,REGULAR,USD,2026-10-16,P
SPY261016P00747000,2026-09-29 18:43:11+00:00,747.0,3.1,3.11,3.13,-0.11000013,-3.4267955,279.0,4511,0.14167118103027343,False,REGULAR,USD,2026-10-16,P
SPY261016P00748000,2026-09-29 18:39:20+00:00,748.0,3.27,3.27,3.29,-0.099999905,-2.9673562,685.0,4007,0.1401453173828125,False,REGULAR,USD,2026-10-16,P
SPY261016P00749000,2026-09-29 18:54:05+00:00,749.0,3.44,3.42,3.44,-0.03999996,-1.1494242,664.0,2330,0.13828376373291018,False,REGULAR,USD,2026-10-16,P
SPY261016P00750000,2026-09-29 18:54:05+00:00,750.0,3.61,3.61,3.63,-0.13000011,-3.4759388,2367.0,67920,0.137002038269043,False,REGULAR,USD,2026-10-16,P
SPY261016P00751000,2026-09-29 18:47:44+00:00,751.0,3.91,3.8,3.82,0.01999998,0.51413834,889.0,2948,0.13553720916748052,False,REGULAR,USD,2026-10-16,P
SPY261016P00752000,2026-09-29 18:50:52+00:00,752.0,4.07,4.0,4.03,-0.049999714,-1.2135854,205.0,7541,0.13422496643066406,False,REGULAR,USD,2026-10-16,P
SPY261016P00753000,2026-09-29 18:45:01+00:00,753.0,4.2,4.21,4.24,-0.03000021,-0.7092248,350.0,31677,0.13269910278320313,False,REGULAR,USD,2026-10-16,P
SPY261016P00754000,2026-09-29 18:47:45+00:00,754.0,4.56,4.44,4.46,0.13000011,2.93454,348.0,2384,0.1311732391357422,False,REGULAR,USD,2026-10-16,P
SPY261016P00755000,2026-09-29 18:52:23+00:00,755.0,4.71,4.67,4.7,-0.03999996,-0.84210443,1303.0,24307,0.12973892730712888,False,REGULAR,USD,2026-10-16,P
SPY261016P00756000,2026-09-29 18:45:13+00:00,756.0,4.9,4.92,4.94,-0.089999676,-1.8036008,255.0,2389,0.1281215118408203,False,REGULAR,USD,2026-10-16,P
SPY261016P00757000,2026-09-29 18:30:55+00:00,757.0,5.6,5.18,5.21,0.19000006,3.512016,497.0,27384,0.12674823455810547,False,REGULAR,USD,2026-10-16,P
SPY261016P00758000,2026-09-29 18:52:53+00:00,758.0,5.45,5.47,5.5,-0.06000042,-1.0889368,718.0,5020,0.1254665090942383,False,REGULAR,USD,2026-10-16,P
SPY261016P00759000,2026-09-29 18:44:10+00:00,759.0,5.81,5.74,5.76,0.049999714,0.8680506,794.0,4670,0.12348288635253907,False,REGULAR,USD,2026-10-16,P
SPY261016P00760000,2026-09-29 18:53:44+00:00,760.0,6.08,6.05,6.07,0.01999998,0.3300327,7378.0,22714,0.12201805725097657,False,REGULAR,USD,2026-10-16,P
SPY261016P00761000,2026-09-29 18:44:12+00:00,761.0,6.45,6.38,6.41,0.029999733,0.46728554,648.0,3291,0.1207668490600586,False,REGULAR,USD,2026-10-16,P
SPY261016P00762000,2026-09-29 18:52:25+00:00,762.0,6.76,6.72,6.73,-0.14999962,-2.1707616,665.0,3529,0.11896632995605468,False,REGULAR,USD,2026-10-16,P
SPY261016P00763000,2026-09-29 18:46:18+00:00,763.0,7.05,7.08,7.11,-0.069999695,-0.9831418,867.0,3053,0.11777615631103515,False,REGULAR,USD,2026-10-16,P
SPY261016P00764000,2026-09-29 18:48:22+00:00,764.0,7.59,7.47,7.5,0.19000006,2.5675683,707.0,1969,0.11646391357421876,False,REGULAR,USD,2026-10-16,P
SPY261016P00765000,2026-09-29 18:52:18+00:00,765.0,7.9,7.84,7.86,0.07000017,0.89399964,2296.0,16557,0.11438873901367189,True,REGULAR,USD,2026-10-16,P
SPY261016P00766000,2026-09-29 18:51:34+00:00,766.0,8.32,8.27,8.3,0.10999966,1.3398253,793.0,5158,0.11319856536865235,True,REGULAR,USD,2026-10-16,P
SPY261016P00767000,2026-09-29 18:47:51+00:00,767.0,8.91,8.71,8.75,0.30999947,3.6046448,324.0,6843,0.1118558053588867,True,REGULAR,USD,2026-10-16,P
SPY261016P00768000,2026-09-29 18:53:15+00:00,768.0,9.17,9.18,9.21,0.069999695,0.7692274,490.0,14678,0.11036045898437499,True,REGULAR,USD,2026-10-16,P
SPY261016P00769000,2026-09-29 18:47:31+00:00,769.0,9.8,9.68,9.71,0.03999996,0.40983567,555.0,3715,0.10910925079345701,True,REGULAR,USD,2026-10-16,P
SPY261016P00770000,2026-09-29 18:51:13+00:00,770.0,10.23,10.13,10.24,0.19999981,1.994016,742.0,13465,0.10794959442138671,True,REGULAR,USD,2026-10-16,P
SPY261016P00771000,2026-09-29 17:33:41+00:00,771.0,11.65,10.62,10.76,1.3599997,13.216712,35.0,2062,0.1063016616821289,True,REGULAR,USD,2026-10-16,P
SPY261016P00772000,2026-09-29 18:51:08+00:00,772.0,11.3,11.2,11.36,0.27999973,2.5408323,32.0,2829,0.10550821258544921,True,REGULAR,USD,2026-10-16,P
SPY261016P00773000,2026-09-29 17:42:02+00:00,773.0,13.0,11.76,11.94,1.4099998,12.165659,34.0,1954,0.1040433834838867,True,REGULAR,USD,2026-10-16,P
SPY261016P00774000,2026-09-29 17:33:41+00:00,774.0,13.51,12.38,12.58,2.3500004,21.05735,12.0,2974,0.10315838256835935,True,REGULAR,USD,2026-10-16,P
SPY261016P00775000,2026-09-29 18:29:51+00:00,775.0,12.9,13.04,13.18,0.029999733,0.23309816,816.0,7549,0.10120527709960936,True,REGULAR,USD,2026-10-16,P
SPY261016P00776000,2026-09-29 15:04:58+00:00,776.0,14.1,13.66,13.91,0.6100006,4.5218725,2.0,1449,0.1010832080078125,True,REGULAR,USD,2026-10-16,P
SPY261016P00777000,2026-09-28 16:17:02+00:00,777.0,13.22,14.33,14.6,0.0,0.0,15.0,1403,0.09989303436279298,True,REGULAR,USD,2026-10-16,P
SPY261016P00778000,2026-09-28 17:47:48+00:00,778.0,13.6,14.99,15.28,0.0,0.0,44.0,888,0.09800096343994141,True,REGULAR,USD,2026-10-16,P
SPY261016P00779000,2026-09-29 15:47:19+00:00,779.0,17.37,15.71,16.02,1.920001,12.427192,12.0,931,0.09681078979492189,True,REGULAR,USD,2026-10-16,P
SPY261016P00780000,2026-09-29 17:59:40+00:00,780.0,18.32,16.41,16.78,2.3199997,14.499998,69.0,4766,0.09559009887695313,True,REGULAR,USD,2026-10-16,P
SPY261016P00781000,2026-09-29 16:54:19+00:00,781.0,18.79,17.21,17.59,2.540001,15.6307745,1.0,507,0.09504078796386721,True,REGULAR,USD,2026-10-16,P
SPY261016P00782000,2026-09-28 13:55:27+00:00,782.0,15.74,17.99,18.43,0.0,0.0,4.0,247,0.09479664978027345,True,REGULAR,USD,2026-10-16,P
SPY261016P00783000,2026-09-28 16:10:07+00:00,783.0,18.4,18.85,19.28,0.0,0.0,10.0,283,0.09443044250488282,True,REGULAR,USD,2026-10-16,P
SPY261016P00784000,2026-09-28 13:55:31+00:00,784.0,17.16,19.68,20.09,0.0,0.0,1.0,216,0.09241630249023436,True,REGULAR,USD,2026-10-16,P
SPY261016P00785000,2026-09-29 17:35:21+00:00,785.0,22.05,20.7,20.85,1.789999,8.835138,28.0,7158,0.08777767700195313,True,REGULAR,USD,2026-10-16,P
SPY261016P00786000,2026-09-28 18:27:56+00:00,786.0,19.64,21.45,22.14,0.0,0.0,8.0,117,0.100594931640625,True,REGULAR,USD,2026-10-16,P
SPY261016P00787000,2026-09-28 19:18:56+00:00,787.0,21.46,22.39,23.04,0.0,0.0,91.0,120,0.10071700073242187,True,REGULAR,USD,2026-10-16,P
SPY261016P00788000,2026-09-29 17:27:37+00:00,788.0,25.12,22.16,24.59,4.75,23.318605,6.0,29,0.12043115905761718,True,REGULAR,USD,2026-10-16,P
SPY261016P00789000,2026-09-28 16:16:43+00:00,789.0,23.07,24.25,24.89,0.0,0.0,2.0,107,0.10181562255859375,True,REGULAR,USD,2026-10-16,P
SPY261016P00790000,2026-09-29 14:45:52+00:00,790.0,25.83,25.17,25.83,2.6200008,11.288242,5.0,637,0.10254803710937499,True,REGULAR,USD,2026-10-16,P
SPY261016P00791000,2026-09-29 18:21:21+00:00,791.0,28.32,26.18,26.79,5.119999,22.06896,300.0,149,0.10389079711914062,True,REGULAR,USD,2026-10-16,P
SPY261016P00792000,2026-09-29 18:21:21+00:00,792.0,28.24,25.56,29.28,2.0499992,7.827412,100.0,38,0.15253533020019533,True,REGULAR,USD,2026-10-16,P
SPY261016P00793000,2026-09-29 18:21:21+00:00,793.0,29.2,26.56,30.28,8.400002,40.384624,100.0,37,0.15613636840820314,True,REGULAR,USD,2026-10-16,P
SPY261016P00794000,2026-09-28 14:43:58+00:00,794.0,28.12,27.73,30.71,0.0,0.0,1.0,0,0.14441773559570312,True,REGULAR,USD,2026-10-16,P
SPY261016P00795000,2026-09-29 16:31:55+00:00,795.0,31.75,30.17,30.72,5.6800003,21.787495,1.0,11,0.11231356445312499,True,REGULAR,USD,2026-10-16,P
SPY261016P00796000,2026-09-25 15:58:42+00:00,796.0,26.64,31.14,31.72,0.0,0.0,180.0,1,0.11512115356445313,True,REGULAR,USD,2026-10-16,P
SPY261016P00797000,2026-09-25 15:57:23+00:00,797.0,28.02,30.56,33.72,0.0,0.0,42.0,0,0.15479360839843753,True,REGULAR,USD,2026-10-16,P
SPY261016P00798000,2026-09-25 15:57:23+00:00,798.0,29.01,31.56,34.83,0.0,0.0,36.0,0,0.1613243048095703,True,REGULAR,USD,2026-10-16,P
SPY261016P00799000,2026-09-28 16:24:40+00:00,799.0,31.25,32.56,35.81,0.0,0.0,2.0,0,0.16407085937500002,True,REGULAR,USD,2026-10-16,P
SPY261016P00800000,2026-09-29 18:21:21+00:00,800.0,36.63,35.18,35.72,4.5,14.005602,800.0,535,0.1263515100097656,True,REGULAR,USD,2026-10-16,P
SPY261016P00802000,2026-09-28 16:24:40+00:00,802.0,34.26,35.44,39.18,0.0,0.0,2.0,0,0.18476157043457028,True,REGULAR,USD,2026-10-16,P
SPY261016P00803000,2026-09-28 16:24:40+00:00,803.0,35.26,36.44,40.24,0.0,0.0,2.0,0,0.18982743774414065,True,REGULAR,USD,2026-10-16,P
SPY261016P00804000,2026-09-28 16:24:40+00:00,804.0,36.26,37.44,41.24,0.0,0.0,2.0,0,0.1931843377685547,True,REGULAR,USD,2026-10-16,P
SPY261016P00805000,2026-09-25 16:44:23+00:00,805.0,33.66,38.44,42.24,0.0,0.0,16.0,1,0.19654123779296873,True,REGULAR,USD,2026-10-16,P
SPY261016P00806000,2026-09-25 16:37:10+00:00,806.0,34.79,39.44,43.24,0.0,0.0,3.0,0,0.19983710327148438,True,REGULAR,USD,2026-10-16,P
SPY261016P00807000,2026-09-25 17:15:44+00:00,807.0,35.8,40.44,44.24,0.0,0.0,4.0,0,0.20313296874999998,True,REGULAR,USD,2026-10-16,P
SPY261016P00810000,2026-09-29 18:21:21+00:00,810.0,46.2,43.44,47.24,7.549999,19.534279,50.0,19,0.21289849609375,True,REGULAR,USD,2026-10-16,P
SPY261016P00815000,2026-09-29 18:34:46+00:00,815.0,51.26,48.44,52.24,9.48,22.69028,2.0,2,0.22888954711914064,True,REGULAR,USD,2026-10-16,P
SPY261016P00820000,2026-09-28 14:15:59+00:00,820.0,52.36,53.44,57.24,0.0,0.0,1.0,0,0.24445335632324222,True,REGULAR,USD,2026-10-16,P
SPY261016P00825000,2026-09-22 14:16:15+00:00,825.0,50.74,58.46,62.24,0.0,0.0,1.0,0,0.2597119927978516,True,REGULAR,USD,2026-10-16,P
SPY261016P00830000,2026-09-29 18:21:21+00:00,830.0,66.2,63.48,67.16,0.1499939,0.22709143,52.0,19,0.2718578674316406,True,REGULAR,USD,2026-10-16,P
SPY261016P00835000,2026-09-14 16:57:46+00:00,835.0,73.56,68.45,72.24,0.0,0.0,4.0,0,0.2893747821044921,True,REGULAR,USD,2026-10-16,P
SPY261016P00840000,2026-09-28 14:19:32+00:00,840.0,72.35,73.44,77.24,0.0,0.0,1.0,0,0.30383996948242187,True,REGULAR,USD,2026-10-16,P
SPY261016P00845000,2026-09-23 19:49:42+00:00,845.0,77.08,78.46,82.24,0.0,0.0,2.0,0,0.31799998413085934,True,REGULAR,USD,2026-10-16,P
SPY261016P00850000,2026-09-29 18:34:46+00:00,850.0,86.25,83.44,87.18,1.800003,2.1314423,2.0,8,0.32959654785156245,True,REGULAR,USD,2026-10-16,P
SPY261016P00855000,2026-09-28 19:45:09+00:00,855.0,89.27,88.44,92.21,0.0,0.0,1.0,0,0.34448897705078124,True,REGULAR,USD,2026-10-16,P
SPY261016P00860000,2026-09-18 14:11:49+00:00,860.0,100.0,93.56,97.08,0.0,0.0,1.0,0,0.352545537109375,True,REGULAR,USD,2026-10-16,P
SPY261016P00865000,2026-08-20 14:19:47+00:00,865.0,99.46,0.0,0.0,0.0,0.0,1.0,0,1.0000000000000003e-05,True,REGULAR,USD,2026-10-16,P
SPY261016P00870000,2026-09-14 16:59:30+00:00,870.0,108.55,103.56,106.81,0.0,0.0,,0,0.3660952062988281,True,REGULAR,USD,2026-10-16,P
SPY261016P00875000,2026-09-14 17:01:16+00:00,875.0,113.44,108.56,111.81,0.0,0.0,,0,0.3786683227539062,True,REGULAR,USD,2026-10-16,P
SPY261016P00880000,2026-09-29 18:21:21+00:00,880.0,116.22,113.66,117.24,1.7000046,1.484461,200.0,91,0.41156594299316407,True,REGULAR,USD,2026-10-16,P
SPY261016P00890000,2026-09-14 17:01:16+00:00,890.0,128.43,123.72,126.72,0.0,0.0,,0,0.4106504248046875,True,REGULAR,USD,2026-10-16,P
SPY261016P00895000,2026-09-14 17:01:17+00:00,895.0,133.43,128.73,131.72,0.0,0.0,4.0,0,0.42249112670898437,True,REGULAR,USD,2026-10-16,P
SPY261016P00925000,2026-09-14 16:59:31+00:00,925.0,163.51,158.72,161.7,0.0,0.0,,0,0.48987326538085946,True,REGULAR,USD,2026-10-16,P
SPY261016P00930000,2026-09-02 19:18:14+00:00,930.0,164.9,163.72,166.7,0.0,0.0,,0,0.5008594836425782,True,REGULAR,USD,2026-10-16,P
SPY261016P00935000,2026-09-14 17:01:16+00:00,935.0,173.4,168.74,171.7,0.0,0.0,,0,0.5118457019042968,True,REGULAR,USD,2026-10-16,P
SPY261016P00940000,2026-09-14 16:59:21+00:00,940.0,178.5,173.72,176.7,0.0,0.0,,0,0.5225877819824218,True,REGULAR,USD,2026-10-16,P
SPY261016P00945000,2026-09-14 16:59:29+00:00,945.0,183.5,178.72,181.72,0.0,0.0,,0,0.5346726220703125,True,REGULAR,USD,2026-10-16,P
SPY261016P00950000,2026-09-14 16:59:20+00:00,950.0,188.5,183.56,186.7,0.0,0.0,,0,0.543949873046875,True,REGULAR,USD,2026-10-16,P
SPY261016P00960000,2026-09-14 16:59:31+00:00,960.0,198.49,193.56,196.7,0.0,0.0,,0,0.5648236877441408,True,REGULAR,USD,2026-10-16,P
SPY261016P00970000,2026-09-14 16:59:02+00:00,970.0,208.58,203.56,206.7,0.0,0.0,,0,0.5854533642578125,True,REGULAR,USD,2026-10-16,P
SPY261016P00985000,2026-09-14 16:59:29+00:00,985.0,223.47,218.72,221.7,0.0,0.0,,0,0.6156044299316408,True,REGULAR,USD,2026-10-16,P
SPY261016P00990000,2026-09-22 15:06:28+00:00,990.0,216.29,223.72,226.72,0.0,0.0,2.0,0,0.6269568554687501,True,REGULAR,USD,2026-10-16,P
SPY261016P01000000,2026-06-22 14:16:54+00:00,1000.0,250.79,259.32,262.51,0.0,0.0,,0,1.3360018551635737,True,REGULAR,USD,2026-10-16,P
SPY261023C00500000,2026-09-24 18:36:38+00:00,500.0,268.8,264.32,268.1,0.0,0.0,3.0,25,0.842775009765625,True,REGULAR,USD,2026-10-23,C
SPY261023C00510000,2026-09-29 17:05:12+00:00,510.0,254.24,254.38,257.98,-6.400009,-2.4554975,1.0,1,0.805666005859375,True,REGULAR,USD,2026-10-23,C
SPY261023C00515000,2026-09-10 17:53:11+00:00,515.0,244.5,249.4,253.1,0.0,0.0,,1,0.7954122021484374,True,REGULAR,USD,2026-10-23,C
SPY261023C00520000,2026-09-15 15:30:53+00:00,520.0,237.87,244.42,248.02,0.0,0.0,,4,0.7758811474609376,True,REGULAR,USD,2026-10-23,C
SPY261023C00525000,2026-09-23 15:36:58+00:00,525.0,246.04,239.49,243.0,0.0,0.0,,1,0.7614769946289064,True,REGULAR,USD,2026-10-23,C
SPY261023C00530000,2026-09-21 13:47:00+00:00,530.0,239.24,234.51,238.15,0.0,0.0,1.0,9,0.7521997436523438,True,REGULAR,USD,2026-10-23,C
SPY261023C00535000,2026-09-15 14:26:45+00:00,535.0,223.52,229.48,233.14,0.0,0.0,,1,0.7338893798828124,True,REGULAR,USD,2026-10-23,C
SPY261023C00540000,2026-09-21 13:47:00+00:00,540.0,229.23,224.5,228.1,0.0,0.0,1.0,49,0.716677637939453,True,REGULAR,USD,2026-10-23,C
SPY261023C00550000,2026-09-24 18:28:37+00:00,550.0,219.68,214.54,218.33,0.0,0.0,1.0,5,0.6948272705078126,True,REGULAR,USD,2026-10-23,C
SPY261023C00555000,2026-09-16 19:55:28+00:00,555.0,199.94,209.53,213.35,0.0,0.0,,1,0.6789582885742189,True,REGULAR,USD,2026-10-23,C
SPY261023C00575000,2026-09-25 17:29:37+00:00,575.0,198.03,189.63,193.39,0.0,0.0,1.0,1,0.6197547790527345,True,REGULAR,USD,2026-10-23,C
SPY261023C00580000,2026-09-11 13:34:31+00:00,580.0,186.39,184.68,188.32,0.0,0.0,,1,0.6032754516601564,True,REGULAR,USD,2026-10-23,C
SPY261023C00585000,2026-09-17 13:41:46+00:00,585.0,177.01,179.67,183.3,0.0,0.0,,1,0.5865519860839843,True,REGULAR,USD,2026-10-23,C
SPY261023C00590000,2026-09-17 14:30:43+00:00,590.0,172.87,174.78,178.33,0.0,0.0,,10,0.5754436987304687,True,REGULAR,USD,2026-10-23,C
SPY261023C00595000,2026-09-29 17:53:53+00:00,595.0,169.81,169.72,173.3,-1.75,-1.0200514,1.0,1,0.5570112658691408,True,REGULAR,USD,2026-10-23,C
SPY261023C00600000,2026-09-24 18:27:45+00:00,600.0,170.06,164.81,168.53,0.0,0.0,1.0,2,0.5510298803710938,True,REGULAR,USD,2026-10-23,C
SPY261023C00605000,2026-09-29 17:33:32+00:00,605.0,160.15,159.8,163.54,1.5799866,0.99639684,1.0,0,0.5354050366210938,True,REGULAR,USD,2026-10-23,C
SPY261023C00615000,2026-09-21 13:45:37+00:00,615.0,154.8,149.86,153.59,0.0,0.0,3.0,3,0.5073291455078125,True,REGULAR,USD,2026-10-23,C
SPY261023C00620000,2026-09-18 14:02:56+00:00,620.0,142.33,144.85,148.65,0.0,0.0,4.0,2,0.5751385260009765,True,REGULAR,USD,2026-10-23,C
SPY261023C00625000,2026-09-28 19:12:02+00:00,625.0,143.31,139.89,143.66,0.0,0.0,2.0,4,0.5582929913330079,True,REGULAR,USD,2026-10-23,C
SPY261023C00630000,2026-09-21 20:00:19+00:00,630.0,146.44,134.94,138.68,0.0,0.0,2.0,20,0.5418136639404298,True,REGULAR,USD,2026-10-23,C
SPY261023C00635000,2026-09-17 17:14:07+00:00,635.0,128.93,129.96,133.75,0.0,0.0,,15,0.5271043383789062,True,REGULAR,USD,2026-10-23,C
SPY261023C00640000,2026-09-17 17:14:58+00:00,640.0,124.0,125.01,128.76,0.0,0.0,,0,0.5102588037109376,True,REGULAR,USD,2026-10-23,C
SPY261023C00645000,2026-09-18 20:13:49+00:00,645.0,121.1,120.05,123.83,0.0,0.0,1.0,2,0.4954274090576172,True,REGULAR,USD,2026-10-23,C
SPY261023C00650000,2026-09-21 20:00:19+00:00,650.0,126.66,115.09,118.75,0.0,0.0,2.0,4,0.47577428527832033,True,REGULAR,USD,2026-10-23,C
SPY261023C00655000,2026-09-28 15:39:06+00:00,655.0,112.77,111.22,113.91,0.0,0.0,1.0,23,0.46368944519042965,True,REGULAR,USD,2026-10-23,C
SPY261023C00660000,2026-09-17 17:13:06+00:00,660.0,104.28,105.17,108.27,0.0,0.0,,12,0.4267025103759766,True,REGULAR,USD,2026-10-23,C
SPY261023C00670000,2026-09-16 14:07:33+00:00,670.0,95.52,95.27,99.03,3.0099945,3.2536962,1.0,8,0.41568577484130853,True,REGULAR,USD,2026-10-23,C
SPY261023C00675000,2026-09-28 17:50:03+00:00,675.0,95.01,90.34,94.09,0.0,0.0,2.0,25,0.4000914483642578,True,REGULAR,USD,2026-10-23,C
SPY261023C00680000,2026-09-28 17:50:23+00:00,680.0,90.09,85.4,89.17,0.0,0.0,5.0,26,0.38495488098144526,True,REGULAR,USD,2026-10-23,C
SPY261023C00685000,2026-09-24 14:08:31+00:00,685.0,84.3,80.42,84.24,0.0,0.0,1.0,6,0.3693300372314453,True,REGULAR,USD,2026-10-23,C
SPY261023C00690000,2026-09-29 15:40:02+00:00,690.0,76.31,75.52,79.34,-12.75,-14.316192,1.0,5,0.35431553894042955,True,REGULAR,USD,2026-10-23,C
SPY261023C00695000,2026-09-29 15:40:49+00:00,695.0,71.63,70.55,74.41,-1.6200027,-2.211608,1.0,21,0.33838552246093745,True,REGULAR,USD,2026-10-23,C
SPY261023C00700000,2026-09-29 13:30:03+00:00,700.0,69.67,65.67,69.53,-7.2000046,-9.366468,3.0,49,0.3233710241699218,True,REGULAR,USD,2026-10-23,C
SPY261023C00705000,2026-09-28 19:35:56+00:00,705.0,64.13,60.93,64.44,0.0,0.0,7.0,46,0.3035042794799804,True,REGULAR,USD,2026-10-23,C
SPY261023C00710000,2026-09-28 15:00:18+00:00,710.0,57.87,56.04,59.54,0.0,0.0,1.0,16,0.28766581481933584,True,REGULAR,USD,2026-10-23,C
SPY261023C00715000,2026-09-22 17:15:13+00:00,715.0,62.31,51.24,54.74,0.0,0.0,4.0,13,0.2735058001708984,True,REGULAR,USD,2026-10-23,C
SPY261023C00720000,2026-09-29 15:31:59+00:00,720.0,47.0,46.49,50.0,-5.6800003,-10.782081,6.0,113,0.25998664825439455,True,REGULAR,USD,2026-10-23,C
SPY261023C00721000,2026-09-28 16:17:02+00:00,721.0,49.57,45.58,49.06,0.0,0.0,1.0,8,0.25736216278076174,True,REGULAR,USD,2026-10-23,C
SPY261023C00722000,2026-09-24 14:56:22+00:00,722.0,48.46,44.64,48.11,0.0,0.0,2.0,3,0.25452405639648445,True,REGULAR,USD,2026-10-23,C
SPY261023C00723000,2026-09-29 16:42:19+00:00,723.0,44.22,43.71,47.17,-7.279999,-14.13592,1.0,11,0.25180801910400386,True,REGULAR,USD,2026-10-23,C
SPY261023C00725000,2026-09-29 18:04:17+00:00,725.0,42.64,41.85,43.94,1.3800011,3.3446465,20.0,94,0.22086350433349605,True,REGULAR,USD,2026-10-23,C
SPY261023C00726000,2026-09-16 19:14:44+00:00,726.0,33.62,40.92,43.05,0.0,0.0,,26,0.21933764068603517,True,REGULAR,USD,2026-10-23,C
SPY261023C00727000,2026-09-28 19:37:25+00:00,727.0,42.84,39.99,42.12,0.0,0.0,2.0,186,0.2169878106689453,True,REGULAR,USD,2026-10-23,C
SPY261023C00728000,2026-09-29 16:32:30+00:00,728.0,39.8,39.04,41.16,-9.860001,-19.855015,1.0,52,0.2140276351928711,True,REGULAR,USD,2026-10-23,C
SPY261023C00729000,2026-09-22 14:04:07+00:00,729.0,49.73,38.26,40.24,0.0,0.0,3.0,5,0.2117998742675781,True,REGULAR,USD,2026-10-23,C
SPY261023C00730000,2026-09-29 14:04:16+00:00,730.0,38.77,37.4,39.3,-4.5600014,-10.523889,1.0,64,0.20914487152099603,True,REGULAR,USD,2026-10-23,C
SPY261023C00732000,2026-09-28 16:16:01+00:00,732.0,38.56,35.66,37.49,0.0,0.0,1.0,30,0.2049640051269531,True,REGULAR,USD,2026-10-23,C
SPY261023C00733000,2026-09-29 15:47:18+00:00,733.0,35.44,34.84,36.55,-3.4700012,-8.918019,3.0,10,0.20218693328857418,True,REGULAR,USD,2026-10-23,C
SPY261023C00734000,2026-09-29 15:47:18+00:00,734.0,34.54,35.28,35.64,-1.5,-4.162042,1.0,2,0.1998981378173828,True,REGULAR,USD,2026-10-23,C
SPY261023C00735000,2026-09-29 15:18:09+00:00,735.0,33.85,34.41,34.78,-3.3199997,-8.931934,1.0,142,0.1984027914428711,True,REGULAR,USD,2026-10-23,C
SPY261023C00736000,2026-09-29 14:59:30+00:00,736.0,33.8,33.51,33.84,0.79999924,2.42424,1.0,27,0.19547313323974608,True,REGULAR,USD,2026-10-23,C
SPY261023C00737000,2026-09-25 14:52:24+00:00,737.0,36.14,32.62,32.96,0.0,0.0,4.0,14,0.19348951049804688,True,REGULAR,USD,2026-10-23,C
SPY261023C00739000,2026-09-29 18:20:57+00:00,739.0,30.64,30.87,31.2,-2.8600006,-8.537315,1.0,9,0.18936967864990234,True,REGULAR,USD,2026-10-23,C
SPY261023C00740000,2026-09-29 18:00:00+00:00,740.0,28.72,30.0,30.32,-3.8099995,-11.712264,1.0,172,0.1871724349975586,True,REGULAR,USD,2026-10-23,C
SPY261023C00741000,2026-09-29 18:20:57+00:00,741.0,28.93,29.14,29.43,1.8099995,6.674039,7.0,7,0.18479208770751948,True,REGULAR,USD,2026-10-23,C
SPY261023C00742000,2026-09-28 16:16:42+00:00,742.0,28.05,28.28,28.59,-1.9099998,-6.3751664,1.0,113,0.18308312042236324,True,REGULAR,USD,2026-10-23,C
SPY261023C00743000,2026-09-28 16:55:22+00:00,743.0,29.97,27.44,27.73,0.0,0.0,30.0,9,0.1810079458618164,True,REGULAR,USD,2026-10-23,C
SPY261023C00744000,2026-09-24 15:11:55+00:00,744.0,27.62,26.6,26.88,0.0,0.0,7.0,11,0.17899380584716795,True,REGULAR,USD,2026-10-23,C
SPY261023C00745000,2026-09-29 18:04:17+00:00,745.0,24.97,25.76,25.99,-4.01,-13.837131,22.0,111,0.17630828582763675,True,REGULAR,USD,2026-10-23,C
SPY261023C00746000,2026-09-29 14:20:39+00:00,746.0,25.35,24.92,25.19,-0.9699993,-3.6854079,1.0,46,0.17487397399902344,True,REGULAR,USD,2026-10-23,C
SPY261023C00747000,2026-09-29 14:02:00+00:00,747.0,24.5,24.08,24.34,-0.29999924,-1.2096744,1.0,63,0.1726156958007813,True,REGULAR,USD,2026-10-23,C
SPY261023C00748000,2026-09-24 17:39:23+00:00,748.0,26.39,23.29,23.53,0.0,0.0,12.0,57,0.1708456939697266,True,REGULAR,USD,2026-10-23,C
SPY261023C00749000,2026-09-28 16:54:59+00:00,749.0,24.85,22.47,22.68,0.0,0.0,71.0,35,0.1684043121337891,True,REGULAR,USD,2026-10-23,C
SPY261023C00750000,2026-09-29 17:27:37+00:00,750.0,20.64,21.7,21.92,-3.3700008,-14.035822,511.0,479,0.1671225866699219,True,REGULAR,USD,2026-10-23,C
SPY261023C00751000,2026-09-29 16:28:44+00:00,751.0,20.0,20.89,21.11,-3.6900005,-15.576195,5.0,353,0.165047412109375,True,REGULAR,USD,2026-10-23,C
SPY261023C00752000,2026-09-28 14:55:43+00:00,752.0,19.9,20.12,20.32,0.0,0.0,2.0,346,0.16312482391357425,True,REGULAR,USD,2026-10-23,C
SPY261023C00753000,2026-09-29 15:11:08+00:00,753.0,18.96,19.34,19.55,-1.5,-7.3313785,1.0,85,0.1613700807189941,True,REGULAR,USD,2026-10-23,C
SPY261023C00754000,2026-09-28 17:11:30+00:00,754.0,21.23,18.59,18.76,0.0,0.0,3.0,194,0.1592186129760742,True,REGULAR,USD,2026-10-23,C
SPY261023C00755000,2026-09-29 16:23:32+00:00,755.0,16.87,17.88,18.01,-2.3099995,-12.043792,3.0,129,0.15750964569091797,True,REGULAR,USD,2026-10-23,C
SPY261023C00756000,2026-09-29 15:26:51+00:00,756.0,16.0,17.11,17.27,-2.1200008,-11.699783,2.0,45,0.15580067840576173,True,REGULAR,USD,2026-10-23,C
SPY261023C00757000,2026-09-28 14:54:31+00:00,757.0,16.73,16.38,16.52,0.37999916,2.324154,1.0,288,0.1538170556640625,True,REGULAR,USD,2026-10-23,C
SPY261023C00758000,2026-09-29 15:23:15+00:00,758.0,14.79,15.66,15.83,-3.21,-17.833334,5.0,301,0.1524742956542969,True,REGULAR,USD,2026-10-23,C
SPY261023C00759000,2026-09-29 16:20:59+00:00,759.0,15.0,14.96,15.08,-2.7000008,-15.25424,14.0,633,0.15021601745605473,True,REGULAR,USD,2026-10-23,C
SPY261023C00760000,2026-09-29 18:47:46+00:00,760.0,14.18,14.27,14.4,-0.8800001,-5.843294,542.0,1231,0.14872067108154297,True,REGULAR,USD,2026-10-23,C
SPY261023C00761000,2026-09-29 18:44:26+00:00,761.0,13.68,13.6,13.73,-1.0699997,-7.2542353,10.0,464,0.14722532470703126,True,REGULAR,USD,2026-10-23,C
SPY261023C00762000,2026-09-29 18:20:53+00:00,762.0,12.61,12.93,13.07,-2.4700003,-16.379313,94.0,271,0.1456689437866211,True,REGULAR,USD,2026-10-23,C
SPY261023C00763000,2026-09-29 18:40:54+00:00,763.0,12.53,12.26,12.38,-0.8000002,-6.0015016,202.0,589,0.14357851058959958,True,REGULAR,USD,2026-10-23,C
SPY261023C00764000,2026-09-29 18:53:13+00:00,764.0,11.76,11.65,11.74,-0.65999985,-5.314008,376.0,332,0.14196109512329103,True,REGULAR,USD,2026-10-23,C
SPY261023C00765000,2026-09-29 18:52:52+00:00,765.0,11.11,11.09,11.13,-0.6000004,-5.123829,729.0,1716,0.14054204193115233,False,REGULAR,USD,2026-10-23,C
SPY261023C00766000,2026-09-29 18:52:04+00:00,766.0,10.48,10.48,10.51,-0.7800007,-6.9271817,474.0,838,0.1388330746459961,False,REGULAR,USD,2026-10-23,C
SPY261023C00767000,2026-09-29 18:45:40+00:00,767.0,10.0,9.9,9.93,-0.47000027,-4.4890184,457.0,450,0.13742928009033206,False,REGULAR,USD,2026-10-23,C
SPY261023C00768000,2026-09-29 18:48:32+00:00,768.0,9.24,9.33,9.36,-0.84000015,-8.333335,318.0,2292,0.13596445098876953,False,REGULAR,USD,2026-10-23,C
SPY261023C00769000,2026-09-29 18:48:14+00:00,769.0,8.69,8.78,8.81,-0.9300003,-9.667363,356.0,335,0.1345606564331055,False,REGULAR,USD,2026-10-23,C
SPY261023C00770000,2026-09-29 18:49:49+00:00,770.0,8.24,8.24,8.26,-0.59000015,-6.6817684,990.0,2815,0.1329737582397461,False,REGULAR,USD,2026-10-23,C
SPY261023C00771000,2026-09-29 18:48:11+00:00,771.0,7.66,7.74,7.77,-0.7300005,-8.700839,378.0,868,0.1319361709594727,False,REGULAR,USD,2026-10-23,C
SPY261023C00772000,2026-09-29 18:49:49+00:00,772.0,7.24,7.23,7.26,-0.5500002,-7.060336,2579.0,1120,0.13044082458496092,False,REGULAR,USD,2026-10-23,C
SPY261023C00773000,2026-09-29 18:13:46+00:00,773.0,6.62,6.77,6.8,-0.7800002,-10.540544,540.0,452,0.12935746139526366,False,REGULAR,USD,2026-10-23,C
SPY261023C00774000,2026-09-29 18:13:46+00:00,774.0,5.92,6.32,6.35,-1.2599998,-17.548744,673.0,987,0.12821306365966795,False,REGULAR,USD,2026-10-23,C
SPY261023C00775000,2026-09-29 18:47:01+00:00,775.0,5.92,5.89,5.92,-0.4000001,-6.329115,1614.0,1623,0.12708392456054687,False,REGULAR,USD,2026-10-23,C
SPY261023C00776000,2026-09-29 18:52:52+00:00,776.0,5.49,5.48,5.51,-0.4000001,-6.791173,2471.0,537,0.1260310786437988,False,REGULAR,USD,2026-10-23,C
SPY261023C00777000,2026-09-29 18:42:09+00:00,777.0,5.25,5.08,5.1,-0.23999977,-4.3715806,554.0,830,0.12473409454345702,False,REGULAR,USD,2026-10-23,C
SPY261023C00778000,2026-09-29 18:30:17+00:00,778.0,4.58,4.71,4.74,-0.5300002,-10.371824,350.0,677,0.12391012817382813,False,REGULAR,USD,2026-10-23,C
SPY261023C00779000,2026-09-29 18:48:34+00:00,779.0,4.31,4.36,4.39,-0.5500002,-11.316876,235.0,833,0.12296409271240236,False,REGULAR,USD,2026-10-23,C
SPY261023C00780000,2026-09-29 18:42:55+00:00,780.0,4.13,4.02,4.05,-0.21999979,-5.0574665,764.0,955,0.12195702270507813,False,REGULAR,USD,2026-10-23,C
SPY261023C00781000,2026-09-29 17:28:39+00:00,781.0,3.29,3.72,3.74,-0.77,-18.965517,88.0,904,0.12113305633544921,False,REGULAR,USD,2026-10-23,C
SPY261023C00782000,2026-09-29 18:42:27+00:00,782.0,3.5,3.42,3.44,-0.32999992,-8.616186,178.0,807,0.12024805541992187,False,REGULAR,USD,2026-10-23,C
SPY261023C00783000,2026-09-29 18:16:36+00:00,783.0,2.94,3.14,3.17,-0.5999999,-16.94915,211.0,730,0.11957667541503905,False,REGULAR,USD,2026-10-23,C
SPY261023C00784000,2026-09-29 18:38:21+00:00,784.0,2.79,2.88,2.91,-0.54999995,-16.467066,63.0,977,0.11881374359130858,False,REGULAR,USD,2026-10-23,C
SPY261023C00785000,2026-09-29 18:30:15+00:00,785.0,2.51,2.65,2.67,-0.49,-16.333334,211.0,1051,0.11814236358642577,False,REGULAR,USD,2026-10-23,C
SPY261023C00786000,2026-09-29 18:18:52+00:00,786.0,2.46,2.42,2.45,-0.3599999,-12.765954,129.0,1012,0.11759305267333985,False,REGULAR,USD,2026-10-23,C
SPY261023C00787000,2026-09-29 18:45:40+00:00,787.0,2.26,2.22,2.24,-0.32999992,-12.74131,32.0,649,0.11698270721435547,False,REGULAR,USD,2026-10-23,C
SPY261023C00788000,2026-09-29 18:00:27+00:00,788.0,1.84,2.03,2.05,-0.44999993,-19.650652,17.0,885,0.1165249481201172,False,REGULAR,USD,2026-10-23,C
SPY261023C00789000,2026-09-29 18:20:42+00:00,789.0,1.72,1.84,1.87,-0.3399999,-16.50485,64.0,1080,0.11597563720703125,False,REGULAR,USD,2026-10-23,C
SPY261023C00790000,2026-09-29 18:52:53+00:00,790.0,1.7,1.68,1.7,-0.21999991,-11.458328,737.0,2395,0.11542632629394532,False,REGULAR,USD,2026-10-23,C
SPY261023C00791000,2026-09-29 18:08:42+00:00,791.0,1.39,1.53,1.55,-0.38,-21.468927,10.0,965,0.11506011901855469,False,REGULAR,USD,2026-10-23,C
SPY261023C00792000,2026-09-29 17:55:44+00:00,792.0,1.17,1.4,1.42,-0.46000004,-28.220861,18.0,568,0.1149075326538086,False,REGULAR,USD,2026-10-23,C
SPY261023C00793000,2026-09-29 17:09:43+00:00,793.0,1.11,1.27,1.3,-0.34000003,-23.448278,32.0,776,0.11481598083496095,False,REGULAR,USD,2026-10-23,C
SPY261023C00794000,2026-09-29 17:10:51+00:00,794.0,0.97,1.15,1.17,-0.35000002,-26.515154,30.0,745,0.11420563537597657,False,REGULAR,USD,2026-10-23,C
SPY261023C00795000,2026-09-29 18:41:49+00:00,795.0,1.1,1.05,1.07,-0.06999993,-5.9829006,908.0,2301,0.11414460083007813,False,REGULAR,USD,2026-10-23,C
SPY261023C00796000,2026-09-29 18:20:43+00:00,796.0,0.88,0.96,0.97,-0.22000003,-20.000004,109.0,905,0.11390046264648437,False,REGULAR,USD,2026-10-23,C
SPY261023C00797000,2026-09-29 18:42:13+00:00,797.0,0.92,0.86,0.87,-0.06999999,-7.070706,3777.0,1084,0.11341218627929686,False,REGULAR,USD,2026-10-23,C
SPY261023C00798000,2026-09-29 16:41:02+00:00,798.0,0.66,0.79,0.81,-0.22999996,-25.842693,8.0,1394,0.11396149719238281,False,REGULAR,USD,2026-10-23,C
SPY261023C00799000,2026-09-29 15:42:25+00:00,799.0,0.65,0.72,0.74,-0.27000004,-29.34783,36.0,1411,0.11402253173828125,False,REGULAR,USD,2026-10-23,C
SPY261023C00800000,2026-09-29 18:40:20+00:00,800.0,0.66,0.65,0.67,-0.089999974,-11.999996,914.0,7119,0.11390046264648437,False,REGULAR,USD,2026-10-23,C
SPY261023C00801000,2026-09-29 18:39:20+00:00,801.0,0.6,0.59,0.61,-0.07999998,-11.764703,79.0,1024,0.11396149719238281,False,REGULAR,USD,2026-10-23,C
SPY261023C00802000,2026-09-29 18:23:18+00:00,802.0,0.53,0.54,0.56,-0.21000004,-28.378384,95.0,845,0.11426666992187501,False,REGULAR,USD,2026-10-23,C
SPY261023C00803000,2026-09-29 15:44:38+00:00,803.0,0.44,0.5,0.51,-0.23000002,-34.32836,248.0,647,0.11438873901367189,False,REGULAR,USD,2026-10-23,C
SPY261023C00804000,2026-09-29 17:07:28+00:00,804.0,0.38,0.45,0.47,-0.120000005,-24.0,123.0,741,0.1147549462890625,False,REGULAR,USD,2026-10-23,C
SPY261023C00805000,2026-09-29 17:05:18+00:00,805.0,0.35,0.41,0.43,-0.120000005,-25.531916,114.0,624,0.11499908447265625,False,REGULAR,USD,2026-10-23,C
SPY261023C00806000,2026-09-29 17:10:08+00:00,806.0,0.32,0.38,0.39,-0.13,-28.88889,55.0,684,0.11499908447265625,False,REGULAR,USD,2026-10-23,C
SPY261023C00807000,2026-09-29 18:39:20+00:00,807.0,0.35,0.35,0.36,-0.09,-20.454546,263.0,363,0.11548736083984376,False,REGULAR,USD,2026-10-23,C
SPY261023C00808000,2026-09-29 17:03:07+00:00,808.0,0.26,0.31,0.33,-0.100000024,-27.777782,62.0,287,0.11585356811523437,False,REGULAR,USD,2026-10-23,C
SPY261023C00809000,2026-09-29 18:02:43+00:00,809.0,0.25,0.29,0.31,-0.13,-34.210526,103.0,372,0.1167080517578125,False,REGULAR,USD,2026-10-23,C
SPY261023C00810000,2026-09-29 17:42:49+00:00,810.0,0.22,0.27,0.28,-0.08000001,-26.666668,113.0,714,0.1167080517578125,False,REGULAR,USD,2026-10-23,C
SPY261023C00811000,2026-09-29 15:19:59+00:00,811.0,0.22,0.25,0.26,-0.08000001,-26.666668,58.0,242,0.11731839721679688,False,REGULAR,USD,2026-10-23,C
SPY261023C00812000,2026-09-29 14:53:26+00:00,812.0,0.23,0.23,0.24,-0.059999987,-20.689651,1.0,614,0.1176846044921875,False,REGULAR,USD,2026-10-23,C
SPY261023C00813000,2026-09-29 15:13:43+00:00,813.0,0.2,0.21,0.23,-0.08999999,-31.034481,1.0,257,0.11890529541015624,False,REGULAR,USD,2026-10-23,C
SPY261023C00814000,2026-09-29 16:10:16+00:00,814.0,0.17,0.2,0.21,-0.10000001,-37.03704,8.0,581,0.11914943359374999,False,REGULAR,USD,2026-10-23,C
SPY261023C00815000,2026-09-29 17:05:18+00:00,815.0,0.15,0.19,0.2,-0.03999999,-21.052628,271.0,1468,0.12024805541992187,False,REGULAR,USD,2026-10-23,C
SPY261023C00816000,2026-09-29 13:30:21+00:00,816.0,0.18,0.17,0.18,-0.03999999,-18.181814,1037.0,327,0.12024805541992187,False,REGULAR,USD,2026-10-23,C
SPY261023C00817000,2026-09-25 19:10:49+00:00,817.0,0.19,0.16,0.17,-0.120000005,-38.70968,3.0,78,0.1211025390625,False,REGULAR,USD,2026-10-23,C
SPY261023C00818000,2026-09-28 14:44:48+00:00,818.0,0.18,0.15,0.16,0.010000005,5.8823557,8.0,80,0.12183495361328125,False,REGULAR,USD,2026-10-23,C
SPY261023C00819000,2026-09-28 16:20:34+00:00,819.0,0.17,0.15,0.16,-0.010000005,-5.555558,116.0,110,0.12378805908203125,False,REGULAR,USD,2026-10-23,C
SPY261023C00820000,2026-09-29 17:42:49+00:00,820.0,0.11,0.14,0.15,-0.049999997,-31.249998,35.0,353,0.1245204736328125,False,REGULAR,USD,2026-10-23,C
SPY261023C00821000,2026-09-29 18:39:23+00:00,821.0,0.13,0.13,0.14,-0.040000007,-23.529415,90.0,137,0.12500875,False,REGULAR,USD,2026-10-23,C
SPY261023C00822000,2026-09-25 15:58:53+00:00,822.0,0.2,0.12,0.13,0.0,0.0,95.0,181,0.12574116455078127,False,REGULAR,USD,2026-10-23,C
SPY261023C00823000,2026-09-29 15:38:48+00:00,823.0,0.11,0.12,0.13,-0.030000001,-21.428572,1.0,229,0.1274501318359375,False,REGULAR,USD,2026-10-23,C
SPY261023C00824000,2026-09-29 13:39:43+00:00,824.0,0.11,0.11,0.12,-0.11,-50.0,1.0,25,0.127938408203125,False,REGULAR,USD,2026-10-23,C
SPY261023C00825000,2026-09-29 16:02:23+00:00,825.0,0.09,0.1,0.11,-0.009999998,-9.999997,8.0,1304,0.12818254638671872,False,REGULAR,USD,2026-10-23,C
SPY261023C00830000,2026-09-29 17:18:50+00:00,830.0,0.08,0.08,0.09,-0.030000001,-27.272728,14.0,1522,0.1333094482421875,False,REGULAR,USD,2026-10-23,C
SPY261023C00835000,2026-09-28 19:10:28+00:00,835.0,0.08,0.07,0.08,0.0,0.0,1.0,416,0.13990117919921874,False,REGULAR,USD,2026-10-23,C
SPY261023C00840000,2026-09-29 15:32:51+00:00,840.0,0.05,0.05,0.06,0.0,0.0,67.0,116,0.1430749755859375,False,REGULAR,USD,2026-10-23,C
SPY261023C00845000,2026-09-29 16:09:52+00:00,845.0,0.04,0.04,0.05,-0.010000002,-20.000002,48.0,128,0.148446015625,False,REGULAR,USD,2026-10-23,C
SPY261023C00850000,2026-09-28 18:19:24+00:00,850.0,0.04,0.03,0.04,0.0,0.0,24.0,431,0.15235222656250003,False,REGULAR,USD,2026-10-23,C
SPY261023C00855000,2026-09-28 20:05:36+00:00,855.0,0.03,0.03,0.04,0.0,0.0,48.0,172,0.1596763720703125,False,REGULAR,USD,2026-10-23,C
SPY261023C00860000,2026-09-29 14:01:44+00:00,860.0,0.02,0.02,0.03,0.0,0.0,5.0,202,0.16211775390625,False,REGULAR,USD,2026-10-23,C
SPY261023C00865000,2026-09-23 19:52:34+00:00,865.0,0.03,0.02,0.03,0.0,0.0,289.0,408,0.16993017578125003,False,REGULAR,USD,2026-10-23,C
SPY261023C00870000,2026-09-28 15:15:12+00:00,870.0,0.01,0.02,0.03,0.0,0.0,4.0,210,0.176766044921875,False,REGULAR,USD,2026-10-23,C
SPY261023C00875000,2026-09-25 14:47:32+00:00,875.0,0.02,0.01,0.02,0.0,0.0,3.0,213,0.176766044921875,False,REGULAR,USD,2026-10-23,C
SPY261023C00880000,2026-09-11 20:14:57+00:00,880.0,0.03,0.01,0.02,0.0,0.0,24.0,116,0.18360191406249998,False,REGULAR,USD,2026-10-23,C
SPY261023C00885000,2026-09-28 17:36:35+00:00,885.0,0.02,0.01,0.02,0.0,0.0,1000.0,1005,0.19043778320312502,False,REGULAR,USD,2026-10-23,C
SPY261023C00890000,2026-09-25 17:34:20+00:00,890.0,0.01,0.01,0.02,0.0,0.0,1.0,25,0.19727365234375,False,REGULAR,USD,2026-10-23,C
SPY261023C00895000,2026-09-22 19:50:09+00:00,895.0,0.03,0.01,0.02,0.0,0.0,2.0,26,0.20313296874999998,False,REGULAR,USD,2026-10-23,C
SPY261023C00905000,2026-09-24 17:54:40+00:00,905.0,0.01,0.0,0.01,0.0,0.0,1.0,10,0.20313296874999998,False,REGULAR,USD,2026-10-23,C
SPY261023C00915000,2026-09-10 20:13:53+00:00,915.0,0.02,0.0,0.01,0.0,0.0,,6,0.2148516015625,False,REGULAR,USD,2026-10-23,C
SPY261023C00920000,2026-09-17 16:21:52+00:00,920.0,0.01,0.0,0.01,0.0,0.0,,50,0.22266402343749997,False,REGULAR,USD,2026-10-23,C
SPY261023C00930000,2026-09-21 13:45:29+00:00,930.0,0.02,0.0,0.01,0.0,0.0,,1,0.23438265625,False,REGULAR,USD,2026-10-23,C
SPY261023P00500000,2026-09-29 18:29:02+00:00,500.0,0.04,0.04,0.05,-0.010000002,-20.000002,151.0,1911,0.5546919531250001,False,REGULAR,USD,2026-10-23,P
SPY261023P00505000,2026-09-29 15:43:10+00:00,505.0,0.05,0.05,0.06,-0.009999998,-16.666662,54.0,7,0.5537154003906251,False,REGULAR,USD,2026-10-23,P
SPY261023P00510000,2026-09-25 17:38:53+00:00,510.0,0.06,0.05,0.06,0.0,0.0,1.0,13,0.5410202148437502,False,REGULAR,USD,2026-10-23,P
SPY261023P00515000,2026-09-15 17:48:57+00:00,515.0,0.23,0.05,0.06,0.0,0.0,2.0,3,0.5293015820312501,False,REGULAR,USD,2026-10-23,P
SPY261023P00520000,2026-09-24 13:35:20+00:00,520.0,0.1,0.06,0.07,0.0,0.0,1.0,3,0.52539537109375,False,REGULAR,USD,2026-10-23,P
SPY261023P00525000,2026-09-21 13:35:09+00:00,525.0,0.11,0.06,0.07,0.0,0.0,1.0,25,0.5136767382812499,False,REGULAR,USD,2026-10-23,P
SPY261023P00530000,2026-09-24 14:07:11+00:00,530.0,0.08,0.06,0.07,-0.030000001,-27.272728,1.0,14,0.5019581054687501,False,REGULAR,USD,2026-10-23,P
SPY261023P00535000,2026-09-22 13:34:46+00:00,535.0,0.1,0.07,0.08,0.0,0.0,1.0,18,0.500005,False,REGULAR,USD,2026-10-23,P
SPY261023P00540000,2026-09-29 13:30:00+00:00,540.0,0.08,0.07,0.08,-0.010000005,-11.111116,10.0,89,0.48828636718750007,False,REGULAR,USD,2026-10-23,P
SPY261023P00545000,2026-09-25 17:39:05+00:00,545.0,0.11,0.08,0.09,0.0,0.0,1.0,54,0.48242705078125003,False,REGULAR,USD,2026-10-23,P
SPY261023P00550000,2026-09-28 17:25:01+00:00,550.0,0.11,0.09,0.1,0.0,0.0,11.0,221,0.47559118164062497,False,REGULAR,USD,2026-10-23,P
SPY261023P00555000,2026-09-21 14:28:20+00:00,555.0,0.15,0.09,0.1,0.0,0.0,1.0,14,0.46289599609375004,False,REGULAR,USD,2026-10-23,P
SPY261023P00560000,2026-09-24 14:05:03+00:00,560.0,0.17,0.1,0.11,0.0,0.0,5.0,12,0.45606012695312503,False,REGULAR,USD,2026-10-23,P
SPY261023P00565000,2026-09-29 15:21:28+00:00,565.0,0.12,0.11,0.12,-0.080000006,-40.000004,2.0,232,0.44824770507812495,False,REGULAR,USD,2026-10-23,P
SPY261023P00570000,2026-09-28 16:12:53+00:00,570.0,0.15,0.11,0.12,0.0,0.0,1.0,37,0.436529072265625,False,REGULAR,USD,2026-10-23,P
SPY261023P00575000,2026-09-28 17:49:56+00:00,575.0,0.14,0.12,0.13,0.0,0.0,1.0,25,0.428716650390625,False,REGULAR,USD,2026-10-23,P
SPY261023P00580000,2026-09-25 18:28:57+00:00,580.0,0.16,0.13,0.14,0.0,0.0,5.0,67,0.41992767578125,False,REGULAR,USD,2026-10-23,P
SPY261023P00585000,2026-09-25 17:09:31+00:00,585.0,0.18,0.14,0.15,0.0,0.0,1.0,12,0.4116269775390625,False,REGULAR,USD,2026-10-23,P
SPY261023P00590000,2026-09-29 16:07:10+00:00,590.0,0.18,0.15,0.16,-0.019999996,-9.999997,3.0,236,0.4028380029296875,False,REGULAR,USD,2026-10-23,P
SPY261023P00595000,2026-09-28 19:09:03+00:00,595.0,0.18,0.16,0.17,0.0,0.0,33.0,43,0.3940490283203125,False,REGULAR,USD,2026-10-23,P
SPY261023P00600000,2026-09-28 19:09:03+00:00,600.0,0.18,0.17,0.18,-0.029999986,-14.285707,2.0,388,0.38477177734374995,False,REGULAR,USD,2026-10-23,P
SPY261023P00605000,2026-09-29 15:13:57+00:00,605.0,0.2,0.18,0.19,-0.049999997,-19.999998,1.0,200,0.3754945263671875,False,REGULAR,USD,2026-10-23,P
SPY261023P00610000,2026-09-29 14:26:46+00:00,610.0,0.2,0.19,0.2,-0.03999999,-16.666662,7.0,240,0.366217275390625,False,REGULAR,USD,2026-10-23,P
SPY261023P00615000,2026-09-28 14:40:41+00:00,615.0,0.25,0.21,0.22,0.0,0.0,76.0,107,0.358404853515625,False,REGULAR,USD,2026-10-23,P
SPY261023P00620000,2026-09-28 14:54:02+00:00,620.0,0.29,0.22,0.23,0.0,0.0,10.0,324,0.348639326171875,False,REGULAR,USD,2026-10-23,P
SPY261023P00625000,2026-09-28 13:57:31+00:00,625.0,0.28,0.24,0.25,0.0,0.0,8.0,465,0.34058276611328125,False,REGULAR,USD,2026-10-23,P
SPY261023P00630000,2026-09-29 14:01:52+00:00,630.0,0.29,0.25,0.26,0.0,0.0,15.0,115,0.3305731005859375,False,REGULAR,USD,2026-10-23,P
SPY261023P00635000,2026-09-28 18:03:35+00:00,635.0,0.31,0.27,0.28,0.0,0.0,41.0,140,0.3217841259765625,False,REGULAR,USD,2026-10-23,P
SPY261023P00640000,2026-09-29 17:04:48+00:00,640.0,0.35,0.29,0.3,0.00999999,2.9411736,5.0,373,0.3129951513671875,False,REGULAR,USD,2026-10-23,P
SPY261023P00645000,2026-09-29 16:02:23+00:00,645.0,0.37,0.31,0.32,-0.030000001,-7.5,8.0,114,0.30371790039062496,False,REGULAR,USD,2026-10-23,P
SPY261023P00650000,2026-09-29 15:36:56+00:00,650.0,0.37,0.34,0.35,-0.03999999,-9.756095,229.0,1400,0.29566134033203123,False,REGULAR,USD,2026-10-23,P
SPY261023P00655000,2026-09-29 16:02:23+00:00,655.0,0.43,0.37,0.38,-0.049999982,-10.416663,16.0,250,0.28711650390624993,False,REGULAR,USD,2026-10-23,P
SPY261023P00660000,2026-09-28 14:10:01+00:00,660.0,0.44,0.4,0.41,0.0,0.0,193.0,317,0.27808339111328123,False,REGULAR,USD,2026-10-23,P
SPY261023P00665000,2026-09-29 16:40:15+00:00,665.0,0.48,0.43,0.44,0.01999998,4.3478217,199.0,1375,0.2688061401367187,False,REGULAR,USD,2026-10-23,P
SPY261023P00670000,2026-09-29 16:14:17+00:00,670.0,0.55,0.47,0.48,0.02000004,3.7735927,6.0,1438,0.2601392346191406,False,REGULAR,USD,2026-10-23,P
SPY261023P00675000,2026-09-29 15:06:23+00:00,675.0,0.53,0.51,0.52,-0.04000002,-7.017547,37.0,2572,0.25098405273437496,False,REGULAR,USD,2026-10-23,P
SPY261023P00680000,2026-09-29 16:54:14+00:00,680.0,0.65,0.56,0.57,0.029999971,4.838705,84.0,1139,0.24231714721679687,False,REGULAR,USD,2026-10-23,P
SPY261023P00685000,2026-09-29 16:19:18+00:00,685.0,0.72,0.62,0.63,-0.059999943,-7.692301,66.0,1617,0.2337723107910156,False,REGULAR,USD,2026-10-23,P
SPY261023P00690000,2026-09-29 16:54:14+00:00,690.0,0.79,0.68,0.7,-0.00999999,-1.2499988,31.0,1203,0.22534954345703123,False,REGULAR,USD,2026-10-23,P
SPY261023P00695000,2026-09-29 18:07:21+00:00,695.0,0.83,0.78,0.79,-0.04000002,-4.5977035,678.0,3229,0.2172929833984375,False,REGULAR,USD,2026-10-23,P
SPY261023P00700000,2026-09-29 18:46:47+00:00,700.0,0.88,0.87,0.89,-0.100000024,-10.204083,150.0,2657,0.20899228515624996,False,REGULAR,USD,2026-10-23,P
SPY261023P00705000,2026-09-29 18:23:18+00:00,705.0,1.06,0.99,1.0,-0.060000062,-5.357148,133.0,2147,0.2004474487304687,False,REGULAR,USD,2026-10-23,P
SPY261023P00710000,2026-09-29 18:23:18+00:00,710.0,1.2,1.14,1.16,-0.049999952,-3.9999962,80.0,8255,0.19294019958496095,False,REGULAR,USD,2026-10-23,P
SPY261023P00715000,2026-09-29 17:41:16+00:00,715.0,1.5,1.32,1.34,0.0,0.0,294.0,7961,0.18506674316406246,False,REGULAR,USD,2026-10-23,P
SPY261023P00720000,2026-09-29 18:29:41+00:00,720.0,1.65,1.55,1.57,0.00999999,0.6097555,1198.0,1540,0.17749845947265624,False,REGULAR,USD,2026-10-23,P
SPY261023P00721000,2026-09-29 18:13:58+00:00,721.0,1.77,1.61,1.63,0.100000024,5.988025,25.0,312,0.17621673400878907,False,REGULAR,USD,2026-10-23,P
SPY261023P00722000,2026-09-29 17:51:44+00:00,722.0,1.91,1.66,1.68,0.38,24.836601,3.0,167,0.1746298358154297,False,REGULAR,USD,2026-10-23,P
SPY261023P00723000,2026-09-29 17:59:20+00:00,723.0,2.02,1.71,1.73,0.30999994,18.12865,64.0,318,0.17292086853027344,False,REGULAR,USD,2026-10-23,P
SPY261023P00724000,2026-09-29 17:03:10+00:00,724.0,2.13,1.78,1.8,0.33000016,18.333342,132.0,656,0.17176121215820314,False,REGULAR,USD,2026-10-23,P
SPY261023P00725000,2026-09-29 18:54:06+00:00,725.0,1.86,1.84,1.86,-0.14999998,-7.4626856,60758.0,1988,0.170204831237793,False,REGULAR,USD,2026-10-23,P
SPY261023P00726000,2026-09-29 18:23:11+00:00,726.0,2.0,1.9,1.93,-0.03999996,-1.9607825,25.0,485,0.16883155395507815,False,REGULAR,USD,2026-10-23,P
SPY261023P00727000,2026-09-29 15:25:16+00:00,727.0,2.12,1.97,1.99,0.01999998,0.95238006,10.0,417,0.16718362121582034,False,REGULAR,USD,2026-10-23,P
SPY261023P00728000,2026-09-29 16:13:54+00:00,728.0,2.34,2.05,2.07,0.13999987,6.3636303,45.0,445,0.16596293029785159,False,REGULAR,USD,2026-10-23,P
SPY261023P00729000,2026-09-29 18:43:32+00:00,729.0,2.13,2.12,2.14,-0.14999986,-6.5789413,20.0,650,0.1643760321044922,False,REGULAR,USD,2026-10-23,P
SPY261023P00730000,2026-09-29 18:52:43+00:00,730.0,2.22,2.21,2.23,-0.14999986,-6.329108,729.0,3766,0.1632163757324219,False,REGULAR,USD,2026-10-23,P
SPY261023P00731000,2026-09-29 18:47:47+00:00,731.0,2.36,2.29,2.31,0.089999914,3.9647539,13.0,257,0.16169051208496094,False,REGULAR,USD,2026-10-23,P
SPY261023P00732000,2026-09-29 17:33:36+00:00,732.0,2.67,2.37,2.39,0.10000014,3.8910563,12.0,636,0.16013413116455077,False,REGULAR,USD,2026-10-23,P
SPY261023P00733000,2026-09-29 18:19:23+00:00,733.0,2.64,2.46,2.48,0.08000016,3.1250064,18.0,619,0.15869981933593752,False,REGULAR,USD,2026-10-23,P
SPY261023P00734000,2026-09-29 17:55:44+00:00,734.0,2.97,2.55,2.58,0.22000003,8.000001,28.0,547,0.1574180938720703,False,REGULAR,USD,2026-10-23,P
SPY261023P00735000,2026-09-29 18:41:29+00:00,735.0,2.61,2.66,2.68,-0.1400001,-5.090913,239.0,2549,0.15601429931640626,False,REGULAR,USD,2026-10-23,P
SPY261023P00736000,2026-09-29 16:41:02+00:00,736.0,3.08,2.76,2.79,0.22000003,7.6923094,34.0,376,0.15473257385253908,False,REGULAR,USD,2026-10-23,P
SPY261023P00737000,2026-09-29 15:45:56+00:00,737.0,3.1,2.88,2.9,0.24000001,8.391608,84.0,499,0.15332877929687502,False,REGULAR,USD,2026-10-23,P
SPY261023P00738000,2026-09-29 18:11:12+00:00,738.0,3.36,2.98,3.01,0.31999993,10.526314,22.0,856,0.1518639501953125,False,REGULAR,USD,2026-10-23,P
SPY261023P00739000,2026-09-29 18:45:50+00:00,739.0,3.08,3.1,3.13,-0.03999996,-1.2820501,82.0,304,0.15046015563964849,False,REGULAR,USD,2026-10-23,P
SPY261023P00740000,2026-09-29 18:54:11+00:00,740.0,3.24,3.22,3.24,-0.17000008,-4.985339,335.0,6062,0.14881222290039062,False,REGULAR,USD,2026-10-23,P
SPY261023P00741000,2026-09-29 18:45:50+00:00,741.0,3.34,3.36,3.38,0.13999987,4.3749957,92.0,484,0.1475915319824219,False,REGULAR,USD,2026-10-23,P
SPY261023P00742000,2026-09-29 18:38:55+00:00,742.0,3.58,3.49,3.52,0.00999999,0.2801118,47.0,508,0.14624877197265623,False,REGULAR,USD,2026-10-23,P
SPY261023P00743000,2026-09-29 18:39:12+00:00,743.0,3.68,3.64,3.66,0.22000003,6.3583827,57.0,260,0.14481446014404298,False,REGULAR,USD,2026-10-23,P
SPY261023P00744000,2026-09-29 18:38:21+00:00,744.0,3.98,3.79,3.81,0.21000004,5.570293,36.0,500,0.1434106655883789,False,REGULAR,USD,2026-10-23,P
SPY261023P00745000,2026-09-29 18:48:24+00:00,745.0,4.02,3.94,3.97,-0.010000229,-0.24814463,61380.0,1038,0.14206790557861326,False,REGULAR,USD,2026-10-23,P
SPY261023P00746000,2026-09-29 18:00:02+00:00,746.0,4.65,4.11,4.13,0.28999996,6.6513753,11.0,484,0.14060307647705078,False,REGULAR,USD,2026-10-23,P
SPY261023P00747000,2026-09-29 18:13:09+00:00,747.0,4.77,4.28,4.31,0.36000013,8.163269,131.0,699,0.13935186828613283,False,REGULAR,USD,2026-10-23,P
SPY261023P00748000,2026-09-29 18:00:01+00:00,748.0,5.03,4.47,4.49,0.5,11.037527,117.0,512,0.13794807373046875,False,REGULAR,USD,2026-10-23,P
SPY261023P00749000,2026-09-29 18:39:13+00:00,749.0,4.67,4.66,4.69,0.010000229,0.2145972,53.0,298,0.13674264144897463,False,REGULAR,USD,2026-10-23,P
SPY261023P00750000,2026-09-29 18:52:43+00:00,750.0,4.88,4.85,4.88,0.0,0.0,1406.0,2140,0.1352320364379883,False,REGULAR,USD,2026-10-23,P
SPY261023P00751000,2026-09-29 18:45:50+00:00,751.0,5.03,5.06,5.09,-0.069999695,-1.3725431,88.0,242,0.13388927642822268,False,REGULAR,USD,2026-10-23,P
SPY261023P00752000,2026-09-29 18:04:17+00:00,752.0,5.77,5.29,5.32,0.36000013,6.654347,201.0,446,0.13269910278320313,False,REGULAR,USD,2026-10-23,P
SPY261023P00753000,2026-09-29 18:45:58+00:00,753.0,5.49,5.52,5.55,-0.24000025,-4.188486,117.0,463,0.1313563427734375,False,REGULAR,USD,2026-10-23,P
SPY261023P00754000,2026-09-29 18:22:43+00:00,754.0,6.01,5.75,5.78,0.09000015,1.5202729,122.0,895,0.1298609963989258,False,REGULAR,USD,2026-10-23,P
SPY261023P00755000,2026-09-29 18:31:51+00:00,755.0,5.99,6.0,6.02,-0.03000021,-0.49834237,264.0,2741,0.12836565002441402,False,REGULAR,USD,2026-10-23,P
SPY261023P00756000,2026-09-29 18:30:49+00:00,756.0,6.63,6.25,6.29,0.36000013,5.741629,233.0,1161,0.12708392456054687,False,REGULAR,USD,2026-10-23,P
SPY261023P00757000,2026-09-29 18:44:45+00:00,757.0,6.51,6.52,6.56,0.010000229,0.15384968,247.0,671,0.12568013000488282,False,REGULAR,USD,2026-10-23,P
SPY261023P00758000,2026-09-29 18:18:24+00:00,758.0,7.24,6.83,6.86,0.3199997,4.624273,667.0,445,0.12448995635986329,False,REGULAR,USD,2026-10-23,P
SPY261023P00759000,2026-09-29 18:45:24+00:00,759.0,7.07,7.11,7.15,0.05000019,0.71225345,273.0,780,0.12299460998535157,False,REGULAR,USD,2026-10-23,P
SPY261023P00760000,2026-09-29 18:48:43+00:00,760.0,7.53,7.43,7.47,0.17000008,2.3097837,555.0,2804,0.12168236724853515,False,REGULAR,USD,2026-10-23,P
SPY261023P00761000,2026-09-29 18:34:26+00:00,761.0,8.25,7.75,7.79,0.6300001,8.267718,140.0,440,0.12021753814697264,False,REGULAR,USD,2026-10-23,P
SPY261023P00762000,2026-09-29 18:40:57+00:00,762.0,7.99,8.1,8.14,-0.19000053,-2.3227448,740.0,1299,0.11893581268310546,False,REGULAR,USD,2026-10-23,P
SPY261023P00763000,2026-09-29 18:47:43+00:00,763.0,8.64,8.46,8.5,0.10000038,1.1709647,287.0,302,0.11759305267333985,False,REGULAR,USD,2026-10-23,P
SPY261023P00764000,2026-09-29 18:43:36+00:00,764.0,8.84,8.83,8.87,0.5500002,6.634502,248.0,529,0.11615874084472656,False,REGULAR,USD,2026-10-23,P
SPY261023P00765000,2026-09-29 18:25:04+00:00,765.0,9.31,9.23,9.28,0.2300005,2.533045,410.0,2066,0.11502960174560548,True,REGULAR,USD,2026-10-23,P
SPY261023P00766000,2026-09-29 18:53:01+00:00,766.0,9.62,9.63,9.67,-0.14000034,-1.4344298,174.0,513,0.11341218627929686,True,REGULAR,USD,2026-10-23,P
SPY261023P00767000,2026-09-29 18:39:30+00:00,767.0,10.03,10.05,10.09,0.029999733,0.29999733,215.0,3174,0.11197787445068358,True,REGULAR,USD,2026-10-23,P
SPY261023P00768000,2026-09-29 18:38:44+00:00,768.0,10.67,10.52,10.57,0.3199997,3.0917845,112.0,1262,0.1110470976257324,True,REGULAR,USD,2026-10-23,P
SPY261023P00769000,2026-09-29 15:22:31+00:00,769.0,12.0,10.95,11.0,1.1999998,11.11111,53.0,1439,0.1092465785217285,True,REGULAR,USD,2026-10-23,P
SPY261023P00770000,2026-09-29 17:59:37+00:00,770.0,11.45,11.45,11.49,0.25,2.232143,111.0,1814,0.10794959442138671,True,REGULAR,USD,2026-10-23,P
SPY261023P00771000,2026-09-29 17:38:15+00:00,771.0,12.91,11.9,12.05,1.4799995,12.948377,6.0,2847,0.10733924896240235,True,REGULAR,USD,2026-10-23,P
SPY261023P00772000,2026-09-29 15:19:57+00:00,772.0,13.37,12.41,12.59,1.1700001,9.590165,3.0,946,0.10617959259033202,True,REGULAR,USD,2026-10-23,P
SPY261023P00773000,2026-09-29 17:59:37+00:00,773.0,14.37,12.94,13.1,1.4300003,11.051007,12.0,1286,0.10434855621337888,True,REGULAR,USD,2026-10-23,P
SPY261023P00774000,2026-09-29 15:19:57+00:00,774.0,14.52,13.52,13.68,2.2200003,18.048782,6.0,755,0.10318889984130858,True,REGULAR,USD,2026-10-23,P
SPY261023P00775000,2026-09-29 18:33:50+00:00,775.0,14.93,14.09,14.26,1.1300001,8.188407,20.0,1218,0.1017240707397461,True,REGULAR,USD,2026-10-23,P
SPY261023P00776000,2026-09-28 16:58:07+00:00,776.0,13.35,14.7,14.9,0.0,0.0,11.0,1262,0.10080855255126953,True,REGULAR,USD,2026-10-23,P
SPY261023P00777000,2026-09-29 17:32:52+00:00,777.0,16.67,15.33,15.52,2.7799997,20.014397,5.0,362,0.09928268890380859,True,REGULAR,USD,2026-10-23,P
SPY261023P00778000,2026-09-29 14:11:42+00:00,778.0,16.0,15.97,16.19,-0.13999939,-0.8674064,1.0,706,0.09818406707763672,True,REGULAR,USD,2026-10-23,P
SPY261023P00779000,2026-09-28 13:48:48+00:00,779.0,14.66,16.64,16.91,0.0,0.0,1.0,399,0.09757372161865235,True,REGULAR,USD,2026-10-23,P
SPY261023P00780000,2026-09-29 17:27:37+00:00,780.0,18.81,17.28,17.62,3.0299997,19.201519,61.0,165,0.09647509979248048,True,REGULAR,USD,2026-10-23,P
SPY261023P00781000,2026-09-28 14:35:06+00:00,781.0,16.6,18.02,18.33,0.0,0.0,2.0,253,0.095010270690918,True,REGULAR,USD,2026-10-23,P
SPY261023P00782000,2026-09-28 17:39:46+00:00,782.0,17.27,18.74,19.1,0.0,0.0,17.0,27,0.0942473388671875,True,REGULAR,USD,2026-10-23,P
SPY261023P00783000,2026-09-28 13:44:07+00:00,783.0,17.7,19.44,21.33,0.0,0.0,1.0,3,0.11911891632080077,True,REGULAR,USD,2026-10-23,P
SPY261023P00784000,2026-09-25 18:29:12+00:00,784.0,16.31,20.23,22.39,0.0,0.0,2.0,42,0.12372702453613281,True,REGULAR,USD,2026-10-23,P
SPY261023P00785000,2026-09-29 16:07:38+00:00,785.0,22.71,21.06,21.45,3.2199993,16.52129,46.0,134,0.09058526611328124,True,REGULAR,USD,2026-10-23,P
SPY261023P00786000,2026-09-22 19:55:50+00:00,786.0,15.65,21.83,23.96,0.0,0.0,3.0,18,0.12339133453369142,True,REGULAR,USD,2026-10-23,P
SPY261023P00787000,2026-09-28 17:27:49+00:00,787.0,21.25,22.67,24.78,0.0,0.0,23.0,14,0.12357443817138672,True,REGULAR,USD,2026-10-23,P
SPY261023P00788000,2026-09-29 17:34:50+00:00,788.0,25.2,22.5,25.74,1.1800003,4.912574,2.0,14,0.1261684063720703,True,REGULAR,USD,2026-10-23,P
SPY261023P00789000,2026-09-29 17:34:35+00:00,789.0,26.09,23.43,26.62,4.2199993,19.295835,6.0,24,0.12720599365234375,True,REGULAR,USD,2026-10-23,P
SPY261023P00790000,2026-09-28 15:26:44+00:00,790.0,25.45,25.35,26.14,0.0,0.0,172.0,141,0.09723803161621095,True,REGULAR,USD,2026-10-23,P
SPY261023P00791000,2026-09-25 15:01:22+00:00,791.0,22.89,24.99,28.47,0.0,0.0,10.0,13,0.13068496276855468,True,REGULAR,USD,2026-10-23,P
SPY261023P00792000,2026-09-25 15:55:06+00:00,792.0,24.06,25.87,28.86,0.0,0.0,33.0,36,0.12079736633300782,True,REGULAR,USD,2026-10-23,P
SPY261023P00793000,2026-09-25 16:44:30+00:00,793.0,22.61,26.87,29.81,0.0,0.0,21.0,22,0.12262840270996095,True,REGULAR,USD,2026-10-23,P
SPY261023P00794000,2026-09-25 15:56:04+00:00,794.0,25.77,27.6,30.77,0.0,0.0,9.0,9,0.12458150817871094,True,REGULAR,USD,2026-10-23,P
SPY261023P00795000,2026-09-25 15:56:13+00:00,795.0,26.71,28.57,31.73,0.0,0.0,12.0,7,0.12653461364746094,True,REGULAR,USD,2026-10-23,P
SPY261023P00796000,2026-09-25 15:55:32+00:00,796.0,27.65,29.74,32.74,0.0,0.0,40.0,41,0.12964737548828126,True,REGULAR,USD,2026-10-23,P
SPY261023P00797000,2026-09-25 15:50:45+00:00,797.0,28.97,30.74,33.72,0.0,0.0,1.0,1,0.13196668823242189,True,REGULAR,USD,2026-10-23,P
SPY261023P00798000,2026-09-25 15:56:33+00:00,798.0,29.34,31.73,34.71,0.0,0.0,19.0,0,0.13453013916015627,True,REGULAR,USD,2026-10-23,P
SPY261023P00799000,2026-09-29 13:42:05+00:00,799.0,33.55,34.14,34.75,5.449999,19.395014,1.0,0,0.10724769714355468,True,REGULAR,USD,2026-10-23,P
SPY261023P00800000,2026-09-25 15:56:32+00:00,800.0,31.26,35.14,35.75,0.0,0.0,131.0,0,0.10962804443359375,True,REGULAR,USD,2026-10-23,P
SPY261023P00801000,2026-09-25 16:44:17+00:00,801.0,29.81,34.56,37.72,0.0,0.0,20.0,0,0.14313601013183597,True,REGULAR,USD,2026-10-23,P
SPY261023P00802000,2026-09-25 16:44:17+00:00,802.0,30.77,35.56,38.92,0.0,0.0,1.0,0,0.15103998382568362,True,REGULAR,USD,2026-10-23,P
SPY261023P00803000,2026-09-24 15:07:49+00:00,803.0,38.55,36.44,40.18,0.0,0.0,,0,0.16022568298339845,True,REGULAR,USD,2026-10-23,P
SPY261023P00805000,2026-09-24 15:15:27+00:00,805.0,41.44,38.44,42.18,0.0,0.0,1.0,0,0.16590189575195316,True,REGULAR,USD,2026-10-23,P
SPY261023P00806000,2026-09-24 19:54:22+00:00,806.0,37.86,39.44,43.24,0.0,0.0,,0,0.17017431396484378,True,REGULAR,USD,2026-10-23,P
SPY261023P00807000,2026-09-25 16:36:53+00:00,807.0,36.24,40.44,44.24,0.0,0.0,7.0,0,0.1729819030761719,True,REGULAR,USD,2026-10-23,P
SPY261023P00808000,2026-09-25 16:36:37+00:00,808.0,37.22,41.48,45.24,0.0,0.0,18.0,0,0.1757894921875,True,REGULAR,USD,2026-10-23,P
SPY261023P00809000,2026-09-25 16:09:33+00:00,809.0,37.65,42.48,46.24,0.0,0.0,2.0,0,0.1785360467529297,True,REGULAR,USD,2026-10-23,P
SPY261023P00810000,2026-09-25 16:39:22+00:00,810.0,38.87,43.48,47.24,0.0,0.0,3.0,0,0.18128260131835935,True,REGULAR,USD,2026-10-23,P
SPY261023P00811000,2026-09-25 19:54:23+00:00,811.0,39.06,44.48,48.24,0.0,0.0,5.0,0,0.18402915588378904,True,REGULAR,USD,2026-10-23,P
SPY261023P00812000,2026-09-25 16:43:46+00:00,812.0,40.69,45.48,49.24,0.0,0.0,1.0,0,0.18677571044921876,True,REGULAR,USD,2026-10-23,P
SPY261023P00813000,2026-09-22 19:54:03+00:00,813.0,38.33,46.44,50.16,0.0,0.0,,0,0.18738605590820312,True,REGULAR,USD,2026-10-23,P
SPY261023P00815000,2026-09-23 17:14:31+00:00,815.0,47.94,48.48,52.24,0.0,0.0,1.0,0,0.19489330505371094,True,REGULAR,USD,2026-10-23,P
SPY261023P00821000,2026-09-10 13:30:04+00:00,821.0,63.75,54.48,58.24,0.0,0.0,1.0,0,0.21076228698730468,True,REGULAR,USD,2026-10-23,P
SPY261023P00850000,2026-09-14 13:31:58+00:00,850.0,91.9,83.48,87.24,0.0,0.0,1.0,0,0.28253891296386713,True,REGULAR,USD,2026-10-23,P
SPY261023P00900000,2026-09-14 16:59:30+00:00,900.0,138.53,133.72,136.72,0.0,0.0,,0,0.36975727905273437,True,REGULAR,USD,2026-10-23,P
SPY261030C00470000,2026-09-24 15:55:53+00:00,470.0,296.35,294.76,298.55,0.0,0.0,2.0,4,0.8786633227539062,True,REGULAR,USD,2026-10-30,C
SPY261030C00475000,2026-09-08 13:49:58+00:00,475.0,294.23,289.82,293.56,0.0,0.0,3.0,15,0.8647474462890624,True,REGULAR,USD,2026-10-30,C
SPY261030C00480000,2026-09-11 20:07:17+00:00,480.0,285.74,284.85,288.6,0.0,0.0,1.0,1,0.8509536389160157,True,REGULAR,USD,2026-10-30,C
SPY261030C00490000,2026-09-21 14:49:58+00:00,490.0,281.55,274.85,278.64,0.0,0.0,70.0,71,0.8197039514160156,True,REGULAR,USD,2026-10-30,C
SPY261030C00495000,2026-09-11 17:18:10+00:00,495.0,271.78,269.87,273.61,0.0,0.0,,1,0.8032246240234374,True,REGULAR,USD,2026-10-30,C
SPY261030C00500000,2026-09-29 14:43:47+00:00,500.0,267.18,264.89,268.69,3.5599976,1.3504277,1.0,2,0.7907735766601562,True,REGULAR,USD,2026-10-30,C
SPY261030C00520000,2026-09-23 15:40:47+00:00,520.0,251.59,245.03,248.79,0.0,0.0,1.0,10,0.7355983471679688,True,REGULAR,USD,2026-10-30,C
SPY261030C00525000,2026-09-17 17:41:22+00:00,525.0,238.44,240.07,243.78,0.0,0.0,,1,0.7210721252441408,True,REGULAR,USD,2026-10-30,C
SPY261030C00530000,2026-06-10 14:52:40+00:00,530.0,212.98,229.04,232.46,0.0,0.0,,2,1.0000000000000003e-05,True,REGULAR,USD,2026-10-30,C
SPY261030C00540000,2026-09-14 17:07:26+00:00,540.0,223.69,225.1,228.89,0.0,0.0,1.0,3,0.6792024267578126,True,REGULAR,USD,2026-10-30,C
SPY261030C00545000,2026-09-14 17:13:00+00:00,545.0,218.57,220.18,223.91,0.0,0.0,1.0,2,0.6668734484863283,True,REGULAR,USD,2026-10-30,C
SPY261030C00550000,2026-09-14 17:51:43+00:00,550.0,214.12,215.16,218.95,0.0,0.0,3.0,3,0.6522251574707032,True,REGULAR,USD,2026-10-30,C
SPY261030C00555000,2026-09-18 14:11:21+00:00,555.0,207.84,210.22,213.99,0.0,0.0,1.0,2,0.6400182482910157,True,REGULAR,USD,2026-10-30,C
SPY261030C00560000,2026-08-10 18:26:07+00:00,560.0,217.1,0.0,0.0,0.0,0.0,4.0,0,1.0000000000000003e-05,True,REGULAR,USD,2026-10-30,C
SPY261030C00565000,2026-07-31 16:18:57+00:00,565.0,183.92,205.3,208.57,0.0,0.0,3.0,6,0.7921773712158204,True,REGULAR,USD,2026-10-30,C
SPY261030C00570000,2026-09-15 14:51:05+00:00,570.0,188.4,196.65,197.34,0.0,0.0,25.0,1235,0.5894816442871094,True,REGULAR,USD,2026-10-30,C
SPY261030C00575000,2026-09-23 15:38:54+00:00,575.0,196.81,190.36,194.07,0.0,0.0,1.0,31,0.5860637097167969,True,REGULAR,USD,2026-10-30,C
SPY261030C00580000,2026-09-17 18:17:28+00:00,580.0,184.14,186.71,187.45,0.0,0.0,1.0,154,0.5646405841064455,True,REGULAR,USD,2026-10-30,C
SPY261030C00585000,2026-09-25 13:30:06+00:00,585.0,185.8,180.39,184.01,0.0,0.0,1.0,29,0.5559126440429689,True,REGULAR,USD,2026-10-30,C
SPY261030C00590000,2026-09-18 14:39:11+00:00,590.0,172.76,175.41,179.17,0.0,0.0,1.0,59,0.5455367712402344,True,REGULAR,USD,2026-10-30,C
SPY261030C00595000,2026-09-17 18:44:00+00:00,595.0,169.13,171.81,172.55,0.0,0.0,44.0,315,0.5260057165527343,True,REGULAR,USD,2026-10-30,C
SPY261030C00600000,2026-09-23 18:07:21+00:00,600.0,171.5,165.47,169.24,0.0,0.0,1.0,24,0.5193529510498047,True,REGULAR,USD,2026-10-30,C
SPY261030C00605000,2026-09-16 19:46:46+00:00,605.0,149.83,160.49,164.15,0.0,0.0,1.0,10,0.5034229345703125,True,REGULAR,USD,2026-10-30,C
SPY261030C00610000,2026-09-23 18:44:08+00:00,610.0,161.22,155.56,159.32,0.0,0.0,1.0,28,0.5607954077148438,True,REGULAR,USD,2026-10-30,C
SPY261030C00615000,2026-09-16 13:57:48+00:00,615.0,147.32,150.64,154.31,0.0,0.0,1.0,4,0.5447433221435547,True,REGULAR,USD,2026-10-30,C
SPY261030C00620000,2026-09-17 17:21:44+00:00,620.0,144.38,145.64,149.28,0.0,0.0,1.0,25,0.5281419256591797,True,REGULAR,USD,2026-10-30,C
SPY261030C00625000,2026-07-15 13:53:22+00:00,625.0,138.49,141.99,145.22,0.0,0.0,2.0,0,0.5392502130126955,True,REGULAR,USD,2026-10-30,C
SPY261030C00630000,2026-09-17 17:12:46+00:00,630.0,134.59,135.72,139.41,0.0,0.0,22.0,33,0.5006763800048828,True,REGULAR,USD,2026-10-30,C
SPY261030C00635000,2026-09-17 17:14:07+00:00,635.0,129.69,132.15,132.83,0.0,0.0,24.0,156,0.43628493408203123,True,REGULAR,USD,2026-10-30,C
SPY261030C00640000,2026-09-17 17:14:58+00:00,640.0,124.82,127.2,127.88,0.0,0.0,24.0,110,0.4234676794433594,True,REGULAR,USD,2026-10-30,C
SPY261030C00641000,2026-09-16 14:05:29+00:00,641.0,121.67,126.21,126.85,0.0,0.0,4.0,3239,0.4195614685058594,True,REGULAR,USD,2026-10-30,C
SPY261030C00642000,2026-09-15 13:53:01+00:00,642.0,120.47,123.9,127.65,0.0,0.0,2.0,53,0.4697928997802735,True,REGULAR,USD,2026-10-30,C
SPY261030C00644000,2026-09-16 19:52:09+00:00,644.0,112.72,121.89,125.64,0.0,0.0,,1,0.46326220336914065,True,REGULAR,USD,2026-10-30,C
SPY261030C00645000,2026-09-17 17:14:25+00:00,645.0,119.67,120.93,124.63,0.0,0.0,2.0,21,0.4598442687988281,True,REGULAR,USD,2026-10-30,C
SPY261030C00646000,2026-09-16 15:27:28+00:00,646.0,117.68,119.89,123.63,0.0,0.0,8.0,7,0.4567315069580079,True,REGULAR,USD,2026-10-30,C
SPY261030C00648000,2026-09-10 15:36:26+00:00,648.0,114.96,117.91,121.73,0.0,0.0,,1,0.4530694342041016,True,REGULAR,USD,2026-10-30,C
SPY261030C00649000,2026-08-04 14:38:21+00:00,649.0,124.55,122.68,125.95,0.0,0.0,1.0,0,0.5319260675048829,True,REGULAR,USD,2026-10-30,C
SPY261030C00650000,2026-09-21 19:50:03+00:00,650.0,128.11,115.94,119.63,0.0,0.0,1.0,86,0.44421942504882805,True,REGULAR,USD,2026-10-30,C
SPY261030C00651000,2026-05-29 18:01:09+00:00,651.0,120.1,0.0,0.0,0.0,0.0,1.0,0,1.0000000000000003e-05,True,REGULAR,USD,2026-10-30,C
SPY261030C00652000,2026-09-29 18:06:44+00:00,652.0,114.83,113.96,117.78,22.940002,24.964634,2.0,2,0.44180856048583983,True,REGULAR,USD,2026-10-30,C
SPY261030C00654000,2026-08-06 16:01:13+00:00,654.0,121.7,0.0,0.0,0.0,0.0,,0,1.0000000000000003e-05,True,REGULAR,USD,2026-10-30,C
SPY261030C00655000,2026-09-24 17:55:30+00:00,655.0,115.24,111.0,114.76,0.0,0.0,2.0,68,0.4318904467773438,True,REGULAR,USD,2026-10-30,C
SPY261030C00656000,2026-09-17 14:25:27+00:00,656.0,108.53,111.39,112.07,0.0,0.0,23.0,176,0.3830017755126953,True,REGULAR,USD,2026-10-30,C
SPY261030C00657000,2026-09-29 18:06:39+00:00,657.0,109.91,109.03,112.79,1.2000046,1.1038585,2.0,1,0.42639733764648446,True,REGULAR,USD,2026-10-30,C
SPY261030C00658000,2026-09-10 14:24:40+00:00,658.0,106.05,108.04,111.68,0.0,0.0,1.0,1,0.4205380212402344,True,REGULAR,USD,2026-10-30,C
SPY261030C00659000,2026-05-28 14:12:54+00:00,659.0,109.99,0.0,0.0,0.0,0.0,,0,1.0000000000000003e-05,True,REGULAR,USD,2026-10-30,C
SPY261030C00660000,2026-09-29 18:06:41+00:00,660.0,106.94,106.07,109.83,-3.75,-3.3878398,2.0,74,0.4179135357666015,True,REGULAR,USD,2026-10-30,C
SPY261030C00661000,2026-09-23 16:12:49+00:00,661.0,111.41,105.09,108.83,0.0,0.0,4.0,11,0.41480077392578124,True,REGULAR,USD,2026-10-30,C
SPY261030C00662000,2026-05-13 15:28:25+00:00,662.0,99.34,104.82,106.83,0.0,0.0,6.0,7,0.38651126190185536,True,REGULAR,USD,2026-10-30,C
SPY261030C00663000,2026-09-25 16:25:12+00:00,663.0,110.91,103.11,106.88,0.0,0.0,1.0,1,0.4097043893432617,True,REGULAR,USD,2026-10-30,C
SPY261030C00664000,2026-08-20 16:39:03+00:00,664.0,108.77,0.0,0.0,0.0,0.0,1.0,0,1.0000000000000003e-05,True,REGULAR,USD,2026-10-30,C
SPY261030C00665000,2026-09-28 17:49:02+00:00,665.0,106.0,101.14,104.45,0.0,0.0,3.0,16,0.3930724755859375,True,REGULAR,USD,2026-10-30,C
SPY261030C00666000,2026-09-29 15:17:38+00:00,666.0,101.29,100.15,103.92,-2.0999985,-2.0311427,2.0,6,0.4011900701904296,True,REGULAR,USD,2026-10-30,C
SPY261030C00668000,2026-09-16 14:15:07+00:00,668.0,95.08,98.19,101.97,0.0,0.0,2.0,4,0.396063168334961,True,REGULAR,USD,2026-10-30,C
SPY261030C00669000,2026-09-10 14:05:27+00:00,669.0,93.12,97.08,100.99,0.0,0.0,1.0,2,0.39337764831542965,True,REGULAR,USD,2026-10-30,C
SPY261030C00670000,2026-09-29 18:06:48+00:00,670.0,97.15,96.23,99.87,-3.1100006,-3.1019356,40.0,42,0.3874572973632812,True,REGULAR,USD,2026-10-30,C
SPY261030C00671000,2026-09-14 14:59:57+00:00,671.0,91.73,95.26,99.01,0.0,0.0,2.0,0,0.3875183319091796,True,REGULAR,USD,2026-10-30,C
SPY261030C00672000,2026-09-25 16:28:39+00:00,672.0,102.68,94.26,97.97,0.0,0.0,1.0,5,0.3834290173339844,True,REGULAR,USD,2026-10-30,C
SPY261030C00673000,2026-09-17 13:30:28+00:00,673.0,93.0,93.15,96.88,0.0,0.0,1.0,29,0.3782410809326171,True,REGULAR,USD,2026-10-30,C
SPY261030C00674000,2026-09-15 17:39:58+00:00,674.0,87.35,92.27,96.01,0.0,0.0,15.0,16,0.37802746002197263,True,REGULAR,USD,2026-10-30,C
SPY261030C00675000,2026-09-15 17:44:07+00:00,675.0,86.24,91.37,94.97,0.0,0.0,1.0,5,0.3739686627197265,True,REGULAR,USD,2026-10-30,C
SPY261030C00677000,2026-09-11 13:38:50+00:00,677.0,92.26,89.23,93.07,0.0,0.0,1.0,2,0.36984883087158205,True,REGULAR,USD,2026-10-30,C
SPY261030C00678000,2026-09-28 19:22:05+00:00,678.0,91.91,88.34,92.16,0.0,0.0,1.0,2,0.3686281399536133,True,REGULAR,USD,2026-10-30,C
SPY261030C00679000,2026-08-31 14:17:44+00:00,679.0,92.51,87.28,90.97,0.0,0.0,1.0,3,0.36133451171875,True,REGULAR,USD,2026-10-30,C
SPY261030C00680000,2026-09-28 14:38:40+00:00,680.0,90.2,87.82,88.51,0.0,0.0,6.0,115,0.32434757690429683,True,REGULAR,USD,2026-10-30,C
SPY261030C00681000,2026-09-17 15:44:21+00:00,681.0,84.74,85.33,89.06,0.0,0.0,2.0,18,0.3569400244140625,True,REGULAR,USD,2026-10-30,C
SPY261030C00682000,2026-09-28 14:56:23+00:00,682.0,86.18,84.35,88.19,0.0,0.0,1.0,3,0.3565127825927734,True,REGULAR,USD,2026-10-30,C
SPY261030C00683000,2026-09-18 15:17:05+00:00,683.0,81.66,83.52,87.21,0.0,0.0,1.0,2,0.3537662280273437,True,REGULAR,USD,2026-10-30,C
SPY261030C00684000,2026-09-25 15:35:04+00:00,684.0,89.01,82.51,86.29,0.0,0.0,2.0,5,0.3522098471069336,True,REGULAR,USD,2026-10-30,C
SPY261030C00685000,2026-09-25 16:40:34+00:00,685.0,81.92,81.44,85.16,-7.880005,-8.775061,7.0,14,0.34632001342773433,True,REGULAR,USD,2026-10-30,C
SPY261030C00686000,2026-09-23 13:56:06+00:00,686.0,89.09,80.46,84.3,0.0,0.0,3.0,15,0.3460148406982422,True,REGULAR,USD,2026-10-30,C
SPY261030C00687000,2026-09-25 15:26:52+00:00,687.0,85.8,79.48,83.21,0.0,0.0,2.0,13,0.3409489733886719,True,REGULAR,USD,2026-10-30,C
SPY261030C00688000,2026-09-29 16:14:25+00:00,688.0,80.12,80.44,80.69,-4.989998,-5.8629985,56.0,3503,0.3047249703979492,True,REGULAR,USD,2026-10-30,C
SPY261030C00689000,2026-09-22 16:57:34+00:00,689.0,88.67,79.46,79.73,0.0,0.0,319.0,3379,0.30261927856445314,True,REGULAR,USD,2026-10-30,C
SPY261030C00690000,2026-09-23 14:08:52+00:00,690.0,84.77,78.07,78.69,0.0,0.0,1.0,727,0.29871306762695304,True,REGULAR,USD,2026-10-30,C
SPY261030C00691000,2026-09-23 17:57:32+00:00,691.0,82.15,75.73,79.15,0.0,0.0,2.0,3,0.32691102783203124,True,REGULAR,USD,2026-10-30,C
SPY261030C00692000,2026-09-25 15:33:35+00:00,692.0,81.73,76.13,76.82,0.0,0.0,1.0,142,0.29560030578613283,True,REGULAR,USD,2026-10-30,C
SPY261030C00693000,2026-09-29 14:37:01+00:00,693.0,76.1,75.55,75.85,-4.6600037,-5.770188,1.0,2175,0.29321995849609367,True,REGULAR,USD,2026-10-30,C
SPY261030C00694000,2026-09-22 15:07:12+00:00,694.0,84.16,73.25,76.24,0.0,0.0,3.0,30,0.319068088684082,True,REGULAR,USD,2026-10-30,C
SPY261030C00695000,2026-09-29 18:17:18+00:00,695.0,72.96,73.6,74.64,-1.800003,-2.4077086,4.0,2243,0.30383996948242187,True,REGULAR,USD,2026-10-30,C
SPY261030C00696000,2026-09-22 15:25:39+00:00,696.0,81.91,70.76,74.45,0.0,0.0,3.0,25,0.3166877413940429,True,REGULAR,USD,2026-10-30,C
SPY261030C00697000,2026-09-24 14:34:56+00:00,697.0,73.57,69.81,73.29,0.0,0.0,2.0,9,0.31037066589355466,True,REGULAR,USD,2026-10-30,C
SPY261030C00698000,2026-09-22 16:57:34+00:00,698.0,79.92,70.69,71.47,0.0,0.0,262.0,1494,0.29090064575195307,True,REGULAR,USD,2026-10-30,C
SPY261030C00699000,2026-09-23 13:58:03+00:00,699.0,76.5,67.91,71.37,0.0,0.0,3.0,48,0.3053963504028321,True,REGULAR,USD,2026-10-30,C
SPY261030C00700000,2026-09-29 16:47:25+00:00,700.0,67.26,68.74,69.08,-6.0599976,-8.265136,5.0,1656,0.27664907928466786,True,REGULAR,USD,2026-10-30,C
SPY261030C00701000,2026-09-21 16:55:54+00:00,701.0,76.24,65.95,69.44,0.0,0.0,1.0,0,0.3002084140014648,True,REGULAR,USD,2026-10-30,C
SPY261030C00702000,2026-09-03 19:11:33+00:00,702.0,77.19,65.03,68.53,0.0,0.0,10.0,2,0.2985909985351562,True,REGULAR,USD,2026-10-30,C
SPY261030C00703000,2026-09-28 13:52:47+00:00,703.0,69.27,64.03,67.52,0.0,0.0,1.0,4,0.2951120294189453,True,REGULAR,USD,2026-10-30,C
SPY261030C00704000,2026-09-23 17:45:37+00:00,704.0,69.59,63.11,66.57,0.0,0.0,5.0,33,0.2927621994018553,True,REGULAR,USD,2026-10-30,C
SPY261030C00705000,2026-09-18 13:31:01+00:00,705.0,61.6,62.17,65.8,0.0,0.0,2.0,60,0.29358616577148433,True,REGULAR,USD,2026-10-30,C
SPY261030C00706000,2026-09-21 14:54:14+00:00,706.0,62.0,61.22,64.66,-6.3600006,-9.303687,1.0,92,0.2877573666381835,True,REGULAR,USD,2026-10-30,C
SPY261030C00707000,2026-09-28 13:50:48+00:00,707.0,65.21,60.24,63.7,0.0,0.0,1.0,29,0.28516339843749994,True,REGULAR,USD,2026-10-30,C
SPY261030C00708000,2026-09-21 15:47:10+00:00,708.0,68.34,59.3,62.75,0.0,0.0,2.0,17,0.2827220166015625,True,REGULAR,USD,2026-10-30,C
SPY261030C00709000,2026-09-22 13:50:40+00:00,709.0,70.24,58.34,61.22,0.0,0.0,2.0,17,0.26996579650878905,True,REGULAR,USD,2026-10-30,C
SPY261030C00710000,2026-09-29 14:47:03+00:00,710.0,59.8,57.4,60.85,-0.2800026,-0.46604958,1.0,766,0.277778218383789,True,REGULAR,USD,2026-10-30,C
SPY261030C00711000,2026-09-29 16:58:26+00:00,711.0,56.55,56.47,59.91,-4.5300026,-7.416507,2.0,97,0.27542838836669914,True,REGULAR,USD,2026-10-30,C
SPY261030C00712000,2026-09-25 15:30:07+00:00,712.0,62.1,55.51,59.15,0.0,0.0,1.0,41,0.2761302856445312,True,REGULAR,USD,2026-10-30,C
SPY261030C00713000,2026-09-25 15:30:09+00:00,713.0,61.35,54.6,58.02,0.0,0.0,1.0,79,0.27054562469482424,True,REGULAR,USD,2026-10-30,C
SPY261030C00714000,2026-09-04 17:29:04+00:00,714.0,63.07,53.65,57.05,0.0,0.0,2.0,27,0.2676464837646484,True,REGULAR,USD,2026-10-30,C
SPY261030C00715000,2026-09-28 18:44:03+00:00,715.0,56.78,52.71,54.85,0.0,0.0,2.0,998,0.24369042449951173,True,REGULAR,USD,2026-10-30,C
SPY261030C00716000,2026-09-25 15:30:07+00:00,716.0,58.32,51.78,53.91,0.0,0.0,2.0,16,0.24146266357421875,True,REGULAR,USD,2026-10-30,C
SPY261030C00717000,2026-09-25 15:00:04+00:00,717.0,56.95,50.84,52.97,0.0,0.0,1.0,24,0.23920438537597655,True,REGULAR,USD,2026-10-30,C
SPY261030C00718000,2026-09-25 15:00:04+00:00,718.0,56.01,49.98,52.06,0.0,0.0,1.0,28,0.23746490081787108,True,REGULAR,USD,2026-10-30,C
SPY261030C00719000,2026-09-23 15:04:23+00:00,719.0,56.22,48.95,51.14,0.0,0.0,2.0,106,0.23548127807617186,True,REGULAR,USD,2026-10-30,C
SPY261030C00720000,2026-09-28 16:25:19+00:00,720.0,52.94,48.07,50.16,0.0,0.0,1.0,1317,0.23249058532714845,True,REGULAR,USD,2026-10-30,C
SPY261030C00721000,2026-09-25 15:26:52+00:00,721.0,53.29,47.12,49.28,0.0,0.0,1.0,15,0.2311173080444336,True,REGULAR,USD,2026-10-30,C
SPY261030C00722000,2026-09-16 18:15:18+00:00,722.0,45.28,46.18,48.35,0.0,0.0,1.0,50,0.22888954711914064,True,REGULAR,USD,2026-10-30,C
SPY261030C00723000,2026-09-28 13:34:56+00:00,723.0,49.52,45.23,47.37,0.0,0.0,1.0,40,0.22583781982421874,True,REGULAR,USD,2026-10-30,C
SPY261030C00724000,2026-09-25 14:58:35+00:00,724.0,50.1,44.37,46.5,0.0,0.0,1.0,56,0.22449505981445309,True,REGULAR,USD,2026-10-30,C
SPY261030C00725000,2026-09-29 17:32:13+00:00,725.0,44.01,43.44,45.58,-2.2000008,-4.760876,5.0,524,0.22232833343505853,True,REGULAR,USD,2026-10-30,C
SPY261030C00726000,2026-09-28 17:11:32+00:00,726.0,47.55,42.82,44.63,0.0,0.0,2.0,79,0.21967333068847655,True,REGULAR,USD,2026-10-30,C
SPY261030C00727000,2026-09-25 15:19:04+00:00,727.0,47.64,41.66,43.72,0.0,0.0,9.0,56,0.21759815612792968,True,REGULAR,USD,2026-10-30,C
SPY261030C00728000,2026-09-25 16:28:11+00:00,728.0,48.94,40.77,42.85,0.0,0.0,2.0,277,0.21610280975341795,True,REGULAR,USD,2026-10-30,C
SPY261030C00729000,2026-09-25 15:30:00+00:00,729.0,45.87,40.07,41.91,0.0,0.0,1.0,95,0.2134783242797852,True,REGULAR,USD,2026-10-30,C
SPY261030C00730000,2026-09-28 16:28:45+00:00,730.0,44.69,39.08,41.0,0.0,0.0,10.0,869,0.2112810806274414,True,REGULAR,USD,2026-10-30,C
SPY261030C00731000,2026-09-29 16:32:30+00:00,731.0,38.8,38.45,40.09,-6.0699997,-13.52797,5.0,92,0.2090533197021484,True,REGULAR,USD,2026-10-30,C
SPY261030C00732000,2026-09-25 16:34:05+00:00,732.0,44.79,37.26,39.25,0.0,0.0,2.0,92,0.20780211151123046,True,REGULAR,USD,2026-10-30,C
SPY261030C00733000,2026-09-29 18:06:59+00:00,733.0,37.49,36.65,38.33,-4.7699966,-11.287262,71.0,182,0.20536072967529295,True,REGULAR,USD,2026-10-30,C
SPY261030C00734000,2026-09-25 15:31:48+00:00,734.0,41.85,35.95,37.44,0.0,0.0,2.0,45,0.20328555511474605,True,REGULAR,USD,2026-10-30,C
SPY261030C00735000,2026-09-29 18:09:03+00:00,735.0,35.41,35.09,36.62,-3.4500008,-8.878025,3.0,312,0.20215641601562498,True,REGULAR,USD,2026-10-30,C
SPY261030C00736000,2026-09-25 15:31:01+00:00,736.0,40.03,35.33,35.72,0.0,0.0,2.0,64,0.19983710327148438,True,REGULAR,USD,2026-10-30,C
SPY261030C00737000,2026-09-29 14:59:30+00:00,737.0,34.75,34.49,34.8,-1.2999992,-3.6061006,1.0,125,0.19718210052490232,True,REGULAR,USD,2026-10-30,C
SPY261030C00738000,2026-09-25 15:30:30+00:00,738.0,38.18,33.65,33.98,0.0,0.0,1.0,144,0.19586985778808597,True,REGULAR,USD,2026-10-30,C
SPY261030C00739000,2026-09-18 19:37:53+00:00,739.0,31.89,32.78,33.11,0.0,0.0,2.0,208,0.1938252005004883,True,REGULAR,USD,2026-10-30,C
SPY261030C00740000,2026-09-29 18:51:02+00:00,740.0,31.94,31.94,32.22,-1.4299984,-4.2852817,34.0,2066,0.19144485321044924,True,REGULAR,USD,2026-10-30,C
SPY261030C00741000,2026-09-28 14:38:03+00:00,741.0,33.14,31.09,31.38,0.0,0.0,1.0,144,0.18967485137939455,True,REGULAR,USD,2026-10-30,C
SPY261030C00742000,2026-09-29 15:32:09+00:00,742.0,29.75,30.25,30.53,-4.4900017,-13.113322,2.0,339,0.1877217459106445,True,REGULAR,USD,2026-10-30,C
SPY261030C00743000,2026-09-29 16:31:47+00:00,743.0,28.44,29.41,29.73,-6.76,-19.204546,1.0,1063,0.1863484686279297,True,REGULAR,USD,2026-10-30,C
SPY261030C00744000,2026-09-28 17:11:31+00:00,744.0,31.52,28.59,28.85,0.0,0.0,2.0,280,0.18387656951904296,True,REGULAR,USD,2026-10-30,C
SPY261030C00745000,2026-09-29 17:46:12+00:00,745.0,27.01,27.79,28.02,-1.8400002,-6.3778167,111.0,1374,0.18198449859619142,True,REGULAR,USD,2026-10-30,C
SPY261030C00746000,2026-09-28 14:38:20+00:00,746.0,28.9,26.98,27.2,0.0,0.0,2.0,323,0.18015346221923828,True,REGULAR,USD,2026-10-30,C
SPY261030C00747000,2026-09-29 16:39:14+00:00,747.0,25.25,26.2,26.4,-2.2600002,-8.215196,1.0,324,0.17847501220703127,True,REGULAR,USD,2026-10-30,C
SPY261030C00748000,2026-09-25 16:33:59+00:00,748.0,31.48,25.4,25.61,0.0,0.0,1.0,89,0.17685759674072266,True,REGULAR,USD,2026-10-30,C
SPY261030C00749000,2026-09-29 15:08:04+00:00,749.0,24.29,24.57,24.82,-3.8599987,-13.712252,1.0,465,0.17517914672851562,True,REGULAR,USD,2026-10-30,C
SPY261030C00750000,2026-09-29 18:44:09+00:00,750.0,23.9,23.81,24.02,-0.5100002,-2.0893085,40.0,2663,0.17327181716918943,True,REGULAR,USD,2026-10-30,C
SPY261030C00751000,2026-09-29 18:53:49+00:00,751.0,23.11,23.06,23.25,-0.9300003,-3.8685536,3.0,293,0.17165440170288088,True,REGULAR,USD,2026-10-30,C
SPY261030C00752000,2026-09-28 19:38:41+00:00,752.0,21.0,22.26,22.48,-2.2000008,-9.482761,2.0,191,0.16994543441772464,True,REGULAR,USD,2026-10-30,C
SPY261030C00753000,2026-09-29 17:36:16+00:00,753.0,20.64,21.54,21.72,-3.540001,-14.6402025,1.0,32,0.16828224304199224,True,REGULAR,USD,2026-10-30,C
SPY261030C00754000,2026-09-29 18:28:30+00:00,754.0,20.52,20.78,20.96,-1.0200005,-4.735378,3.0,211,0.16651224121093755,True,REGULAR,USD,2026-10-30,C
SPY261030C00755000,2026-09-29 18:46:26+00:00,755.0,20.17,20.03,20.23,-1.7099991,-7.8153524,39.0,1007,0.16498637756347656,True,REGULAR,USD,2026-10-30,C
SPY261030C00756000,2026-09-29 15:29:04+00:00,756.0,18.23,19.31,19.49,-1.6700001,-8.39196,15.0,77,0.16327741027832032,True,REGULAR,USD,2026-10-30,C
SPY261030C00757000,2026-09-28 19:39:20+00:00,757.0,19.37,18.62,18.77,0.0,0.0,12.0,358,0.16167525344848632,True,REGULAR,USD,2026-10-30,C
SPY261030C00758000,2026-09-29 13:41:30+00:00,758.0,18.55,17.91,18.06,-1.1500015,-5.837571,2.0,210,0.16010361389160155,True,REGULAR,USD,2026-10-30,C
SPY261030C00759000,2026-09-29 18:01:52+00:00,759.0,16.49,17.21,17.35,-3.7000008,-18.325907,4.0,390,0.1583946466064453,True,REGULAR,USD,2026-10-30,C
SPY261030C00760000,2026-09-29 18:47:44+00:00,760.0,16.37,16.5,16.64,-1.0899982,-6.242831,463.0,3593,0.15660938613891606,True,REGULAR,USD,2026-10-30,C
SPY261030C00761000,2026-09-29 18:23:01+00:00,761.0,15.7,15.86,15.99,-2.3499994,-13.019388,51.0,379,0.15537343658447267,True,REGULAR,USD,2026-10-30,C
SPY261030C00762000,2026-09-29 18:50:54+00:00,762.0,15.17,15.18,15.31,-2.8199997,-15.675374,76.0,234,0.15369498657226563,True,REGULAR,USD,2026-10-30,C
SPY261030C00763000,2026-09-29 18:47:37+00:00,763.0,14.5,14.54,14.68,-0.9499998,-6.148866,453.0,227,0.1524437783813477,True,REGULAR,USD,2026-10-30,C
SPY261030C00764000,2026-09-29 18:40:54+00:00,764.0,14.16,13.93,14.02,-0.53999996,-3.673469,688.0,397,0.15073481109619147,True,REGULAR,USD,2026-10-30,C
SPY261030C00765000,2026-09-29 18:47:46+00:00,765.0,13.19,13.3,13.35,-0.78999996,-5.65093,1295.0,1526,0.14878170562744142,False,REGULAR,USD,2026-10-30,C
SPY261030C00766000,2026-09-29 18:40:49+00:00,766.0,12.86,12.73,12.75,-0.69000053,-5.0922546,1496.0,1019,0.14749998016357424,False,REGULAR,USD,2026-10-30,C
SPY261030C00767000,2026-09-29 18:41:05+00:00,767.0,12.35,12.14,12.18,-0.60999966,-4.7067876,714.0,1362,0.1464013583374023,False,REGULAR,USD,2026-10-30,C
SPY261030C00768000,2026-09-29 18:47:46+00:00,768.0,11.42,11.54,11.58,-0.96000004,-7.7544427,1387.0,1330,0.1448449774169922,False,REGULAR,USD,2026-10-30,C
SPY261030C00769000,2026-09-29 18:47:11+00:00,769.0,10.94,10.97,11.01,-0.8600006,-7.288141,439.0,1119,0.14347170013427735,False,REGULAR,USD,2026-10-30,C
SPY261030C00770000,2026-09-29 18:52:53+00:00,770.0,10.46,10.43,10.46,-0.5699997,-5.1677217,2126.0,6966,0.14218997467041017,False,REGULAR,USD,2026-10-30,C
SPY261030C00771000,2026-09-29 18:46:06+00:00,771.0,9.97,9.9,9.93,-0.65999985,-6.2088413,319.0,1098,0.14096928375244144,False,REGULAR,USD,2026-10-30,C
SPY261030C00772000,2026-09-29 18:53:49+00:00,772.0,9.37,9.37,9.4,-0.4800005,-4.873101,657.0,612,0.13959600646972659,False,REGULAR,USD,2026-10-30,C
SPY261030C00773000,2026-09-29 18:53:39+00:00,773.0,8.9,8.89,8.91,-0.6600008,-6.9037733,511.0,535,0.13852790191650394,False,REGULAR,USD,2026-10-30,C
SPY261030C00774000,2026-09-29 18:44:46+00:00,774.0,8.47,8.4,8.43,-0.5,-5.574136,482.0,1215,0.13742928009033206,False,REGULAR,USD,2026-10-30,C
SPY261030C00775000,2026-09-29 18:44:46+00:00,775.0,8.0,7.91,7.94,-0.47000027,-5.5489993,691.0,5473,0.1360560028076172,False,REGULAR,USD,2026-10-30,C
SPY261030C00776000,2026-09-29 18:41:29+00:00,776.0,7.66,7.47,7.49,-0.3000002,-3.7688465,486.0,1560,0.13495738098144533,False,REGULAR,USD,2026-10-30,C
SPY261030C00777000,2026-09-29 18:38:48+00:00,777.0,6.98,7.04,7.07,-0.53999996,-7.1808505,212.0,990,0.13407238006591798,False,REGULAR,USD,2026-10-30,C
SPY261030C00778000,2026-09-29 18:53:49+00:00,778.0,6.63,6.64,6.67,-0.78999996,-10.6469,571.0,1410,0.13324841369628904,False,REGULAR,USD,2026-10-30,C
SPY261030C00779000,2026-09-29 18:53:48+00:00,779.0,6.25,6.24,6.27,-0.5300002,-7.8171124,111.0,1083,0.13227186096191407,False,REGULAR,USD,2026-10-30,C
SPY261030C00780000,2026-09-29 18:51:37+00:00,780.0,5.85,5.86,5.89,-0.5500002,-8.593753,1952.0,7592,0.1313563427734375,False,REGULAR,USD,2026-10-30,C
SPY261030C00781000,2026-09-29 18:52:41+00:00,781.0,5.5,5.48,5.51,-0.4000001,-6.779662,213.0,978,0.1302577209472656,False,REGULAR,USD,2026-10-30,C
SPY261030C00782000,2026-09-29 18:28:47+00:00,782.0,5.01,5.15,5.17,-1.0699997,-17.598679,307.0,1872,0.12949478912353518,False,REGULAR,USD,2026-10-30,C
SPY261030C00783000,2026-09-29 18:41:47+00:00,783.0,4.94,4.82,4.84,-0.28999996,-5.5449324,501.0,22297,0.12870134002685546,False,REGULAR,USD,2026-10-30,C
SPY261030C00784000,2026-09-29 18:43:17+00:00,784.0,4.57,4.5,4.52,-0.2999997,-6.1601586,61.0,839,0.12784685638427734,False,REGULAR,USD,2026-10-30,C
SPY261030C00785000,2026-09-29 18:41:28+00:00,785.0,4.33,4.21,4.24,-0.22000027,-4.8351703,252.0,11040,0.12735858001708983,False,REGULAR,USD,2026-10-30,C
SPY261030C00786000,2026-09-29 18:51:47+00:00,786.0,3.92,3.93,3.96,-0.48999977,-11.111106,38.0,360,0.12671771728515624,False,REGULAR,USD,2026-10-30,C
SPY261030C00787000,2026-09-29 18:35:01+00:00,787.0,3.49,3.66,3.68,-0.46000004,-11.645571,66.0,553,0.12586323364257812,False,REGULAR,USD,2026-10-30,C
SPY261030C00788000,2026-09-29 18:22:43+00:00,788.0,3.3,3.41,3.43,-0.47000003,-12.466845,294.0,662,0.12528340545654298,False,REGULAR,USD,2026-10-30,C
SPY261030C00789000,2026-09-29 18:07:40+00:00,789.0,3.05,3.16,3.19,-0.33000016,-9.763318,643.0,1455,0.1246730599975586,False,REGULAR,USD,2026-10-30,C
SPY261030C00790000,2026-09-29 18:51:32+00:00,790.0,2.93,2.95,2.98,-0.26,-8.15047,3317.0,7534,0.1243373699951172,False,REGULAR,USD,2026-10-30,C
SPY261030C00791000,2026-09-29 18:40:23+00:00,791.0,2.78,2.73,2.76,-0.17000008,-5.7627144,282.0,672,0.12366598999023437,False,REGULAR,USD,2026-10-30,C
SPY261030C00792000,2026-09-29 18:51:47+00:00,792.0,2.53,2.53,2.56,-0.21000004,-7.664235,88.0,854,0.12314719635009766,False,REGULAR,USD,2026-10-30,C
SPY261030C00793000,2026-09-29 18:00:32+00:00,793.0,2.16,2.36,2.38,-0.47000003,-17.870724,49.0,775,0.12281150634765625,False,REGULAR,USD,2026-10-30,C
SPY261030C00794000,2026-09-29 17:11:13+00:00,794.0,2.11,2.18,2.2,-0.25,-10.593221,304.0,1296,0.12226219543457033,False,REGULAR,USD,2026-10-30,C
SPY261030C00795000,2026-09-29 18:48:45+00:00,795.0,2.01,2.02,2.04,-0.19000006,-8.636366,1385.0,4846,0.1219265054321289,False,REGULAR,USD,2026-10-30,C
SPY261030C00796000,2026-09-29 17:21:47+00:00,796.0,1.6,1.88,1.9,-0.41999996,-20.792078,119.0,744,0.12180443634033203,False,REGULAR,USD,2026-10-30,C
SPY261030C00797000,2026-09-29 17:24:39+00:00,797.0,1.55,1.73,1.75,-0.33000004,-17.553194,61.0,1694,0.12131615997314452,False,REGULAR,USD,2026-10-30,C
SPY261030C00798000,2026-09-29 18:22:26+00:00,798.0,1.52,1.59,1.62,-0.26999998,-15.083798,39.0,505,0.12107202178955079,False,REGULAR,USD,2026-10-30,C
SPY261030C00799000,2026-09-29 17:11:13+00:00,799.0,1.27,1.47,1.49,-0.48000002,-27.428572,72.0,1076,0.1206142626953125,False,REGULAR,USD,2026-10-30,C
SPY261030C00800000,2026-09-29 18:48:33+00:00,800.0,1.34,1.36,1.39,-0.13999999,-9.459458,5128.0,17489,0.12073633178710938,False,REGULAR,USD,2026-10-30,C
SPY261030C00801000,2026-09-29 18:20:43+00:00,801.0,1.17,1.25,1.27,-0.20000005,-14.598543,105.0,975,0.12018702087402343,False,REGULAR,USD,2026-10-30,C
SPY261030C00802000,2026-09-29 18:45:06+00:00,802.0,1.18,1.16,1.18,-0.100000024,-7.8125014,352.0,853,0.12018702087402343,False,REGULAR,USD,2026-10-30,C
SPY261030C00803000,2026-09-29 18:51:30+00:00,803.0,1.07,1.07,1.09,-0.109999895,-9.322025,29.0,2128,0.12006495178222655,False,REGULAR,USD,2026-10-30,C
SPY261030C00804000,2026-09-29 18:23:09+00:00,804.0,0.97,0.99,1.0,-0.37,-27.61194,97.0,853,0.11975977905273436,False,REGULAR,USD,2026-10-30,C
SPY261030C00805000,2026-09-29 18:51:21+00:00,805.0,0.91,0.91,0.92,-0.089999974,-8.999997,158.0,2154,0.11963770996093749,False,REGULAR,USD,2026-10-30,C
SPY261030C00806000,2026-09-29 18:03:50+00:00,806.0,0.75,0.84,0.86,-0.16000003,-17.582418,1021.0,879,0.11988184814453123,False,REGULAR,USD,2026-10-30,C
SPY261030C00807000,2026-09-29 18:44:13+00:00,807.0,0.8,0.77,0.79,-0.099999964,-11.111107,401.0,1304,0.11975977905273436,False,REGULAR,USD,2026-10-30,C
SPY261030C00808000,2026-09-29 18:29:50+00:00,808.0,0.68,0.72,0.73,-0.21999997,-24.44444,893.0,1147,0.11975977905273436,False,REGULAR,USD,2026-10-30,C
SPY261030C00809000,2026-09-29 18:03:49+00:00,809.0,0.59,0.66,0.67,-0.15000004,-20.270275,117.0,1830,0.11963770996093749,False,REGULAR,USD,2026-10-30,C
SPY261030C00810000,2026-09-29 18:41:56+00:00,810.0,0.63,0.61,0.62,-0.060000002,-8.695652,440.0,3488,0.11975977905273436,False,REGULAR,USD,2026-10-30,C
SPY261030C00811000,2026-09-29 18:41:32+00:00,811.0,0.59,0.56,0.57,-0.02000004,-3.278695,166.0,645,0.11969874450683593,False,REGULAR,USD,2026-10-30,C
SPY261030C00812000,2026-09-29 18:30:48+00:00,812.0,0.49,0.52,0.54,-0.07999998,-14.035085,147.0,497,0.12037012451171875,False,REGULAR,USD,2026-10-30,C
SPY261030C00813000,2026-09-29 18:29:09+00:00,813.0,0.47,0.48,0.5,-0.16,-25.396826,13.0,423,0.12055322814941406,False,REGULAR,USD,2026-10-30,C
SPY261030C00814000,2026-09-28 18:15:49+00:00,814.0,0.48,0.44,0.46,-0.099999994,-17.241379,75.0,1597,0.12055322814941406,False,REGULAR,USD,2026-10-30,C
SPY261030C00815000,2026-09-29 18:51:21+00:00,815.0,0.43,0.42,0.43,-0.03999999,-9.523808,39.0,2678,0.12098046997070314,False,REGULAR,USD,2026-10-30,C
SPY261030C00816000,2026-09-29 18:25:44+00:00,816.0,0.38,0.38,0.4,-0.099999994,-20.833332,17.0,2559,0.12122460815429686,False,REGULAR,USD,2026-10-30,C
SPY261030C00817000,2026-09-28 17:36:13+00:00,817.0,0.42,0.36,0.37,-0.050000012,-10.6383,29.0,2286,0.12134667724609374,False,REGULAR,USD,2026-10-30,C
SPY261030C00818000,2026-09-29 17:34:52+00:00,818.0,0.28,0.33,0.35,-0.15,-34.883724,385.0,2236,0.12207909179687501,False,REGULAR,USD,2026-10-30,C
SPY261030C00819000,2026-09-29 18:40:29+00:00,819.0,0.32,0.32,0.33,-0.030000001,-8.571428,8.0,1572,0.12256736816406251,False,REGULAR,USD,2026-10-30,C
SPY261030C00820000,2026-09-29 18:39:18+00:00,820.0,0.3,0.3,0.31,-0.01999998,-6.2499943,27.0,5592,0.12317771362304689,False,REGULAR,USD,2026-10-30,C
SPY261030C00821000,2026-09-29 15:31:37+00:00,821.0,0.24,0.27,0.29,-0.060000017,-20.000006,96.0,2869,0.1235439208984375,False,REGULAR,USD,2026-10-30,C
SPY261030C00822000,2026-09-29 17:29:52+00:00,822.0,0.22,0.26,0.27,-0.060000002,-21.428572,3.0,677,0.12378805908203125,False,REGULAR,USD,2026-10-30,C
SPY261030C00823000,2026-09-28 16:34:22+00:00,823.0,0.28,0.24,0.26,-0.030000001,-9.67742,117.0,955,0.12476461181640625,False,REGULAR,USD,2026-10-30,C
SPY261030C00824000,2026-09-29 18:03:49+00:00,824.0,0.2,0.23,0.24,-0.08999999,-31.034481,2.0,1307,0.12500875,False,REGULAR,USD,2026-10-30,C
SPY261030C00825000,2026-09-29 16:44:38+00:00,825.0,0.18,0.22,0.23,-0.06999999,-27.999996,11.0,4454,0.12586323364257812,False,REGULAR,USD,2026-10-30,C
SPY261030C00826000,2026-09-29 13:30:05+00:00,826.0,0.24,0.2,0.21,-0.09000002,-27.272732,11.0,141,0.12574116455078127,False,REGULAR,USD,2026-10-30,C
SPY261030C00827000,2026-09-29 15:37:14+00:00,827.0,0.17,0.19,0.2,-0.08,-32.0,21.0,2202,0.12647357910156248,False,REGULAR,USD,2026-10-30,C
SPY261030C00828000,2026-09-29 18:18:46+00:00,828.0,0.17,0.18,0.19,-0.34999996,-67.307686,3.0,58,0.12720599365234375,False,REGULAR,USD,2026-10-30,C
SPY261030C00829000,2026-09-29 18:41:16+00:00,829.0,0.18,0.17,0.18,-0.029999986,-14.285707,1631.0,737,0.127938408203125,False,REGULAR,USD,2026-10-30,C
SPY261030C00830000,2026-09-29 16:04:51+00:00,830.0,0.15,0.16,0.17,-0.03999999,-21.052628,103.0,16595,0.12842668457031248,False,REGULAR,USD,2026-10-30,C
SPY261030C00831000,2026-09-28 17:08:03+00:00,831.0,0.18,0.16,0.17,0.0,0.0,332.0,381,0.13013565185546871,False,REGULAR,USD,2026-10-30,C
SPY261030C00832000,2026-09-28 13:40:43+00:00,832.0,0.19,0.15,0.16,0.0,0.0,1.0,510,0.13062392822265623,False,REGULAR,USD,2026-10-30,C
SPY261030C00833000,2026-09-29 16:33:18+00:00,833.0,0.13,0.14,0.15,-0.030000001,-18.75,125.0,496,0.13086806640624998,False,REGULAR,USD,2026-10-30,C
SPY261030C00834000,2026-09-29 17:54:28+00:00,834.0,0.12,0.14,0.15,-0.080000006,-40.000004,13.0,9963,0.13257703369140628,False,REGULAR,USD,2026-10-30,C
SPY261030C00835000,2026-09-29 18:20:54+00:00,835.0,0.12,0.13,0.14,-0.030000009,-20.000006,14.0,3216,0.132821171875,False,REGULAR,USD,2026-10-30,C
SPY261030C00840000,2026-09-29 15:25:52+00:00,840.0,0.1,0.1,0.11,-0.019999996,-16.666662,6.0,856,0.1362391064453125,False,REGULAR,USD,2026-10-30,C
SPY261030C00845000,2026-09-29 18:42:30+00:00,845.0,0.1,0.08,0.09,0.0,0.0,51.0,598,0.1401453173828125,False,REGULAR,USD,2026-10-30,C
SPY261030C00850000,2026-09-29 17:31:40+00:00,850.0,0.06,0.07,0.08,-0.010000002,-14.285716,20.0,2363,0.145516357421875,False,REGULAR,USD,2026-10-30,C
SPY261030C00855000,2026-09-29 17:16:43+00:00,855.0,0.05,0.06,0.07,-0.02,-28.571428,2.0,990,0.14991084472656252,False,REGULAR,USD,2026-10-30,C
SPY261030C00860000,2026-09-28 19:59:02+00:00,860.0,0.05,0.05,0.06,0.0,0.0,72.0,1594,0.15430533203125002,False,REGULAR,USD,2026-10-30,C
SPY261030C00865000,2026-09-28 20:11:32+00:00,865.0,0.04,0.04,0.05,0.0,0.0,72.0,975,0.1577232666015625,False,REGULAR,USD,2026-10-30,C
SPY261030C00870000,2026-09-29 18:12:26+00:00,870.0,0.03,0.03,0.04,-0.020000001,-40.000004,2.0,633,0.1606529248046875,False,REGULAR,USD,2026-10-30,C
SPY261030C00875000,2026-09-28 19:45:50+00:00,875.0,0.03,0.02,0.03,0.0,0.0,24.0,473,0.16211775390625,False,REGULAR,USD,2026-10-30,C
SPY261030C00880000,2026-09-24 19:36:47+00:00,880.0,0.03,0.02,0.03,0.0,0.0,24.0,587,0.16895362304687503,False,REGULAR,USD,2026-10-30,C
SPY261030C00885000,2026-09-29 17:36:37+00:00,885.0,0.01,0.02,0.03,-0.01,-50.0,3.0,293,0.174812939453125,False,REGULAR,USD,2026-10-30,C
SPY261030C00890000,2026-09-29 14:59:18+00:00,890.0,0.01,0.01,0.02,-0.01,-50.0,20.0,452,0.17383638671875,False,REGULAR,USD,2026-10-30,C
SPY261030C00895000,2026-09-29 14:30:58+00:00,895.0,0.02,0.01,0.02,-0.02,-50.0,1.0,156,0.179695703125,False,REGULAR,USD,2026-10-30,C
SPY261030C00900000,2026-09-29 17:32:20+00:00,900.0,0.02,0.01,0.02,-0.01,-33.333336,5.0,1633,0.18555501953124998,False,REGULAR,USD,2026-10-30,C
SPY261030C00910000,2026-09-25 14:00:22+00:00,910.0,0.02,0.01,0.02,0.0,0.0,1.0,1,0.19727365234375,False,REGULAR,USD,2026-10-30,C
SPY261030C00915000,2026-09-25 14:43:02+00:00,915.0,0.01,0.0,0.01,0.0,0.0,1.0,1,0.1914143359375,False,REGULAR,USD,2026-10-30,C
SPY261030C00920000,2026-09-24 15:38:30+00:00,920.0,0.01,0.0,0.01,0.0,0.0,8.0,16,0.195320546875,False,REGULAR,USD,2026-10-30,C
SPY261030C00925000,2026-09-25 16:09:02+00:00,925.0,0.01,0.0,0.01,0.0,0.0,100.0,100,0.20313296874999998,False,REGULAR,USD,2026-10-30,C
SPY261030C00930000,2026-09-25 13:30:04+00:00,930.0,0.01,0.0,0.01,0.0,0.0,4.0,12,0.20703917968749996,False,REGULAR,USD,2026-10-30,C
SPY261030P00470000,2026-09-29 18:12:41+00:00,470.0,0.06,0.05,0.06,0.0,0.0,144.0,77348,0.56836369140625,False,REGULAR,USD,2026-10-30,P
SPY261030P00475000,2026-09-29 13:57:41+00:00,475.0,0.06,0.05,0.06,-0.010000002,-14.285716,100.0,225,0.5566450585937501,False,REGULAR,USD,2026-10-30,P
SPY261030P00480000,2026-09-29 17:09:40+00:00,480.0,0.07,0.06,0.07,0.0,0.0,1.0,418,0.55273884765625,False,REGULAR,USD,2026-10-30,P
SPY261030P00485000,2026-09-29 13:58:41+00:00,485.0,0.07,0.06,0.07,-0.030000001,-30.0,100.0,45,0.5419967675781252,False,REGULAR,USD,2026-10-30,P
SPY261030P00490000,2026-09-29 16:07:35+00:00,490.0,0.07,0.07,0.08,-0.020000003,-22.222223,1.0,242,0.5380905566406251,False,REGULAR,USD,2026-10-30,P
SPY261030P00495000,2026-09-28 14:12:52+00:00,495.0,0.09,0.07,0.08,0.0,0.0,27.0,250,0.526371923828125,False,REGULAR,USD,2026-10-30,P
SPY261030P00500000,2026-09-29 14:48:54+00:00,500.0,0.08,0.08,0.09,-0.010000005,-11.111116,5.0,1874,0.5214891601562499,False,REGULAR,USD,2026-10-30,P
SPY261030P00505000,2026-09-29 13:42:33+00:00,505.0,0.09,0.08,0.09,0.0,0.0,40.0,230,0.5097705273437501,False,REGULAR,USD,2026-10-30,P
SPY261030P00510000,2026-09-29 18:43:36+00:00,510.0,0.1,0.09,0.1,-0.009999998,-9.999997,12.0,752,0.5048877636718749,False,REGULAR,USD,2026-10-30,P
SPY261030P00515000,2026-09-25 19:59:47+00:00,515.0,0.1,0.09,0.1,0.0,0.0,12.0,311,0.49609878906250005,False,REGULAR,USD,2026-10-30,P
SPY261030P00520000,2026-09-29 16:59:35+00:00,520.0,0.11,0.1,0.11,0.0,0.0,46.0,485,0.4897511962890626,False,REGULAR,USD,2026-10-30,P
SPY261030P00525000,2026-09-29 14:42:49+00:00,525.0,0.11,0.11,0.12,-0.009999998,-8.333331,91.0,422,0.48340360351562506,False,REGULAR,USD,2026-10-30,P
SPY261030P00530000,2026-09-23 14:14:45+00:00,530.0,0.15,0.11,0.12,0.0,0.0,7.0,613,0.471684970703125,False,REGULAR,USD,2026-10-30,P
SPY261030P00535000,2026-09-29 16:26:29+00:00,535.0,0.13,0.12,0.13,-0.010000005,-7.1428604,1.0,218,0.46484910156250003,False,REGULAR,USD,2026-10-30,P
SPY261030P00540000,2026-09-29 17:18:24+00:00,540.0,0.15,0.13,0.14,-0.019999996,-11.764703,4.0,574,0.45752495605468757,False,REGULAR,USD,2026-10-30,P
SPY261030P00545000,2026-09-25 19:35:19+00:00,545.0,0.16,0.14,0.15,0.0,0.0,65.0,481,0.4497125341796875,False,REGULAR,USD,2026-10-30,P
SPY261030P00550000,2026-09-29 14:47:55+00:00,550.0,0.15,0.15,0.16,-0.03999999,-21.052628,5.0,614,0.4419001123046875,False,REGULAR,USD,2026-10-30,P
SPY261030P00555000,2026-09-28 16:45:31+00:00,555.0,0.18,0.16,0.17,0.0,0.0,76.0,443,0.43408769042968753,False,REGULAR,USD,2026-10-30,P
SPY261030P00560000,2026-09-29 13:50:19+00:00,560.0,0.18,0.17,0.18,-0.00999999,-5.263153,35.0,394,0.42578699218750005,False,REGULAR,USD,2026-10-30,P
SPY261030P00565000,2026-09-29 17:39:06+00:00,565.0,0.2,0.18,0.19,0.0,0.0,10.0,231,0.41748629394531245,False,REGULAR,USD,2026-10-30,P
SPY261030P00570000,2026-09-28 17:50:27+00:00,570.0,0.21,0.19,0.2,0.0,0.0,24.0,150815,0.40918559570312496,False,REGULAR,USD,2026-10-30,P
SPY261030P00575000,2026-09-28 19:38:56+00:00,575.0,0.21,0.2,0.21,-0.030000001,-12.5,5.0,1302,0.40039662109375,False,REGULAR,USD,2026-10-30,P
SPY261030P00580000,2026-09-28 20:13:47+00:00,580.0,0.22,0.22,0.23,-0.019999996,-8.333331,3.0,3749,0.3940490283203125,False,REGULAR,USD,2026-10-30,P
SPY261030P00585000,2026-09-29 13:34:07+00:00,585.0,0.23,0.23,0.24,-0.019999996,-7.999998,1.0,569,0.3850159155273437,False,REGULAR,USD,2026-10-30,P
SPY261030P00590000,2026-09-29 14:46:20+00:00,590.0,0.24,0.24,0.25,-0.040000007,-14.285716,6.0,970,0.375982802734375,False,REGULAR,USD,2026-10-30,P
SPY261030P00595000,2026-09-24 19:59:43+00:00,595.0,0.35,0.26,0.27,0.0,0.0,94.0,21347,0.36865865722656255,False,REGULAR,USD,2026-10-30,P
SPY261030P00600000,2026-09-29 18:26:09+00:00,600.0,0.3,0.28,0.29,-0.00999999,-3.2258034,60.0,21791,0.36133451171875,False,REGULAR,USD,2026-10-30,P
SPY261030P00605000,2026-09-25 15:15:55+00:00,605.0,0.37,0.3,0.31,0.0,0.0,1.0,1089,0.35352208984374994,False,REGULAR,USD,2026-10-30,P
SPY261030P00610000,2026-09-29 14:41:43+00:00,610.0,0.32,0.32,0.33,-0.04000002,-11.111116,13.0,1144,0.3454655297851562,False,REGULAR,USD,2026-10-30,P
SPY261030P00615000,2026-09-29 13:30:04+00:00,615.0,0.35,0.34,0.35,-0.030000001,-7.894737,1.0,715,0.3371648315429688,False,REGULAR,USD,2026-10-30,P
SPY261030P00620000,2026-09-29 16:53:01+00:00,620.0,0.41,0.36,0.37,0.02000001,5.1282077,2.0,2598,0.3286199951171874,False,REGULAR,USD,2026-10-30,P
SPY261030P00625000,2026-09-29 13:40:23+00:00,625.0,0.38,0.38,0.39,-0.060000002,-13.636364,32.0,958,0.3200751586914062,False,REGULAR,USD,2026-10-30,P
SPY261030P00630000,2026-09-29 18:53:55+00:00,630.0,0.42,0.41,0.42,-0.030000001,-6.122449,25.0,2057,0.31250687499999996,False,REGULAR,USD,2026-10-30,P
SPY261030P00635000,2026-09-29 16:06:58+00:00,635.0,0.51,0.44,0.45,0.030000001,6.25,1.0,678,0.3045723840332031,False,REGULAR,USD,2026-10-30,P
SPY261030P00640000,2026-09-29 18:29:01+00:00,640.0,0.49,0.47,0.48,-0.01999998,-3.921565,14.0,637,0.2963937548828125,False,REGULAR,USD,2026-10-30,P
SPY261030P00641000,2026-09-28 18:43:28+00:00,641.0,0.51,0.48,0.49,0.0,0.0,1.0,351,0.29505099487304687,False,REGULAR,USD,2026-10-30,P
SPY261030P00642000,2026-09-25 17:33:33+00:00,642.0,0.48,0.49,0.5,-0.07000002,-12.727277,5.0,135,0.2937082348632812,False,REGULAR,USD,2026-10-30,P
SPY261030P00643000,2026-09-29 14:21:23+00:00,643.0,0.5,0.5,0.51,-0.01999998,-3.8461504,1.0,393,0.2924875439453124,False,REGULAR,USD,2026-10-30,P
SPY261030P00644000,2026-09-21 14:25:16+00:00,644.0,0.7,0.51,0.52,0.0,0.0,4.0,401,0.2910227148437499,False,REGULAR,USD,2026-10-30,P
SPY261030P00645000,2026-09-29 18:23:27+00:00,645.0,0.54,0.51,0.52,-0.03999996,-6.8965454,5.0,484,0.28882547119140617,False,REGULAR,USD,2026-10-30,P
SPY261030P00646000,2026-09-29 16:26:48+00:00,646.0,0.57,0.52,0.53,-0.06999999,-10.937499,1.0,141,0.2873606420898437,False,REGULAR,USD,2026-10-30,P
SPY261030P00647000,2026-09-29 15:23:57+00:00,647.0,0.59,0.53,0.54,-0.13000005,-18.055563,202.0,142,0.28601788208007806,False,REGULAR,USD,2026-10-30,P
SPY261030P00648000,2026-09-28 13:54:25+00:00,648.0,0.59,0.54,0.55,0.0,0.0,5.0,413,0.2846751220703124,False,REGULAR,USD,2026-10-30,P
SPY261030P00649000,2026-09-29 17:16:38+00:00,649.0,0.62,0.54,0.55,-0.14999998,-19.480518,15.0,167,0.2823558093261719,False,REGULAR,USD,2026-10-30,P
SPY261030P00650000,2026-09-29 17:43:59+00:00,650.0,0.61,0.55,0.56,-0.00999999,-1.6129017,60.0,8264,0.28089098022460934,False,REGULAR,USD,2026-10-30,P
SPY261030P00651000,2026-09-29 17:16:46+00:00,651.0,0.65,0.56,0.57,0.01999998,3.1746001,22.0,68,0.2794261511230468,False,REGULAR,USD,2026-10-30,P
SPY261030P00652000,2026-09-28 15:58:55+00:00,652.0,0.68,0.57,0.58,0.0,0.0,255.0,474,0.2779613220214844,False,REGULAR,USD,2026-10-30,P
SPY261030P00653000,2026-09-23 13:30:02+00:00,653.0,0.65,0.58,0.59,0.0,0.0,158.0,528,0.27649649291992184,False,REGULAR,USD,2026-10-30,P
SPY261030P00654000,2026-09-28 15:54:12+00:00,654.0,0.72,0.58,0.6,0.0,0.0,10.0,189,0.2749095947265625,False,REGULAR,USD,2026-10-30,P
SPY261030P00655000,2026-09-29 17:43:59+00:00,655.0,0.66,0.6,0.61,0.01000005,1.5384693,12.0,207,0.273444765625,False,REGULAR,USD,2026-10-30,P
SPY261030P00656000,2026-09-29 16:08:40+00:00,656.0,0.67,0.6,0.62,0.0,0.0,6.0,456,0.27197993652343744,False,REGULAR,USD,2026-10-30,P
SPY261030P00657000,2026-09-29 15:26:51+00:00,657.0,0.69,0.61,0.62,0.01999998,2.9850717,38.0,544,0.2696606237792969,False,REGULAR,USD,2026-10-30,P
SPY261030P00658000,2026-09-23 15:21:26+00:00,658.0,0.76,0.62,0.63,0.0,0.0,6.0,85,0.26807372558593745,False,REGULAR,USD,2026-10-30,P
SPY261030P00659000,2026-09-18 19:51:22+00:00,659.0,1.14,0.64,0.65,0.0,0.0,1.0,314,0.2672192419433594,False,REGULAR,USD,2026-10-30,P
SPY261030P00660000,2026-09-29 18:40:54+00:00,660.0,0.64,0.64,0.65,-0.09000003,-12.328772,20.0,860,0.26489992919921873,False,REGULAR,USD,2026-10-30,P
SPY261030P00661000,2026-09-16 19:29:26+00:00,661.0,2.26,0.65,0.67,0.0,0.0,37.0,73,0.2640454455566406,False,REGULAR,USD,2026-10-30,P
SPY261030P00662000,2026-09-28 14:29:39+00:00,662.0,0.73,0.66,0.68,0.0,0.0,2.0,246,0.26233647827148443,False,REGULAR,USD,2026-10-30,P
SPY261030P00663000,2026-09-29 15:25:58+00:00,663.0,0.73,0.68,0.69,-0.01999998,-2.6666641,10.0,593,0.260749580078125,False,REGULAR,USD,2026-10-30,P
SPY261030P00664000,2026-09-28 17:57:59+00:00,664.0,0.74,0.69,0.7,0.0,0.0,10.0,820,0.2590406127929688,False,REGULAR,USD,2026-10-30,P
SPY261030P00665000,2026-09-29 18:09:52+00:00,665.0,0.79,0.7,0.71,0.02000004,2.5974078,20.0,643,0.2574537145996094,False,REGULAR,USD,2026-10-30,P
SPY261030P00666000,2026-09-28 16:16:01+00:00,666.0,0.83,0.71,0.72,0.0,0.0,1.0,383,0.2557447473144532,False,REGULAR,USD,2026-10-30,P
SPY261030P00667000,2026-09-25 14:01:38+00:00,667.0,0.78,0.73,0.74,-0.100000024,-11.363639,3.0,310,0.2546461254882813,False,REGULAR,USD,2026-10-30,P
SPY261030P00668000,2026-09-29 13:30:04+00:00,668.0,0.83,0.74,0.76,0.03999996,5.0632863,60.0,66,0.25354750366210943,False,REGULAR,USD,2026-10-30,P
SPY261030P00669000,2026-09-29 14:32:37+00:00,669.0,0.75,0.75,0.76,-0.06999999,-8.536584,2.0,144,0.2512281909179687,False,REGULAR,USD,2026-10-30,P
SPY261030P00670000,2026-09-29 18:32:04+00:00,670.0,0.81,0.76,0.78,-0.060000002,-6.8965516,47.0,76485,0.2500075,False,REGULAR,USD,2026-10-30,P
SPY261030P00671000,2026-09-29 14:20:41+00:00,671.0,0.77,0.78,0.79,-0.06999999,-8.333332,1.0,139,0.24829853271484376,False,REGULAR,USD,2026-10-30,P
SPY261030P00672000,2026-09-29 14:20:41+00:00,672.0,0.87,0.79,0.81,0.04000002,4.8192797,10.0,59,0.247077841796875,False,REGULAR,USD,2026-10-30,P
SPY261030P00673000,2026-09-29 16:45:54+00:00,673.0,0.94,0.81,0.82,0.06999999,8.045976,6.0,820,0.2452468054199219,False,REGULAR,USD,2026-10-30,P
SPY261030P00674000,2026-09-29 17:55:53+00:00,674.0,0.93,0.82,0.83,0.030000031,3.3333368,2.0,215,0.24353783813476562,False,REGULAR,USD,2026-10-30,P
SPY261030P00675000,2026-09-29 15:50:33+00:00,675.0,0.9,0.84,0.85,-0.01000005,-1.0989065,5.0,1469,0.242195078125,False,REGULAR,USD,2026-10-30,P
SPY261030P00676000,2026-09-28 13:34:16+00:00,676.0,0.96,0.85,0.86,0.0,0.0,1.0,85,0.24036404174804685,False,REGULAR,USD,2026-10-30,P
SPY261030P00677000,2026-09-29 15:24:20+00:00,677.0,0.99,0.87,0.89,0.050000012,5.31915,10.0,196,0.23957059265136715,False,REGULAR,USD,2026-10-30,P
SPY261030P00678000,2026-09-29 16:54:14+00:00,678.0,0.99,0.88,0.9,0.100000024,11.235957,1.0,287,0.23767852172851558,False,REGULAR,USD,2026-10-30,P
SPY261030P00679000,2026-09-29 15:47:31+00:00,679.0,0.97,0.9,0.92,0.01000005,1.0416719,21.0,290,0.23633576171874998,False,REGULAR,USD,2026-10-30,P
SPY261030P00680000,2026-09-29 16:16:02+00:00,680.0,1.05,0.92,0.93,0.00999999,0.9615376,86.0,2098,0.23438265625,False,REGULAR,USD,2026-10-30,P
SPY261030P00681000,2026-09-29 15:47:32+00:00,681.0,1.01,0.94,0.96,-0.00999999,-0.98039126,17.0,392,0.23352817260742187,False,REGULAR,USD,2026-10-30,P
SPY261030P00682000,2026-09-29 14:14:05+00:00,682.0,0.95,0.95,0.97,-0.16000003,-14.414416,1.0,299,0.23157506713867188,False,REGULAR,USD,2026-10-30,P
SPY261030P00683000,2026-09-29 15:47:32+00:00,683.0,1.05,0.98,0.99,-0.110000014,-9.48276,11.0,1830,0.23011023803710937,False,REGULAR,USD,2026-10-30,P
SPY261030P00684000,2026-09-29 16:04:41+00:00,684.0,1.13,1.0,1.01,0.09000003,8.653851,72.0,570,0.22858437438964846,False,REGULAR,USD,2026-10-30,P
SPY261030P00685000,2026-09-29 17:37:47+00:00,685.0,1.13,1.02,1.04,0.0,0.0,103.0,12475,0.22754678710937498,False,REGULAR,USD,2026-10-30,P
SPY261030P00686000,2026-09-29 17:34:12+00:00,686.0,1.15,1.04,1.05,0.03999996,3.6036,73.0,330,0.22553264709472653,False,REGULAR,USD,2026-10-30,P
SPY261030P00687000,2026-09-29 18:24:10+00:00,687.0,1.13,1.07,1.08,-0.03999996,-3.4188004,32.0,252,0.2243729907226562,False,REGULAR,USD,2026-10-30,P
SPY261030P00688000,2026-09-29 13:31:19+00:00,688.0,1.03,1.08,1.1,-0.19000006,-15.573775,2.0,3430,0.22278609252929685,False,REGULAR,USD,2026-10-30,P
SPY261030P00689000,2026-09-29 17:31:31+00:00,689.0,1.24,1.11,1.12,-0.08000004,-6.060609,111.0,3246,0.2211991943359375,False,REGULAR,USD,2026-10-30,P
SPY261030P00690000,2026-09-29 18:51:21+00:00,690.0,1.14,1.14,1.15,-0.120000005,-9.523809,364.0,5528,0.2199785034179687,False,REGULAR,USD,2026-10-30,P
SPY261030P00691000,2026-09-29 15:42:55+00:00,691.0,1.28,1.15,1.17,0.089999914,7.563018,8.0,361,0.21826953613281247,False,REGULAR,USD,2026-10-30,P
SPY261030P00692000,2026-09-29 14:20:38+00:00,692.0,1.14,1.18,1.2,-0.120000005,-9.523809,22.0,122,0.2169878106689453,False,REGULAR,USD,2026-10-30,P
SPY261030P00693000,2026-09-29 15:02:07+00:00,693.0,1.29,1.21,1.22,-0.120000005,-8.510638,3.0,1762,0.21521780883789063,False,REGULAR,USD,2026-10-30,P
SPY261030P00694000,2026-09-29 15:01:44+00:00,694.0,1.32,1.23,1.25,0.01000011,0.7633672,4.0,235,0.213875048828125,False,REGULAR,USD,2026-10-30,P
SPY261030P00695000,2026-09-29 16:35:47+00:00,695.0,1.37,1.26,1.28,0.0,0.0,77.0,3134,0.21253228881835937,False,REGULAR,USD,2026-10-30,P
SPY261030P00696000,2026-09-29 15:24:48+00:00,696.0,1.38,1.29,1.31,0.0,0.0,10.0,553,0.21106745971679686,False,REGULAR,USD,2026-10-30,P
SPY261030P00697000,2026-09-29 16:40:10+00:00,697.0,1.43,1.32,1.34,0.07999992,5.92592,14.0,434,0.20960263061523435,False,REGULAR,USD,2026-10-30,P
SPY261030P00698000,2026-09-29 15:24:48+00:00,698.0,1.53,1.35,1.37,0.029999971,1.9999981,45.0,1362,0.20813780151367184,False,REGULAR,USD,2026-10-30,P
SPY261030P00699000,2026-09-29 16:04:50+00:00,699.0,1.58,1.39,1.41,0.24000001,17.910448,20.0,617,0.2069781451416015,False,REGULAR,USD,2026-10-30,P
SPY261030P00700000,2026-09-29 18:51:21+00:00,700.0,1.42,1.42,1.44,-0.120000005,-7.792208,382.0,9652,0.20539124694824218,False,REGULAR,USD,2026-10-30,P
SPY261030P00701000,2026-09-29 17:31:31+00:00,701.0,1.61,1.45,1.47,0.19000006,13.380286,57.0,769,0.2038043487548828,False,REGULAR,USD,2026-10-30,P
SPY261030P00702000,2026-09-29 18:44:04+00:00,702.0,1.5,1.49,1.5,-0.08000004,-5.0632935,20.0,533,0.2022174505615234,False,REGULAR,USD,2026-10-30,P
SPY261030P00703000,2026-09-29 17:31:31+00:00,703.0,1.71,1.53,1.54,0.18000007,11.764711,74.0,220,0.20087469055175777,False,REGULAR,USD,2026-10-30,P
SPY261030P00704000,2026-09-29 13:30:04+00:00,704.0,1.48,1.57,1.58,-0.14999998,-9.202453,20.0,396,0.1995319305419922,False,REGULAR,USD,2026-10-30,P
SPY261030P00705000,2026-09-29 18:48:14+00:00,705.0,1.63,1.61,1.62,-0.09000003,-5.23256,104.0,1623,0.1981281359863281,False,REGULAR,USD,2026-10-30,P
SPY261030P00706000,2026-09-29 17:07:03+00:00,706.0,1.89,1.65,1.66,0.21000004,12.500003,27.0,334,0.1966633068847656,False,REGULAR,USD,2026-10-30,P
SPY261030P00707000,2026-09-29 18:07:57+00:00,707.0,1.84,1.69,1.71,0.04000008,2.2222269,14.0,21322,0.19547313323974608,False,REGULAR,USD,2026-10-30,P
SPY261030P00708000,2026-09-29 18:40:23+00:00,708.0,1.74,1.74,1.76,0.0,0.0,12.0,290,0.19422192504882813,False,REGULAR,USD,2026-10-30,P
SPY261030P00709000,2026-09-29 15:18:45+00:00,709.0,1.92,1.78,1.8,0.059999943,3.2258034,46.0,487,0.1926960614013672,False,REGULAR,USD,2026-10-30,P
SPY261030P00710000,2026-09-29 18:33:57+00:00,710.0,1.94,1.83,1.84,-0.00999999,-0.51282,183.0,2680,0.19107864593505858,False,REGULAR,USD,2026-10-30,P
SPY261030P00711000,2026-09-29 13:30:04+00:00,711.0,2.04,1.88,1.9,0.16999996,9.090907,41.0,297,0.18998002410888676,False,REGULAR,USD,2026-10-30,P
SPY261030P00712000,2026-09-29 18:48:52+00:00,712.0,1.96,1.93,1.95,-0.13999987,-6.666661,7.0,411,0.18854571228027345,False,REGULAR,USD,2026-10-30,P
SPY261030P00713000,2026-09-29 18:25:34+00:00,713.0,2.09,1.98,2.0,0.119999886,6.091365,29.0,1487,0.1871114004516602,False,REGULAR,USD,2026-10-30,P
SPY261030P00714000,2026-09-29 17:31:41+00:00,714.0,2.27,2.03,2.05,0.18000007,8.612444,101.0,791,0.18561605407714843,False,REGULAR,USD,2026-10-30,P
SPY261030P00715000,2026-09-29 18:52:21+00:00,715.0,2.12,2.1,2.11,-0.13000011,-5.777783,125.0,3031,0.18433432861328125,False,REGULAR,USD,2026-10-30,P
SPY261030P00716000,2026-09-29 18:39:42+00:00,716.0,2.15,2.16,2.17,-0.03999996,-1.8264822,253.0,1161,0.1829915686035156,False,REGULAR,USD,2026-10-30,P
SPY261030P00717000,2026-09-29 18:11:01+00:00,717.0,2.45,2.22,2.23,0.18000007,7.9295187,18.0,990,0.18158777404785154,False,REGULAR,USD,2026-10-30,P
SPY261030P00718000,2026-09-29 18:25:34+00:00,718.0,2.4,2.28,2.29,0.07000017,3.0042994,23.0,1096,0.18012294494628905,False,REGULAR,USD,2026-10-30,P
SPY261030P00719000,2026-09-29 17:36:28+00:00,719.0,2.55,2.34,2.36,0.099999905,4.081629,139.0,525,0.1789022540283203,False,REGULAR,USD,2026-10-30,P
SPY261030P00720000,2026-09-29 18:52:21+00:00,720.0,2.42,2.41,2.43,-0.099999905,-3.9682503,512.0,5657,0.1775594940185547,False,REGULAR,USD,2026-10-30,P
SPY261030P00721000,2026-09-29 18:30:48+00:00,721.0,2.61,2.48,2.5,-0.07000017,-2.6119466,22.0,605,0.17621673400878907,False,REGULAR,USD,2026-10-30,P
SPY261030P00722000,2026-09-29 16:55:40+00:00,722.0,2.85,2.56,2.58,0.27999997,10.89494,32.0,452,0.1749960430908203,False,REGULAR,USD,2026-10-30,P
SPY261030P00723000,2026-09-29 18:45:15+00:00,723.0,2.63,2.63,2.66,-0.119999886,-4.363632,788.0,436,0.17371431762695314,False,REGULAR,USD,2026-10-30,P
SPY261030P00724000,2026-09-29 17:02:48+00:00,724.0,2.95,2.71,2.74,0.049999952,1.7241362,117.0,482,0.17237155761718753,False,REGULAR,USD,2026-10-30,P
SPY261030P00725000,2026-09-29 18:44:35+00:00,725.0,2.8,2.8,2.82,-0.10000014,-3.4482806,373.0,61987,0.17099828033447267,False,REGULAR,USD,2026-10-30,P
SPY261030P00726000,2026-09-29 18:42:21+00:00,726.0,2.87,2.89,2.91,-0.17000008,-5.592108,83.0,322,0.16974707214355472,False,REGULAR,USD,2026-10-30,P
SPY261030P00727000,2026-09-29 15:16:53+00:00,727.0,3.13,2.97,2.99,0.1400001,4.6822777,35.0,11993,0.1682212084960938,False,REGULAR,USD,2026-10-30,P
SPY261030P00728000,2026-09-29 17:10:19+00:00,728.0,3.51,3.06,3.09,0.37999988,12.140571,34.0,1526,0.16706155212402346,False,REGULAR,USD,2026-10-30,P
SPY261030P00729000,2026-09-29 18:00:32+00:00,729.0,3.4,3.15,3.18,0.19000006,5.919005,187.0,544,0.1656272402954102,False,REGULAR,USD,2026-10-30,P
SPY261030P00730000,2026-09-29 18:51:47+00:00,730.0,3.28,3.26,3.29,-0.10000014,-2.958584,5471.0,20417,0.16446758392333982,False,REGULAR,USD,2026-10-30,P
SPY261030P00731000,2026-09-29 18:48:40+00:00,731.0,3.42,3.36,3.39,-0.049999952,-1.4409208,264.0,682,0.16309430664062502,False,REGULAR,USD,2026-10-30,P
SPY261030P00732000,2026-09-29 16:55:35+00:00,732.0,3.86,3.47,3.49,0.2099998,5.7534194,68.0,694,0.16162947753906248,False,REGULAR,USD,2026-10-30,P
SPY261030P00733000,2026-09-29 18:35:01+00:00,733.0,3.78,3.58,3.61,0.24000001,6.779661,44.0,617,0.1604698211669922,False,REGULAR,USD,2026-10-30,P
SPY261030P00734000,2026-09-29 18:19:40+00:00,734.0,3.9,3.7,3.73,0.00999999,0.25706917,39.0,707,0.1592186129760742,False,REGULAR,USD,2026-10-30,P
SPY261030P00735000,2026-09-29 18:43:44+00:00,735.0,3.84,3.82,3.85,-0.09000015,-2.29008,331.0,10866,0.15787585296630857,False,REGULAR,USD,2026-10-30,P
SPY261030P00736000,2026-09-29 18:48:40+00:00,736.0,4.0,3.95,3.98,0.03999996,1.0101,40.0,806,0.15665516204833985,False,REGULAR,USD,2026-10-30,P
SPY261030P00737000,2026-09-29 18:24:10+00:00,737.0,4.27,4.08,4.1,0.23000002,5.69307,96.0,554,0.15515981567382814,False,REGULAR,USD,2026-10-30,P
SPY261030P00738000,2026-09-29 18:45:06+00:00,738.0,4.21,4.22,4.25,-0.07999992,-1.8648001,230.0,1037,0.1540917111206055,False,REGULAR,USD,2026-10-30,P
SPY261030P00739000,2026-09-29 18:36:53+00:00,739.0,4.54,4.36,4.38,0.09000015,2.0224755,73.0,917,0.15259636474609378,False,REGULAR,USD,2026-10-30,P
SPY261030P00740000,2026-09-29 18:44:00+00:00,740.0,4.54,4.52,4.54,-0.099999905,-2.1551704,854.0,3974,0.1514977429199219,False,REGULAR,USD,2026-10-30,P
SPY261030P00741000,2026-09-29 18:37:16+00:00,741.0,4.86,4.67,4.68,0.099999905,2.1008382,79.0,932,0.1500329138183594,False,REGULAR,USD,2026-10-30,P
SPY261030P00742000,2026-09-29 18:15:09+00:00,742.0,5.09,4.83,4.85,0.1800003,3.6659942,99.0,605,0.14887325744628904,False,REGULAR,USD,2026-10-30,P
SPY261030P00743000,2026-09-29 18:45:15+00:00,743.0,4.99,4.99,5.01,-0.09000015,-1.7716566,880.0,508,0.14753049743652347,False,REGULAR,USD,2026-10-30,P
SPY261030P00744000,2026-09-29 18:40:12+00:00,744.0,5.14,5.16,5.18,-0.059999943,-1.1538451,237.0,901,0.14618773742675778,False,REGULAR,USD,2026-10-30,P
SPY261030P00745000,2026-09-29 18:47:31+00:00,745.0,5.41,5.34,5.36,-0.03999996,-0.7339443,1106.0,21695,0.14493652923583983,False,REGULAR,USD,2026-10-30,P
SPY261030P00746000,2026-09-29 17:41:16+00:00,746.0,6.0,5.54,5.56,0.5500002,10.091747,245.0,1603,0.14383790740966795,False,REGULAR,USD,2026-10-30,P
SPY261030P00747000,2026-09-29 18:43:33+00:00,747.0,5.73,5.71,5.74,-0.099999905,-1.7152642,210.0,855,0.14237307830810547,False,REGULAR,USD,2026-10-30,P
SPY261030P00748000,2026-09-29 18:11:01+00:00,748.0,6.45,5.92,5.95,0.5,8.403361,214.0,854,0.1411981632995606,False,REGULAR,USD,2026-10-30,P
SPY261030P00749000,2026-09-29 18:43:16+00:00,749.0,6.15,6.12,6.15,0.0,0.0,216.0,836,0.1397943687438965,False,REGULAR,USD,2026-10-30,P
SPY261030P00750000,2026-09-29 18:53:36+00:00,750.0,6.37,6.34,6.37,-0.03000021,-0.46875328,1808.0,19286,0.13854316055297855,False,REGULAR,USD,2026-10-30,P
SPY261030P00751000,2026-09-29 18:50:37+00:00,751.0,6.63,6.58,6.6,0.07000017,1.0670758,191.0,1016,0.1373072109985352,False,REGULAR,USD,2026-10-30,P
SPY261030P00752000,2026-09-29 18:22:40+00:00,752.0,7.07,6.82,6.84,0.23000002,3.3625734,269.0,1037,0.13608652008056643,False,REGULAR,USD,2026-10-30,P
SPY261030P00753000,2026-09-29 18:02:42+00:00,753.0,7.58,7.04,7.07,0.96000004,14.501511,386.0,553,0.13462169097900395,False,REGULAR,USD,2026-10-30,P
SPY261030P00754000,2026-09-29 18:02:12+00:00,754.0,7.81,7.3,7.34,0.5,6.8399453,280.0,2242,0.13355358642578125,False,REGULAR,USD,2026-10-30,P
SPY261030P00755000,2026-09-29 18:45:01+00:00,755.0,7.52,7.56,7.59,-0.010000229,-0.13280515,679.0,61095,0.13208875732421876,False,REGULAR,USD,2026-10-30,P
SPY261030P00756000,2026-09-29 18:25:52+00:00,756.0,8.18,7.83,7.86,0.31000042,3.9390142,241.0,600,0.1307612559509277,False,REGULAR,USD,2026-10-30,P
SPY261030P00757000,2026-09-29 18:43:23+00:00,757.0,8.15,8.12,8.15,0.0899992,1.1166153,501.0,987,0.12954056503295897,False,REGULAR,USD,2026-10-30,P
SPY261030P00758000,2026-09-29 18:00:07+00:00,758.0,9.05,8.41,8.45,0.71000004,8.513189,281.0,1234,0.1283046154785156,False,REGULAR,USD,2026-10-30,P
SPY261030P00759000,2026-09-29 18:41:30+00:00,759.0,8.61,8.73,8.76,-0.11000061,-1.2614748,615.0,760,0.12703814865112306,False,REGULAR,USD,2026-10-30,P
SPY261030P00760000,2026-09-29 18:48:37+00:00,760.0,9.15,9.04,9.07,0.119999886,1.3289025,1389.0,16518,0.1256496127319336,False,REGULAR,USD,2026-10-30,P
SPY261030P00761000,2026-09-29 18:52:56+00:00,761.0,9.36,9.36,9.39,-0.020000458,-0.2132245,455.0,679,0.12421530090332032,False,REGULAR,USD,2026-10-30,P
SPY261030P00762000,2026-09-29 18:53:16+00:00,762.0,9.72,9.7,9.72,0.07000065,0.7253953,550.0,1335,0.12276573043823241,False,REGULAR,USD,2026-10-30,P
SPY261030P00763000,2026-09-29 18:53:36+00:00,763.0,10.1,10.09,10.13,-0.0899992,-0.883211,453.0,988,0.12204857452392578,False,REGULAR,USD,2026-10-30,P
SPY261030P00764000,2026-09-29 18:50:18+00:00,764.0,10.5,10.44,10.48,0.22000027,2.1400805,418.0,936,0.12052271087646485,False,REGULAR,USD,2026-10-30,P
SPY261030P00765000,2026-09-29 18:52:56+00:00,765.0,10.84,10.81,10.85,0.09000015,0.8372107,1227.0,3006,0.11905788177490234,True,REGULAR,USD,2026-10-30,P
SPY261030P00766000,2026-09-29 18:32:53+00:00,766.0,11.75,11.24,11.29,0.47999954,4.259091,319.0,890,0.11820339813232422,True,REGULAR,USD,2026-10-30,P
SPY261030P00767000,2026-09-29 18:26:04+00:00,767.0,12.12,11.65,11.69,0.5199995,4.482754,104.0,1019,0.11673856903076171,True,REGULAR,USD,2026-10-30,P
SPY261030P00768000,2026-09-29 18:15:09+00:00,768.0,12.62,12.08,12.12,0.7399998,6.2289543,46.0,1097,0.11542632629394532,True,REGULAR,USD,2026-10-30,P
SPY261030P00769000,2026-09-29 17:41:25+00:00,769.0,13.38,12.53,12.58,1.0200005,8.252431,34.0,375,0.11429718719482423,True,REGULAR,USD,2026-10-30,P
SPY261030P00770000,2026-09-29 18:47:31+00:00,770.0,13.11,12.99,13.04,0.34999943,2.742942,661.0,3780,0.1129544271850586,True,REGULAR,USD,2026-10-30,P
SPY261030P00771000,2026-09-29 15:19:00+00:00,771.0,14.26,13.49,13.53,1.0600004,8.030307,16.0,831,0.11176425354003905,True,REGULAR,USD,2026-10-30,P
SPY261030P00772000,2026-09-29 17:58:47+00:00,772.0,15.39,13.91,14.05,1.7800007,13.078624,1071.0,1512,0.11074192489624024,True,REGULAR,USD,2026-10-30,P
SPY261030P00773000,2026-09-29 18:10:47+00:00,773.0,14.35,14.42,14.58,0.42000008,3.015076,28.0,825,0.10962804443359375,True,REGULAR,USD,2026-10-30,P
SPY261030P00774000,2026-09-29 18:08:27+00:00,774.0,15.75,14.98,15.14,0.9499998,6.4189177,1.0,597,0.10865149169921876,True,REGULAR,USD,2026-10-30,P
SPY261030P00775000,2026-09-29 18:49:22+00:00,775.0,15.64,15.51,15.67,0.34000015,2.2222233,87.0,1193,0.1071256280517578,True,REGULAR,USD,2026-10-30,P
SPY261030P00776000,2026-09-29 18:24:27+00:00,776.0,16.63,16.09,16.27,1.8399992,12.440833,7.0,554,0.10621010986328125,True,REGULAR,USD,2026-10-30,P
SPY261030P00777000,2026-09-29 18:15:38+00:00,777.0,17.45,16.65,16.89,1.6600008,10.512988,21.0,1265,0.1053251089477539,True,REGULAR,USD,2026-10-30,P
SPY261030P00778000,2026-09-29 15:34:42+00:00,778.0,18.19,17.26,17.46,2.3100004,14.546602,21.0,215,0.10358562438964843,True,REGULAR,USD,2026-10-30,P
SPY261030P00779000,2026-09-28 17:15:58+00:00,779.0,17.09,17.88,18.1,1.3299999,8.439086,2.0,354,0.10248700256347655,True,REGULAR,USD,2026-10-30,P
SPY261030P00780000,2026-09-29 18:45:56+00:00,780.0,18.66,18.54,18.77,0.11999893,0.6472434,34.0,988,0.10154096710205077,True,REGULAR,USD,2026-10-30,P
SPY261030P00781000,2026-09-25 16:35:01+00:00,781.0,15.69,19.2,19.45,0.0,0.0,8.0,394,0.10050337982177734,True,REGULAR,USD,2026-10-30,P
SPY261030P00782000,2026-09-29 15:27:12+00:00,782.0,21.68,19.89,20.16,6.1000004,39.152763,1.0,321,0.09961837890625,True,REGULAR,USD,2026-10-30,P
SPY261030P00783000,2026-09-25 15:24:33+00:00,783.0,18.28,20.55,20.86,0.0,0.0,1.0,96,0.09833665344238281,True,REGULAR,USD,2026-10-30,P
SPY261030P00784000,2026-09-28 13:35:00+00:00,784.0,20.83,21.27,21.58,1.1900005,6.059066,1.0,315,0.09705492797851564,True,REGULAR,USD,2026-10-30,P
SPY261030P00785000,2026-09-29 15:50:23+00:00,785.0,22.74,22.0,22.34,0.9899998,4.551723,2.0,217,0.09613940979003907,True,REGULAR,USD,2026-10-30,P
SPY261030P00786000,2026-09-23 14:28:58+00:00,786.0,20.18,22.75,23.09,0.0,0.0,32.0,28,0.09476613250732424,True,REGULAR,USD,2026-10-30,P
SPY261030P00787000,2026-09-28 13:44:24+00:00,787.0,21.72,23.51,25.25,0.0,0.0,1.0,518,0.11661649993896485,True,REGULAR,USD,2026-10-30,P
SPY261030P00788000,2026-09-29 15:31:15+00:00,788.0,26.39,24.34,26.43,3.8799992,17.23678,2.0,530,0.12244529907226565,True,REGULAR,USD,2026-10-30,P
SPY261030P00789000,2026-09-28 20:00:55+00:00,789.0,23.97,25.1,27.17,0.0,0.0,11.0,225,0.1214382290649414,True,REGULAR,USD,2026-10-30,P
SPY261030P00790000,2026-09-29 17:27:39+00:00,790.0,28.28,25.9,26.42,2.0300007,7.7333355,14.0,433,0.09244681976318359,True,REGULAR,USD,2026-10-30,P
SPY261030P00791000,2026-09-25 15:54:10+00:00,791.0,24.45,26.77,27.26,0.0,0.0,2.0,92,0.0913176806640625,True,REGULAR,USD,2026-10-30,P
SPY261030P00792000,2026-09-28 16:30:19+00:00,792.0,24.65,26.35,29.81,0.0,0.0,330.0,368,0.12424581817626953,True,REGULAR,USD,2026-10-30,P
SPY261030P00793000,2026-09-28 14:48:38+00:00,793.0,30.0,28.25,29.47,0.0,0.0,1.0,104,0.1010832080078125,True,REGULAR,USD,2026-10-30,P
SPY261030P00794000,2026-09-25 15:55:06+00:00,794.0,26.39,29.25,30.34,0.0,0.0,20.0,190,0.10053389709472656,True,REGULAR,USD,2026-10-30,P
SPY261030P00795000,2026-09-29 18:19:50+00:00,795.0,30.9,30.14,31.23,0.6499996,2.1487591,40.0,126,0.10022872436523436,True,REGULAR,USD,2026-10-30,P
SPY261030P00796000,2026-09-28 19:58:53+00:00,796.0,30.0,29.98,33.41,0.0,0.0,55.0,59,0.1281215118408203,True,REGULAR,USD,2026-10-30,P
SPY261030P00797000,2026-09-28 13:55:08+00:00,797.0,29.43,30.91,33.85,0.0,0.0,14.0,36,0.11951564086914063,True,REGULAR,USD,2026-10-30,P
SPY261030P00798000,2026-09-28 13:49:32+00:00,798.0,30.17,31.82,34.81,0.0,0.0,4.0,76,0.12116357360839844,True,REGULAR,USD,2026-10-30,P
SPY261030P00799000,2026-09-28 13:55:26+00:00,799.0,31.28,32.79,35.77,0.0,0.0,45.0,136,0.12275047180175781,True,REGULAR,USD,2026-10-30,P
SPY261030P00800000,2026-09-29 17:48:10+00:00,800.0,36.95,35.03,35.85,2.5200005,7.3191996,12.0,210,0.10047286254882812,True,REGULAR,USD,2026-10-30,P
SPY261030P00801000,2026-09-25 15:54:53+00:00,801.0,32.65,34.76,37.74,0.0,0.0,92.0,92,0.12702289001464845,True,REGULAR,USD,2026-10-30,P
SPY261030P00802000,2026-09-29 13:52:09+00:00,802.0,36.94,37.08,37.78,3.5900002,10.764618,2.0,9,0.1022428643798828,True,REGULAR,USD,2026-10-30,P
SPY261030P00803000,2026-09-25 15:54:15+00:00,803.0,34.85,38.04,38.77,0.0,0.0,283.0,0,0.10401286621093749,True,REGULAR,USD,2026-10-30,P
SPY261030P00804000,2026-09-25 15:55:13+00:00,804.0,35.35,39.09,39.77,0.0,0.0,301.0,1,0.10608804077148437,True,REGULAR,USD,2026-10-30,P
SPY261030P00805000,2026-09-25 15:50:59+00:00,805.0,36.81,40.05,40.76,0.0,0.0,111.0,2,0.1077359735107422,True,REGULAR,USD,2026-10-30,P
SPY261030P00806000,2026-09-25 15:55:18+00:00,806.0,37.41,39.56,42.72,0.0,0.0,14.0,0,0.13855841918945314,True,REGULAR,USD,2026-10-30,P
SPY261030P00807000,2026-09-25 15:32:13+00:00,807.0,37.35,40.56,43.72,0.0,0.0,2.0,0,0.140908249206543,True,REGULAR,USD,2026-10-30,P
SPY261030P00808000,2026-08-31 16:29:46+00:00,808.0,43.09,41.65,45.18,0.0,0.0,1.0,0,0.15406119384765626,True,REGULAR,USD,2026-10-30,P
SPY261030P00809000,2026-09-28 13:34:59+00:00,809.0,41.25,42.44,46.16,0.0,0.0,1.0,0,0.15604481658935548,True,REGULAR,USD,2026-10-30,P
SPY261030P00810000,2026-09-29 16:49:37+00:00,810.0,47.07,43.44,47.22,7.5699997,19.164557,16.0,6,0.15982895843505857,True,REGULAR,USD,2026-10-30,P
SPY261030P00811000,2026-09-25 16:00:39+00:00,811.0,40.91,44.45,48.24,0.0,0.0,3.0,0,0.1626975820922852,True,REGULAR,USD,2026-10-30,P
SPY261030P00812000,2026-09-25 16:41:50+00:00,812.0,41.19,45.45,49.18,0.0,0.0,60.0,0,0.1637351693725586,True,REGULAR,USD,2026-10-30,P
SPY261030P00813000,2026-09-25 16:43:46+00:00,813.0,41.7,46.47,50.25,0.0,0.0,59.0,0,0.16773293212890628,True,REGULAR,USD,2026-10-30,P
SPY261030P00814000,2026-09-25 16:44:23+00:00,814.0,42.66,47.45,51.24,0.0,0.0,89.0,0,0.1698996585083008,True,REGULAR,USD,2026-10-30,P
SPY261030P00815000,2026-09-25 16:45:07+00:00,815.0,43.86,48.48,52.17,0.0,0.0,30.0,1,0.17063207305908207,True,REGULAR,USD,2026-10-30,P
SPY261030P00816000,2026-09-25 16:34:37+00:00,816.0,45.46,49.47,53.25,0.0,0.0,6.0,0,0.17487397399902344,True,REGULAR,USD,2026-10-30,P
SPY261030P00817000,2026-09-25 16:34:23+00:00,817.0,46.12,50.47,54.18,0.0,0.0,22.0,0,0.17557587127685548,True,REGULAR,USD,2026-10-30,P
SPY261030P00818000,2026-09-25 16:16:51+00:00,818.0,46.37,51.47,55.24,0.0,0.0,9.0,0,0.17932949584960936,True,REGULAR,USD,2026-10-30,P
SPY261030P00819000,2026-09-23 15:51:43+00:00,819.0,50.75,52.48,56.17,0.0,0.0,2.0,0,0.1800008758544922,True,REGULAR,USD,2026-10-30,P
SPY261030P00820000,2026-09-15 14:07:43+00:00,820.0,62.6,53.44,57.15,0.0,0.0,5.0,0,0.1818319122314453,True,REGULAR,USD,2026-10-30,P
SPY261030P00825000,2026-09-25 18:32:39+00:00,825.0,53.8,58.48,62.17,0.0,0.0,2.0,4,0.19373364868164064,True,REGULAR,USD,2026-10-30,P
SPY261030P00834000,2026-09-14 17:01:15+00:00,834.0,72.44,67.47,71.15,0.0,0.0,,0,0.21314263427734376,True,REGULAR,USD,2026-10-30,P
SPY261030P00835000,2026-08-27 14:30:12+00:00,835.0,65.38,68.47,72.25,0.0,0.0,1.0,0,0.2180253979492187,True,REGULAR,USD,2026-10-30,P
SPY261030P00840000,2026-09-29 18:52:27+00:00,840.0,75.15,73.44,77.24,1.090004,1.4646654,6.0,7,0.22864540893554688,True,REGULAR,USD,2026-10-30,P
SPY261030P00845000,2026-09-28 19:45:09+00:00,845.0,79.08,78.46,82.21,0.0,0.0,3.0,0,0.23841093627929685,True,REGULAR,USD,2026-10-30,P
SPY261030P00850000,2026-09-21 19:59:47+00:00,850.0,76.31,83.44,87.24,0.0,0.0,1.0,0,0.24976336181640624,True,REGULAR,USD,2026-10-30,P
SPY261030P00855000,2026-09-24 20:11:30+00:00,855.0,87.87,88.47,92.25,0.0,0.0,1.0,0,0.2603833728027344,True,REGULAR,USD,2026-10-30,P
SPY261030P00860000,2026-09-29 18:52:27+00:00,860.0,95.24,93.47,97.24,1.0,1.0589855,6.0,10,0.27027096923828126,True,REGULAR,USD,2026-10-30,P
SPY261030P00865000,2026-09-28 19:45:09+00:00,865.0,99.26,98.45,102.24,0.0,0.0,10.0,0,0.2803416693115234,True,REGULAR,USD,2026-10-30,P
SPY261030P00875000,2026-09-14 17:01:16+00:00,875.0,113.44,108.45,112.15,0.0,0.0,4.0,0,0.2970041003417968,True,REGULAR,USD,2026-10-30,P
SPY261030P00900000,2026-06-15 16:32:04+00:00,900.0,145.02,143.85,147.3,0.0,0.0,,0,0.5353745193481446,True,REGULAR,USD,2026-10-30,P
SPY261030P00930000,2026-09-23 15:09:29+00:00,930.0,159.98,163.56,166.7,0.0,0.0,,0,0.37708142456054683,True,REGULAR,USD,2026-10-30,P
SPY261106C00685000,2026-09-28 14:04:55+00:00,685.0,87.75,83.07,86.01,0.0,0.0,1.0,4,0.3292913751220703,True,REGULAR,USD,2026-11-06,C
SPY261106C00705000,2026-09-25 17:16:09+00:00,705.0,71.39,63.42,66.89,0.0,0.0,1.0,1,0.2831187411499023,True,REGULAR,USD,2026-11-06,C
SPY261106C00718000,2026-09-25 15:24:38+00:00,718.0,57.35,51.59,54.73,0.0,0.0,4.0,4,0.2539747454833985,True,REGULAR,USD,2026-11-06,C
SPY261106C00725000,2026-09-25 14:06:24+00:00,725.0,49.32,45.13,47.04,0.0,0.0,2.0,3,0.22168747070312497,True,REGULAR,USD,2026-11-06,C
SPY261106C00729000,2026-09-25 14:48:49+00:00,729.0,46.57,42.01,43.5,0.0,0.0,1.0,1,0.21454642883300779,True,REGULAR,USD,2026-11-06,C
SPY261106C00735000,2026-09-29 18:30:15+00:00,735.0,37.57,37.98,38.18,-3.540001,-8.611046,2.0,7,0.202583657836914,True,REGULAR,USD,2026-11-06,C
SPY261106C00738000,2026-09-29 15:47:18+00:00,738.0,34.63,35.37,35.64,-4.3799973,-11.227883,1.0,1,0.19751779052734375,True,REGULAR,USD,2026-11-06,C
SPY261106C00740000,2026-09-28 16:11:40+00:00,740.0,34.87,33.77,33.99,0.0,0.0,2.0,17,0.19440502868652343,True,REGULAR,USD,2026-11-06,C
SPY261106C00745000,2026-09-28 19:50:00+00:00,745.0,30.59,29.64,29.84,0.0,0.0,4.0,30,0.1853871745300293,True,REGULAR,USD,2026-11-06,C
SPY261106C00749000,2026-09-25 16:40:58+00:00,749.0,31.83,26.49,26.69,0.0,0.0,1.0,1,0.17902432312011718,True,REGULAR,USD,2026-11-06,C
SPY261106C00750000,2026-09-29 18:46:11+00:00,750.0,25.87,25.71,25.91,-0.61999893,-2.3405018,9.0,25,0.17736113174438478,True,REGULAR,USD,2026-11-06,C
SPY261106C00755000,2026-09-29 18:00:02+00:00,755.0,20.86,21.99,22.13,-1.9899998,-8.70897,3.0,51,0.16922827850341798,True,REGULAR,USD,2026-11-06,C
SPY261106C00756000,2026-09-29 18:30:17+00:00,756.0,21.04,21.25,21.42,-2.1599998,-9.310344,1.0,3,0.16785500122070315,True,REGULAR,USD,2026-11-06,C
SPY261106C00757000,2026-09-29 17:53:36+00:00,757.0,19.42,20.55,20.71,-2.7299995,-12.325054,1.0,6,0.16639017211914067,True,REGULAR,USD,2026-11-06,C
SPY261106C00758000,2026-09-28 13:46:40+00:00,758.0,22.1,19.85,19.99,0.0,0.0,1.0,2,0.16475749801635742,True,REGULAR,USD,2026-11-06,C
SPY261106C00759000,2026-09-29 14:10:44+00:00,759.0,19.36,19.13,19.31,-2.3099995,-10.659896,4.0,1,0.16344525527954107,True,REGULAR,USD,2026-11-06,C
SPY261106C00760000,2026-09-29 18:47:49+00:00,760.0,18.36,18.47,18.61,-1.9599991,-9.645665,93.0,196,0.161843098449707,True,REGULAR,USD,2026-11-06,C
SPY261106C00761000,2026-09-29 14:36:43+00:00,761.0,18.28,17.8,17.93,-1.1199989,-5.7731905,2.0,2,0.1603477520751953,True,REGULAR,USD,2026-11-06,C
SPY261106C00762000,2026-09-29 18:15:23+00:00,762.0,16.61,17.14,17.26,-0.539999,-3.1486824,5.0,26,0.1588524057006836,True,REGULAR,USD,2026-11-06,C
SPY261106C00764000,2026-09-29 18:44:39+00:00,764.0,16.0,15.85,15.96,-0.6100006,-3.67249,99.0,57,0.15599904067993164,True,REGULAR,USD,2026-11-06,C
SPY261106C00765000,2026-09-29 18:50:32+00:00,765.0,15.28,15.23,15.32,-0.6199999,-3.8993704,143.0,147,0.15451895294189455,False,REGULAR,USD,2026-11-06,C
SPY261106C00766000,2026-09-29 18:50:32+00:00,766.0,14.65,14.62,14.71,-0.5500002,-3.6184223,91.0,23,0.15325248611450198,False,REGULAR,USD,2026-11-06,C
SPY261106C00767000,2026-09-29 18:40:10+00:00,767.0,14.11,14.0,14.1,-0.57000065,-3.882838,270.0,66,0.15187920883178713,False,REGULAR,USD,2026-11-06,C
SPY261106C00768000,2026-09-29 18:51:34+00:00,768.0,13.41,13.4,13.51,-0.69000053,-4.8936205,80.0,76,0.15058222473144534,False,REGULAR,USD,2026-11-06,C
SPY261106C00769000,2026-09-29 18:45:20+00:00,769.0,13.04,12.85,12.94,-0.47000027,-3.4789064,12.0,144,0.14939205108642578,False,REGULAR,USD,2026-11-06,C
SPY261106C00770000,2026-09-29 18:44:49+00:00,770.0,12.4,12.29,12.37,-0.6800003,-5.198779,141.0,185,0.1480798083496094,False,REGULAR,USD,2026-11-06,C
SPY261106C00771000,2026-09-29 18:39:41+00:00,771.0,11.82,11.73,11.82,-0.5100002,-4.136255,3.0,33,0.1468743760681152,False,REGULAR,USD,2026-11-06,C
SPY261106C00772000,2026-09-29 17:58:54+00:00,772.0,10.27,11.22,11.29,-1.6599998,-13.914499,111.0,25,0.1457299783325195,False,REGULAR,USD,2026-11-06,C
SPY261106C00773000,2026-09-29 18:42:58+00:00,773.0,10.85,10.69,10.76,-0.42999935,-3.812051,38.0,30,0.14447877014160154,False,REGULAR,USD,2026-11-06,C
SPY261106C00774000,2026-09-29 16:40:23+00:00,774.0,9.57,10.17,10.25,-1.3200006,-12.121218,18.0,16,0.14331911376953127,False,REGULAR,USD,2026-11-06,C
SPY261106C00775000,2026-09-29 18:22:47+00:00,775.0,9.5,9.69,9.75,-0.6999998,-6.862744,165.0,90,0.14212894012451172,False,REGULAR,USD,2026-11-06,C
SPY261106C00776000,2026-09-29 16:47:10+00:00,776.0,8.53,9.23,9.3,-1.1999998,-12.33299,12.0,84,0.14133549102783205,False,REGULAR,USD,2026-11-06,C
SPY261106C00777000,2026-09-29 16:40:23+00:00,777.0,8.19,8.76,8.83,-1.0900002,-11.745691,16.0,81,0.14019109329223634,False,REGULAR,USD,2026-11-06,C
SPY261106C00778000,2026-09-29 17:44:39+00:00,778.0,7.77,8.31,8.38,-1.8399997,-19.146719,14.0,18,0.1391382473754883,False,REGULAR,USD,2026-11-06,C
SPY261106C00779000,2026-09-29 17:23:02+00:00,779.0,7.16,7.88,7.94,-1.46,-16.937355,10.0,18,0.13807014282226562,False,REGULAR,USD,2026-11-06,C
SPY261106C00780000,2026-09-29 18:41:34+00:00,780.0,7.65,7.47,7.54,-0.4000001,-4.968945,72.0,81,0.13727669372558599,False,REGULAR,USD,2026-11-06,C
SPY261106C00781000,2026-09-29 16:19:46+00:00,781.0,6.55,7.07,7.13,-1.6899996,-20.509705,3.0,15,0.13625436508178712,False,REGULAR,USD,2026-11-06,C
SPY261106C00782000,2026-09-29 18:39:54+00:00,782.0,6.76,6.69,6.74,-0.39999962,-5.586587,26.0,34,0.135323588256836,False,REGULAR,USD,2026-11-06,C
SPY261106C00783000,2026-09-29 18:41:13+00:00,783.0,6.5,6.33,6.39,-0.46000004,-6.6091957,5.0,22,0.13468272552490235,False,REGULAR,USD,2026-11-06,C
SPY261106C00784000,2026-09-29 14:33:40+00:00,784.0,6.28,5.97,6.02,-0.059999943,-0.9463713,5.0,21,0.1336909141540527,False,REGULAR,USD,2026-11-06,C
SPY261106C00785000,2026-09-29 18:03:49+00:00,785.0,5.31,5.63,5.69,-0.71000004,-11.79402,40.0,166,0.1330042755126953,False,REGULAR,USD,2026-11-06,C
SPY261106C00786000,2026-09-29 18:15:45+00:00,786.0,5.02,5.3,5.34,-0.65999985,-11.619716,11.0,22,0.13196668823242189,False,REGULAR,USD,2026-11-06,C
SPY261106C00787000,2026-09-29 18:22:42+00:00,787.0,4.84,5.0,5.05,-0.52,-9.701492,52.0,106,0.13147841186523437,False,REGULAR,USD,2026-11-06,C
SPY261106C00788000,2026-09-29 17:43:37+00:00,788.0,4.26,4.7,4.75,-0.8199997,-16.141727,4.0,57,0.1307459973144531,False,REGULAR,USD,2026-11-06,C
SPY261106C00789000,2026-09-29 18:03:49+00:00,789.0,4.15,4.43,4.48,-0.61000013,-12.815128,4.0,31,0.1302577209472656,False,REGULAR,USD,2026-11-06,C
SPY261106C00790000,2026-09-29 18:21:03+00:00,790.0,3.99,4.16,4.2,-0.47999978,-10.738251,47.0,126,0.12946427185058595,False,REGULAR,USD,2026-11-06,C
SPY261106C00791000,2026-09-29 18:39:15+00:00,791.0,3.92,3.9,3.94,-0.36000013,-8.411218,19.0,12,0.1288234091186523,False,REGULAR,USD,2026-11-06,C
SPY261106C00792000,2026-09-29 18:39:16+00:00,792.0,3.68,3.66,3.7,-0.7899997,-17.673372,19.0,75,0.1282740982055664,False,REGULAR,USD,2026-11-06,C
SPY261106C00793000,2026-09-29 17:25:15+00:00,793.0,3.1,3.42,3.47,-0.9500003,-23.456797,18.0,77,0.1277553045654297,False,REGULAR,USD,2026-11-06,C
SPY261106C00794000,2026-09-29 17:24:03+00:00,794.0,2.87,3.22,3.26,-1.0,-25.839794,12.0,28,0.12735858001708983,False,REGULAR,USD,2026-11-06,C
SPY261106C00795000,2026-09-29 18:48:42+00:00,795.0,3.02,3.01,3.05,-0.22000003,-6.7901244,269.0,339,0.12680926910400392,False,REGULAR,USD,2026-11-06,C
SPY261106C00796000,2026-09-29 18:39:15+00:00,796.0,2.83,2.81,2.86,-0.27999997,-9.003215,11.0,124,0.12644306182861326,False,REGULAR,USD,2026-11-06,C
SPY261106C00797000,2026-09-29 17:20:19+00:00,797.0,2.29,2.63,2.66,-0.54999995,-19.366196,15.0,88,0.1257716818237305,False,REGULAR,USD,2026-11-06,C
SPY261106C00798000,2026-09-29 18:39:16+00:00,798.0,2.48,2.47,2.51,-0.23000002,-8.487085,39.0,86,0.12574116455078127,False,REGULAR,USD,2026-11-06,C
SPY261106C00799000,2026-09-29 18:42:51+00:00,799.0,2.35,2.3,2.34,-0.17000008,-6.7460346,16.0,42,0.12528340545654298,False,REGULAR,USD,2026-11-06,C
SPY261106C00800000,2026-09-29 18:30:41+00:00,800.0,2.04,2.14,2.17,-0.31999993,-13.5593195,193.0,489,0.12464254272460937,False,REGULAR,USD,2026-11-06,C
SPY261106C00801000,2026-09-29 16:02:02+00:00,801.0,1.79,1.99,2.03,-0.3800001,-17.511526,7.0,60,0.12439840454101564,False,REGULAR,USD,2026-11-06,C
SPY261106C00802000,2026-09-29 18:42:51+00:00,802.0,1.98,1.85,1.89,-0.25,-11.210762,28.0,85,0.124032197265625,False,REGULAR,USD,2026-11-06,C
SPY261106C00803000,2026-09-29 14:58:49+00:00,803.0,1.55,1.73,1.77,-0.61000013,-28.240747,65.0,40,0.12391012817382813,False,REGULAR,USD,2026-11-06,C
SPY261106C00804000,2026-09-29 17:04:20+00:00,804.0,1.38,1.61,1.65,-0.54999995,-28.497408,74.0,46,0.12366598999023437,False,REGULAR,USD,2026-11-06,C
SPY261106C00805000,2026-09-29 18:41:33+00:00,805.0,1.57,1.49,1.53,-0.089999914,-5.421682,38.0,356,0.12323874816894533,False,REGULAR,USD,2026-11-06,C
SPY261106C00806000,2026-09-29 17:41:32+00:00,806.0,1.24,1.39,1.43,-0.49,-28.3237,11.0,31,0.12314719635009766,False,REGULAR,USD,2026-11-06,C
SPY261106C00807000,2026-09-29 18:29:40+00:00,807.0,1.25,1.3,1.34,-0.34000003,-21.38365,6.0,21,0.12317771362304689,False,REGULAR,USD,2026-11-06,C
SPY261106C00808000,2026-09-29 17:31:50+00:00,808.0,1.06,1.21,1.23,-0.45000005,-29.801327,25.0,90,0.12256736816406251,False,REGULAR,USD,2026-11-06,C
SPY261106C00809000,2026-09-29 18:20:13+00:00,809.0,1.05,1.12,1.15,-0.36,-25.531916,402.0,104,0.12256736816406251,False,REGULAR,USD,2026-11-06,C
SPY261106C00810000,2026-09-29 18:23:01+00:00,810.0,1.01,1.05,1.07,-0.14999998,-12.931033,60.0,207,0.12244529907226565,False,REGULAR,USD,2026-11-06,C
SPY261106C00811000,2026-09-29 17:29:45+00:00,811.0,0.85,0.97,1.0,-0.38,-30.894308,24.0,285,0.12244529907226565,False,REGULAR,USD,2026-11-06,C
SPY261106C00812000,2026-09-28 20:06:18+00:00,812.0,0.98,0.9,0.94,0.0,0.0,13.0,13,0.12262840270996095,False,REGULAR,USD,2026-11-06,C
SPY261106C00813000,2026-09-28 19:54:29+00:00,813.0,0.9,0.84,0.87,0.0,0.0,7.0,7,0.12244529907226565,False,REGULAR,USD,2026-11-06,C
SPY261106C00814000,2026-09-29 18:20:13+00:00,814.0,0.73,0.78,0.8,-0.26999998,-26.999998,4.0,8,0.12207909179687501,False,REGULAR,USD,2026-11-06,C
SPY261106C00815000,2026-09-29 18:46:26+00:00,815.0,0.74,0.73,0.75,-0.06999999,-8.641974,40.0,255,0.12226219543457033,False,REGULAR,USD,2026-11-06,C
SPY261106C00820000,2026-09-29 14:03:39+00:00,820.0,0.51,0.51,0.53,-0.050000012,-8.928573,1.0,50,0.12268943725585937,False,REGULAR,USD,2026-11-06,C
SPY261106C00825000,2026-09-29 18:38:35+00:00,825.0,0.37,0.37,0.39,-0.03999999,-9.756095,22.0,58,0.12427633544921876,False,REGULAR,USD,2026-11-06,C
SPY261106C00830000,2026-09-29 18:39:00+00:00,830.0,0.28,0.27,0.29,-0.00999999,-3.4482727,3.0,16,0.125985302734375,False,REGULAR,USD,2026-11-06,C
SPY261106C00835000,2026-09-29 18:42:30+00:00,835.0,0.23,0.2,0.22,0.0,0.0,7.0,38,0.12818254638671872,False,REGULAR,USD,2026-11-06,C
SPY261106C00850000,2026-09-29 18:12:26+00:00,850.0,0.1,0.1,0.12,-0.029999994,-23.076918,12.0,127,0.1381922119140625,False,REGULAR,USD,2026-11-06,C
SPY261106C00855000,2026-09-29 17:31:40+00:00,855.0,0.08,0.08,0.1,-0.07000001,-46.66667,26.0,1,0.141610146484375,False,REGULAR,USD,2026-11-06,C
SPY261106C00865000,2026-09-29 16:17:35+00:00,865.0,0.05,0.05,0.07,-0.05,-50.0,48.0,2,0.148446015625,False,REGULAR,USD,2026-11-06,C
SPY261106C00870000,2026-09-29 16:17:51+00:00,870.0,0.04,0.04,0.06,-0.02,-33.333336,48.0,5,0.1518639501953125,False,REGULAR,USD,2026-11-06,C
SPY261106C00875000,2026-09-25 18:27:31+00:00,875.0,0.07,0.03,0.04,0.0,0.0,1.0,1,0.15137567382812503,False,REGULAR,USD,2026-11-06,C
SPY261106C00880000,2026-09-29 16:19:09+00:00,880.0,0.03,0.03,0.04,-0.020000001,-40.000004,72.0,7,0.157234990234375,False,REGULAR,USD,2026-11-06,C
SPY261106C00885000,2026-09-29 16:57:16+00:00,885.0,0.03,0.02,0.03,-0.01,-25.0,3.0,65,0.15821154296875,False,REGULAR,USD,2026-11-06,C
SPY261106C00900000,2026-09-28 19:46:28+00:00,900.0,0.03,0.01,0.03,0.0,0.0,1.0,3,0.174812939453125,False,REGULAR,USD,2026-11-06,C
SPY261106C00905000,2026-09-25 16:33:48+00:00,905.0,0.02,0.01,0.03,0.0,0.0,40.0,15,0.179695703125,False,REGULAR,USD,2026-11-06,C
SPY261106P00500000,2026-09-29 18:41:36+00:00,500.0,0.12,0.12,0.13,-0.020000003,-14.285716,148.0,61,0.4931691308593751,False,REGULAR,USD,2026-11-06,P
SPY261106P00510000,2026-09-25 14:21:27+00:00,510.0,0.18,0.13,0.15,0.0,0.0,6.0,6,0.47949739257812496,False,REGULAR,USD,2026-11-06,P
SPY261106P00525000,2026-09-25 15:54:08+00:00,525.0,0.21,0.16,0.17,0.0,0.0,15.0,14,0.4545952978515625,False,REGULAR,USD,2026-11-06,P
SPY261106P00530000,2026-09-29 13:39:48+00:00,530.0,0.17,0.17,0.18,-0.030000001,-15.0,1.0,4,0.4467828759765625,False,REGULAR,USD,2026-11-06,P
SPY261106P00540000,2026-09-25 18:12:43+00:00,540.0,0.23,0.19,0.21,0.0,0.0,11.0,11,0.43408769042968753,False,REGULAR,USD,2026-11-06,P
SPY261106P00545000,2026-09-29 16:07:22+00:00,545.0,0.22,0.2,0.22,-0.030000001,-12.0,1.0,71,0.42578699218750005,False,REGULAR,USD,2026-11-06,P
SPY261106P00550000,2026-09-25 19:56:34+00:00,550.0,0.23,0.22,0.23,0.0,0.0,1.0,88,0.4177304321289062,False,REGULAR,USD,2026-11-06,P
SPY261106P00555000,2026-09-28 19:31:59+00:00,555.0,0.26,0.23,0.25,0.0,0.0,1.0,7,0.4116269775390625,False,REGULAR,USD,2026-11-06,P
SPY261106P00570000,2026-09-28 13:52:59+00:00,570.0,0.31,0.27,0.29,0.0,0.0,1.0,1,0.38794557373046873,False,REGULAR,USD,2026-11-06,P
SPY261106P00575000,2026-09-28 17:52:43+00:00,575.0,0.33,0.29,0.31,0.0,0.0,157.0,151,0.38086556640624997,False,REGULAR,USD,2026-11-06,P
SPY261106P00580000,2026-09-29 15:24:08+00:00,580.0,0.34,0.31,0.33,0.0,0.0,1.0,3,0.3737855590820312,False,REGULAR,USD,2026-11-06,P
SPY261106P00585000,2026-09-29 14:42:00+00:00,585.0,0.34,0.33,0.35,-0.09,-20.930233,2.0,1,0.366217275390625,False,REGULAR,USD,2026-11-06,P
SPY261106P00590000,2026-09-25 15:08:11+00:00,590.0,0.43,0.35,0.37,0.0,0.0,6.0,6,0.35864899169921877,False,REGULAR,USD,2026-11-06,P
SPY261106P00600000,2026-09-29 18:42:36+00:00,600.0,0.4,0.4,0.42,-0.049999982,-11.111107,41.0,52,0.3442448388671875,False,REGULAR,USD,2026-11-06,P
SPY261106P00605000,2026-09-28 18:07:44+00:00,605.0,0.47,0.43,0.45,0.0,0.0,1.0,16,0.3371648315429688,False,REGULAR,USD,2026-11-06,P
SPY261106P00610000,2026-09-28 19:56:47+00:00,610.0,0.52,0.45,0.47,0.0,0.0,5.0,75,0.3288641333007812,False,REGULAR,USD,2026-11-06,P
SPY261106P00615000,2026-09-29 18:22:42+00:00,615.0,0.51,0.49,0.51,-0.06999999,-12.068964,200.0,208,0.3225165405273437,False,REGULAR,USD,2026-11-06,P
SPY261106P00620000,2026-09-29 16:28:40+00:00,620.0,0.56,0.52,0.54,-0.04000002,-6.6666694,3.0,136,0.31482618774414056,False,REGULAR,USD,2026-11-06,P
SPY261106P00625000,2026-09-29 17:03:01+00:00,625.0,0.62,0.56,0.57,-0.00999999,-1.5873001,1.0,360,0.3070137658691406,False,REGULAR,USD,2026-11-06,P
SPY261106P00630000,2026-09-29 16:36:01+00:00,630.0,0.65,0.6,0.62,-0.01000005,-1.515159,102.0,328,0.30054410400390624,False,REGULAR,USD,2026-11-06,P
SPY261106P00635000,2026-09-29 15:53:44+00:00,635.0,0.68,0.64,0.66,-0.04000002,-5.555558,602.0,337,0.2929758203124999,False,REGULAR,USD,2026-11-06,P
SPY261106P00640000,2026-09-29 18:29:01+00:00,640.0,0.72,0.69,0.7,0.0,0.0,7.0,324,0.28516339843749994,False,REGULAR,USD,2026-11-06,P
SPY261106P00645000,2026-09-28 19:32:55+00:00,645.0,0.8,0.74,0.76,0.0,0.0,311.0,312,0.2784495983886719,False,REGULAR,USD,2026-11-06,P
SPY261106P00650000,2026-09-29 16:36:01+00:00,650.0,0.86,0.8,0.82,-0.029999971,-3.3707833,113.0,339,0.27136959106445313,False,REGULAR,USD,2026-11-06,P
SPY261106P00655000,2026-09-29 15:29:58+00:00,655.0,0.95,0.86,0.88,0.029999971,3.2608664,5.0,36,0.2640454455566406,False,REGULAR,USD,2026-11-06,P
SPY261106P00660000,2026-09-29 18:01:46+00:00,660.0,1.02,0.94,0.96,0.00999999,0.99009806,107.0,82,0.2573316455078125,False,REGULAR,USD,2026-11-06,P
SPY261106P00665000,2026-09-29 18:25:47+00:00,665.0,1.06,1.02,1.04,-0.05000007,-4.504511,17.0,36,0.2501906036376953,False,REGULAR,USD,2026-11-06,P
SPY261106P00670000,2026-09-29 17:02:43+00:00,670.0,1.23,1.11,1.13,0.029999971,2.4999976,8.0,34,0.24311059631347653,False,REGULAR,USD,2026-11-06,P
SPY261106P00675000,2026-09-29 18:22:42+00:00,675.0,1.28,1.21,1.23,-0.05000007,-3.7594037,219.0,234,0.23596955444335935,False,REGULAR,USD,2026-11-06,P
SPY261106P00680000,2026-09-29 18:31:25+00:00,680.0,1.41,1.33,1.36,-0.00999999,-0.7042247,165.0,779,0.22956092712402343,False,REGULAR,USD,2026-11-06,P
SPY261106P00685000,2026-09-29 17:03:01+00:00,685.0,1.63,1.47,1.49,0.049999952,3.1645539,29.0,73,0.2225419543457031,False,REGULAR,USD,2026-11-06,P
SPY261106P00690000,2026-09-29 18:42:02+00:00,690.0,1.6,1.62,1.64,-0.13,-7.5144506,74.0,46,0.2156450506591797,False,REGULAR,USD,2026-11-06,P
SPY261106P00695000,2026-09-29 18:39:18+00:00,695.0,1.8,1.8,1.82,-0.120000005,-6.25,445.0,159,0.20899228515624996,False,REGULAR,USD,2026-11-06,P
SPY261106P00700000,2026-09-29 18:31:25+00:00,700.0,2.11,2.0,2.03,0.0,0.0,15415.0,825,0.20243107147216793,False,REGULAR,USD,2026-11-06,P
SPY261106P00705000,2026-09-29 18:27:28+00:00,705.0,2.35,2.25,2.27,0.01999998,0.85836834,123.0,157,0.19586985778808597,False,REGULAR,USD,2026-11-06,P
SPY261106P00710000,2026-09-29 18:47:58+00:00,710.0,2.57,2.53,2.56,-0.09000015,-3.3834643,230.0,205,0.1895832995605469,False,REGULAR,USD,2026-11-06,P
SPY261106P00715000,2026-09-29 18:00:45+00:00,715.0,3.08,2.86,2.9,0.07999992,2.6666641,92.0,255,0.18335777587890623,False,REGULAR,USD,2026-11-06,P
SPY261106P00716000,2026-09-29 16:48:44+00:00,716.0,3.19,2.92,2.96,0.07000017,2.2435954,6.0,49,0.1818319122314453,False,REGULAR,USD,2026-11-06,P
SPY261106P00717000,2026-09-29 16:49:42+00:00,717.0,3.29,2.99,3.04,0.28999996,9.666665,14.0,25,0.180672255859375,False,REGULAR,USD,2026-11-06,P
SPY261106P00718000,2026-09-29 18:46:26+00:00,718.0,3.08,3.08,3.12,-0.120000124,-3.7500038,11.0,146,0.179421047668457,False,REGULAR,USD,2026-11-06,P
SPY261106P00719000,2026-09-29 16:48:06+00:00,719.0,3.48,3.17,3.2,0.21000004,6.4220195,7.0,45,0.17816983947753906,False,REGULAR,USD,2026-11-06,P
SPY261106P00720000,2026-09-29 18:47:58+00:00,720.0,3.3,3.25,3.29,-0.03999996,-1.1976037,356.0,313,0.17701018310546873,False,REGULAR,USD,2026-11-06,P
SPY261106P00721000,2026-09-29 16:48:44+00:00,721.0,3.62,3.33,3.37,0.16999984,4.9275317,8.0,35,0.17566742309570313,False,REGULAR,USD,2026-11-06,P
SPY261106P00722000,2026-09-29 18:42:51+00:00,722.0,3.37,3.41,3.45,0.049999952,1.5060227,52.0,26,0.17426362854003907,False,REGULAR,USD,2026-11-06,P
SPY261106P00723000,2026-09-29 18:37:25+00:00,723.0,3.65,3.5,3.55,-0.049999952,-1.3513501,16.0,56,0.1731650067138672,False,REGULAR,USD,2026-11-06,P
SPY261106P00724000,2026-09-29 17:13:40+00:00,724.0,4.01,3.59,3.64,0.32000017,8.672091,19.0,62,0.17182224670410157,False,REGULAR,USD,2026-11-06,P
SPY261106P00725000,2026-09-29 18:42:51+00:00,725.0,3.72,3.69,3.74,-0.03999996,-1.0638288,118.0,654,0.17060155578613284,False,REGULAR,USD,2026-11-06,P
SPY261106P00726000,2026-09-29 16:06:51+00:00,726.0,4.18,3.8,3.84,0.30999994,8.010335,9.0,59,0.16935034759521483,False,REGULAR,USD,2026-11-06,P
SPY261106P00727000,2026-09-29 17:06:36+00:00,727.0,4.35,3.89,3.94,0.3199997,7.9404387,113.0,128,0.16803810485839848,False,REGULAR,USD,2026-11-06,P
SPY261106P00728000,2026-09-29 18:37:25+00:00,728.0,4.16,4.01,4.06,-0.01999998,-0.47846848,9.0,105,0.16697000030517584,False,REGULAR,USD,2026-11-06,P
SPY261106P00729000,2026-09-29 18:00:03+00:00,729.0,4.05,4.12,4.16,0.36000013,9.756102,53.0,220,0.16553568847656253,False,REGULAR,USD,2026-11-06,P
SPY261106P00730000,2026-09-29 18:39:15+00:00,730.0,4.16,4.26,4.3,-0.22000027,-5.022837,304.0,750,0.16468120483398438,False,REGULAR,USD,2026-11-06,P
SPY261106P00731000,2026-09-29 18:17:34+00:00,731.0,4.58,4.35,4.39,0.1500001,3.3860068,211.0,35,0.16300275482177734,False,REGULAR,USD,2026-11-06,P
SPY261106P00732000,2026-09-29 18:15:08+00:00,732.0,4.71,4.47,4.51,0.47000027,11.084912,34.0,67,0.16172102935791016,False,REGULAR,USD,2026-11-06,P
SPY261106P00733000,2026-09-29 18:48:42+00:00,733.0,4.58,4.6,4.65,-0.05000019,-1.0799177,50.0,59,0.1606529248046875,False,REGULAR,USD,2026-11-06,P
SPY261106P00734000,2026-09-29 14:09:01+00:00,734.0,4.63,4.73,4.77,-0.23999977,-4.928127,15.0,240,0.15924913024902343,False,REGULAR,USD,2026-11-06,P
SPY261106P00735000,2026-09-29 18:41:33+00:00,735.0,4.8,4.87,4.91,-0.17999983,-3.6144543,109.0,791,0.15805895660400393,False,REGULAR,USD,2026-11-06,P
SPY261106P00736000,2026-09-29 18:15:45+00:00,736.0,5.28,5.0,5.06,0.1500001,2.9239783,71.0,13,0.15694507614135744,False,REGULAR,USD,2026-11-06,P
SPY261106P00737000,2026-09-29 18:00:03+00:00,737.0,5.59,5.15,5.2,0.6600003,13.38743,30.0,24,0.15563283340454104,False,REGULAR,USD,2026-11-06,P
SPY261106P00738000,2026-09-29 18:39:54+00:00,738.0,5.33,5.3,5.35,-0.03000021,-0.5597054,18.0,40,0.1543968838500977,False,REGULAR,USD,2026-11-06,P
SPY261106P00739000,2026-09-29 17:56:21+00:00,739.0,6.03,5.46,5.51,0.4300003,7.678577,12.0,27,0.15320671020507814,False,REGULAR,USD,2026-11-06,P
SPY261106P00740000,2026-09-29 18:39:54+00:00,740.0,5.63,5.65,5.69,-0.119999886,-2.0869546,272.0,629,0.15219964019775395,False,REGULAR,USD,2026-11-06,P
SPY261106P00741000,2026-09-29 18:21:02+00:00,741.0,6.01,5.78,5.83,0.06000042,1.0084105,53.0,83,0.15061274200439456,False,REGULAR,USD,2026-11-06,P
SPY261106P00742000,2026-09-29 18:15:08+00:00,742.0,6.25,5.96,6.01,0.15999985,2.6272552,51.0,21,0.14948360290527346,False,REGULAR,USD,2026-11-06,P
SPY261106P00743000,2026-09-29 18:00:03+00:00,743.0,6.67,6.14,6.19,0.5,8.103727,16.0,26,0.1482629119873047,False,REGULAR,USD,2026-11-06,P
SPY261106P00744000,2026-09-29 16:52:47+00:00,744.0,6.86,6.32,6.37,0.71000004,11.544715,185.0,66,0.1469659278869629,False,REGULAR,USD,2026-11-06,P
SPY261106P00745000,2026-09-29 18:40:10+00:00,745.0,6.5,6.51,6.57,-0.1500001,-2.2556405,221.0,216,0.1458367887878418,False,REGULAR,USD,2026-11-06,P
SPY261106P00746000,2026-09-29 15:44:29+00:00,746.0,7.45,6.71,6.77,0.6699996,9.882,116.0,88,0.14463135650634767,False,REGULAR,USD,2026-11-06,P
SPY261106P00747000,2026-09-29 18:00:23+00:00,747.0,7.4,6.92,6.98,0.6199999,9.144541,12.0,58,0.14344118286132812,False,REGULAR,USD,2026-11-06,P
SPY261106P00748000,2026-09-29 18:20:02+00:00,748.0,7.43,7.11,7.18,0.39999962,5.6898947,49.0,36,0.14206790557861326,False,REGULAR,USD,2026-11-06,P
SPY261106P00749000,2026-09-29 18:46:43+00:00,749.0,7.35,7.35,7.41,-0.09000015,-1.2096795,30.0,28,0.14095402511596683,False,REGULAR,USD,2026-11-06,P
SPY261106P00750000,2026-09-29 18:41:34+00:00,750.0,7.48,7.57,7.62,-0.13999987,-1.8372686,222.0,287,0.13953497192382813,False,REGULAR,USD,2026-11-06,P
SPY261106P00751000,2026-09-29 17:11:16+00:00,751.0,8.54,7.81,7.87,0.71000004,9.067689,9.0,15,0.13845160873413087,False,REGULAR,USD,2026-11-06,P
SPY261106P00752000,2026-09-29 17:23:02+00:00,752.0,8.57,8.04,8.1,0.5,6.195787,4.0,54,0.13706307281494146,False,REGULAR,USD,2026-11-06,P
SPY261106P00753000,2026-09-29 18:00:03+00:00,753.0,8.94,8.3,8.35,0.41999912,4.929567,16.0,30,0.13581186462402345,False,REGULAR,USD,2026-11-06,P
SPY261106P00754000,2026-09-29 18:00:30+00:00,754.0,9.11,8.56,8.64,1.1299996,14.160397,14.0,35,0.1348963464355469,False,REGULAR,USD,2026-11-06,P
SPY261106P00755000,2026-09-29 18:39:18+00:00,755.0,8.82,8.83,8.91,0.029999733,0.3412939,213.0,161,0.13364513824462892,False,REGULAR,USD,2026-11-06,P
SPY261106P00756000,2026-09-29 18:48:03+00:00,756.0,9.22,9.09,9.17,0.19000053,2.1041033,86.0,45,0.13221082641601564,False,REGULAR,USD,2026-11-06,P
SPY261106P00757000,2026-09-29 16:48:24+00:00,757.0,10.04,9.38,9.46,0.71000004,7.609861,299.0,30,0.13099013549804686,False,REGULAR,USD,2026-11-06,P
SPY261106P00758000,2026-09-29 18:51:34+00:00,758.0,9.76,9.68,9.77,0.07000065,0.72240096,56.0,21,0.1298609963989258,False,REGULAR,USD,2026-11-06,P
SPY261106P00759000,2026-09-29 18:48:14+00:00,759.0,10.16,10.01,10.09,0.13000011,1.2961129,149.0,50,0.12871659866333007,False,REGULAR,USD,2026-11-06,P
SPY261106P00760000,2026-09-29 18:48:28+00:00,760.0,10.49,10.34,10.41,0.17000008,1.6472876,208.0,316,0.12748064910888673,False,REGULAR,USD,2026-11-06,P
SPY261106P00761000,2026-09-29 15:26:11+00:00,761.0,11.22,10.66,10.74,1.29,12.990936,36.0,160,0.12621418228149411,False,REGULAR,USD,2026-11-06,P
SPY261106P00762000,2026-09-29 18:39:02+00:00,762.0,11.1,10.99,11.08,0.6100006,5.815068,22.0,51,0.12494771545410156,False,REGULAR,USD,2026-11-06,P
SPY261106P00763000,2026-09-29 18:07:12+00:00,763.0,11.75,11.37,11.46,0.3800001,3.3421295,42.0,46,0.12394064544677735,False,REGULAR,USD,2026-11-06,P
SPY261106P00764000,2026-09-29 18:39:41+00:00,764.0,11.74,11.74,11.83,-0.15000057,-1.2615691,19.0,25,0.12273521316528321,False,REGULAR,USD,2026-11-06,P
SPY261106P00765000,2026-09-29 18:07:09+00:00,765.0,12.58,12.12,12.21,0.40999985,3.3689387,88.0,167,0.12148400497436523,True,REGULAR,USD,2026-11-06,P
SPY261106P00766000,2026-09-29 18:09:19+00:00,766.0,13.23,12.48,12.61,0.7399998,5.924738,16.0,87,0.1203090899658203,True,REGULAR,USD,2026-11-06,P
SPY261106P00767000,2026-09-29 18:39:02+00:00,767.0,12.98,12.9,12.99,0.09999943,0.77639306,8.0,68,0.11881374359130858,True,REGULAR,USD,2026-11-06,P
SPY261106P00768000,2026-09-29 18:00:00+00:00,768.0,13.98,13.33,13.43,0.77999973,5.9090886,178.0,52,0.11777615631103515,True,REGULAR,USD,2026-11-06,P
SPY261106P00769000,2026-09-29 15:20:00+00:00,769.0,14.43,13.74,13.86,0.84000015,6.1810164,11.0,48,0.11647917221069337,True,REGULAR,USD,2026-11-06,P
SPY261106P00770000,2026-09-29 18:39:41+00:00,770.0,14.23,14.21,14.32,0.049999237,0.3526039,38.0,389,0.11535003311157227,True,REGULAR,USD,2026-11-06,P
SPY261106P00771000,2026-09-29 18:00:03+00:00,771.0,15.67,14.65,14.79,0.7600002,5.097252,1.0,14,0.11417511810302736,True,REGULAR,USD,2026-11-06,P
SPY261106P00772000,2026-09-28 17:20:22+00:00,772.0,14.18,15.14,15.27,0.0,0.0,6.0,3,0.1129544271850586,True,REGULAR,USD,2026-11-06,P
SPY261106P00773000,2026-09-29 18:00:02+00:00,773.0,16.72,15.63,15.76,0.99999905,6.361317,17.0,9,0.11165744308471678,True,REGULAR,USD,2026-11-06,P
SPY261106P00774000,2026-09-28 17:49:28+00:00,774.0,16.5,16.13,16.29,1.4399996,9.561749,4.0,89,0.11061985580444336,True,REGULAR,USD,2026-11-06,P
SPY261106P00775000,2026-09-29 17:26:59+00:00,775.0,17.85,16.66,16.81,1.7399998,10.800742,7.0,65,0.10930761306762696,True,REGULAR,USD,2026-11-06,P
SPY261106P00777000,2026-09-28 19:25:01+00:00,777.0,17.16,17.81,17.96,0.0,0.0,3.0,3,0.10733924896240235,True,REGULAR,USD,2026-11-06,P
SPY261106P00778000,2026-09-28 19:25:04+00:00,778.0,17.66,18.35,18.53,0.0,0.0,9.0,157,0.10604226486206053,True,REGULAR,USD,2026-11-06,P
SPY261106P00779000,2026-09-28 17:36:04+00:00,779.0,17.51,18.92,19.13,0.0,0.0,3.0,3,0.10488260848999023,True,REGULAR,USD,2026-11-06,P
SPY261106P00780000,2026-09-29 18:00:02+00:00,780.0,20.76,19.53,19.73,2.25,12.155591,3.0,8,0.10352458984374999,True,REGULAR,USD,2026-11-06,P
SPY261106P00782000,2026-09-25 19:54:22+00:00,782.0,16.69,20.79,21.02,0.0,0.0,2.0,1,0.10123579437255859,True,REGULAR,USD,2026-11-06,P
SPY261106P00785000,2026-09-28 18:42:15+00:00,785.0,22.88,22.83,23.12,1.3499985,6.2703133,2.0,4,0.09827561889648437,True,REGULAR,USD,2026-11-06,P
SPY261106P00790000,2026-09-25 16:59:22+00:00,790.0,22.76,26.48,28.39,0.0,0.0,1.0,2,0.11585356811523437,True,REGULAR,USD,2026-11-06,P
SPY261106P00800000,2026-09-25 15:44:32+00:00,800.0,32.55,33.89,36.88,0.0,0.0,1.0,1,0.11567046447753906,True,REGULAR,USD,2026-11-06,P
SPY261106P00806000,2026-09-25 16:08:32+00:00,806.0,35.14,39.74,42.73,0.0,0.0,1.0,0,0.12574116455078127,True,REGULAR,USD,2026-11-06,P
SPY261106P00811000,2026-09-25 20:07:19+00:00,811.0,39.64,44.56,47.72,0.0,0.0,1.0,0,0.13611703735351563,True,REGULAR,USD,2026-11-06,P
SPY261106P00812000,2026-09-29 14:31:18+00:00,812.0,46.62,45.56,49.16,2.8899994,6.608734,3.0,0,0.1479272219848633,True,REGULAR,USD,2026-11-06,P
SPY261120C00300000,2026-09-17 20:10:34+00:00,300.0,463.12,464.71,468.49,0.0,0.0,5.0,89,1.2202187426757813,True,REGULAR,USD,2026-11-20,C
SPY261120C00310000,2026-09-17 16:55:29+00:00,310.0,452.38,454.99,458.55,0.0,0.0,,2,1.1977579174804687,True,REGULAR,USD,2026-11-20,C
SPY261120C00320000,2026-09-25 17:05:17+00:00,320.0,453.18,445.04,448.62,0.0,0.0,10.0,10,1.1647990979003908,True,REGULAR,USD,2026-11-20,C
SPY261120C00325000,2026-06-12 16:13:09+00:00,325.0,419.74,431.32,434.78,0.0,0.0,,1,1.0000000000000003e-05,True,REGULAR,USD,2026-11-20,C
SPY261120C00340000,2026-06-12 13:40:45+00:00,340.0,400.8,416.6,420.11,0.0,0.0,,1,1.0000000000000003e-05,True,REGULAR,USD,2026-11-20,C
SPY261120C00345000,2026-09-01 19:26:51+00:00,345.0,417.85,420.01,423.75,0.0,0.0,,0,1.0771530517578127,True,REGULAR,USD,2026-11-20,C
SPY261120C00350000,2026-09-22 16:46:11+00:00,350.0,425.67,415.2,418.82,0.0,0.0,2.0,2,1.0703171484375003,True,REGULAR,USD,2026-11-20,C
SPY261120C00360000,2026-09-17 20:00:10+00:00,360.0,403.71,405.11,408.88,0.0,0.0,,1,1.0341845166015626,True,REGULAR,USD,2026-11-20,C
SPY261120C00380000,2026-06-09 16:38:20+00:00,380.0,349.59,377.36,380.87,0.0,0.0,,1,1.0000000000000003e-05,True,REGULAR,USD,2026-11-20,C
SPY261120C00395000,2026-08-14 17:01:05+00:00,395.0,383.68,0.0,0.0,0.0,0.0,,0,1.0000000000000003e-05,True,REGULAR,USD,2026-11-20,C
SPY261120C00400000,2026-09-17 20:01:58+00:00,400.0,364.1,365.39,369.16,0.0,0.0,11.0,22,0.922974403076172,True,REGULAR,USD,2026-11-20,C
SPY261120C00410000,2026-07-13 14:16:50+00:00,410.0,345.76,355.02,357.71,0.0,0.0,,1,0.8253191296386717,True,REGULAR,USD,2026-11-20,C
SPY261120C00415000,2026-09-16 18:53:56+00:00,415.0,342.16,350.66,354.27,0.0,0.0,1.0,1,0.8883067810058591,True,REGULAR,USD,2026-11-20,C
SPY261120C00425000,2026-08-25 13:40:29+00:00,425.0,343.99,340.53,344.34,0.0,0.0,3.0,8,0.8560805407714844,True,REGULAR,USD,2026-11-20,C
SPY261120C00430000,2026-07-29 17:09:23+00:00,430.0,311.32,340.02,343.54,0.0,0.0,,1,1.0285693103027347,True,REGULAR,USD,2026-11-20,C
SPY261120C00435000,2026-09-25 14:05:16+00:00,435.0,335.0,330.81,334.42,0.0,0.0,1.0,22,0.8365494860839842,True,REGULAR,USD,2026-11-20,C
SPY261120C00440000,2026-06-02 18:18:00+00:00,440.0,325.14,0.0,0.0,0.0,0.0,1.0,0,1.0000000000000003e-05,True,REGULAR,USD,2026-11-20,C
SPY261120C00445000,2026-08-31 17:11:27+00:00,445.0,323.45,321.22,324.46,0.0,0.0,,4,0.8190325714111326,True,REGULAR,USD,2026-11-20,C
SPY261120C00450000,2026-09-17 20:02:38+00:00,450.0,314.44,315.74,319.53,0.0,0.0,2.0,16,0.793825303955078,True,REGULAR,USD,2026-11-20,C
SPY261120C00460000,2026-09-21 13:30:07+00:00,460.0,310.14,305.86,309.61,0.0,0.0,1.0,16,0.7703880383300781,True,REGULAR,USD,2026-11-20,C
SPY261120C00465000,2026-09-21 13:30:07+00:00,465.0,305.16,300.9,304.65,0.0,0.0,1.0,4,0.7582421636962893,True,REGULAR,USD,2026-11-20,C
SPY261120C00470000,2026-09-14 13:56:46+00:00,470.0,292.39,296.09,299.69,0.0,0.0,1.0,6,0.7497583618164063,True,REGULAR,USD,2026-11-20,C
SPY261120C00480000,2026-09-21 13:30:30+00:00,480.0,290.33,286.44,289.77,0.0,0.0,3.0,9,0.7316311016845702,True,REGULAR,USD,2026-11-20,C
SPY261120C00485000,2026-09-21 13:30:30+00:00,485.0,285.35,281.01,284.81,0.0,0.0,3.0,9,0.7091093542480469,True,REGULAR,USD,2026-11-20,C
SPY261120C00490000,2026-07-27 18:49:52+00:00,490.0,254.08,280.74,284.26,0.0,0.0,20.0,33,0.8519301916503907,True,REGULAR,USD,2026-11-20,C
SPY261120C00495000,2026-09-17 18:46:09+00:00,495.0,269.63,271.29,274.9,0.0,0.0,5.0,6,0.6900665759277345,True,REGULAR,USD,2026-11-20,C
SPY261120C00500000,2026-09-22 17:39:45+00:00,500.0,277.16,266.34,269.94,0.0,0.0,1.0,45,0.6784700122070313,True,REGULAR,USD,2026-11-20,C
SPY261120C00505000,2026-09-14 17:07:45+00:00,505.0,259.88,261.45,264.99,0.0,0.0,2.0,3,0.6682772430419923,True,REGULAR,USD,2026-11-20,C
SPY261120C00510000,2026-09-21 18:39:10+00:00,510.0,267.7,256.43,259.99,0.0,0.0,30.0,34,0.654544470214844,True,REGULAR,USD,2026-11-20,C
SPY261120C00515000,2026-09-10 19:06:27+00:00,515.0,245.68,251.48,255.08,0.0,0.0,4.0,97,0.6440465283203125,True,REGULAR,USD,2026-11-20,C
SPY261120C00520000,2026-09-28 16:30:53+00:00,520.0,252.21,246.56,250.13,0.0,0.0,1.0,53,0.6333654827880859,True,REGULAR,USD,2026-11-20,C
SPY261120C00525000,2026-09-10 19:06:27+00:00,525.0,235.84,241.44,245.18,0.0,0.0,4.0,6,0.6189613299560548,True,REGULAR,USD,2026-11-20,C
SPY261120C00530000,2026-09-17 14:55:46+00:00,530.0,233.58,236.44,240.23,0.0,0.0,24.0,82,0.6068764898681642,True,REGULAR,USD,2026-11-20,C
SPY261120C00535000,2026-09-28 14:45:18+00:00,535.0,234.19,231.54,235.28,0.0,0.0,1.0,10,0.596683720703125,True,REGULAR,USD,2026-11-20,C
SPY261120C00540000,2026-09-10 18:48:39+00:00,540.0,221.08,226.73,230.33,0.0,0.0,4.0,8,0.5880168151855469,True,REGULAR,USD,2026-11-20,C
SPY261120C00545000,2026-09-23 13:41:16+00:00,545.0,231.61,221.58,225.38,0.0,0.0,1.0,5,0.5734905932617188,True,REGULAR,USD,2026-11-20,C
SPY261120C00550000,2026-09-28 17:00:11+00:00,550.0,221.25,216.68,220.43,0.0,0.0,1.0,26,0.5632978240966797,True,REGULAR,USD,2026-11-20,C
SPY261120C00555000,2026-09-23 13:41:16+00:00,555.0,221.72,211.69,215.49,0.0,0.0,1.0,11,0.551762294921875,True,REGULAR,USD,2026-11-20,C
SPY261120C00560000,2026-09-22 16:11:30+00:00,560.0,217.87,206.8,210.55,0.0,0.0,1.0,20,0.5418746984863283,True,REGULAR,USD,2026-11-20,C
SPY261120C00565000,2026-09-15 17:03:03+00:00,565.0,196.11,202.06,205.6,0.0,0.0,5.0,14,0.5340622766113281,True,REGULAR,USD,2026-11-20,C
SPY261120C00570000,2026-09-10 18:48:55+00:00,570.0,191.65,197.07,200.66,0.0,0.0,4.0,5,0.5225267474365234,True,REGULAR,USD,2026-11-20,C
SPY261120C00575000,2026-09-18 14:22:48+00:00,575.0,189.39,192.16,195.73,0.0,0.0,2.0,42,0.5123339782714844,True,REGULAR,USD,2026-11-20,C
SPY261120C00580000,2026-09-17 18:06:03+00:00,580.0,186.05,187.06,190.79,0.0,0.0,1.0,53,0.5477340148925782,True,REGULAR,USD,2026-11-20,C
SPY261120C00585000,2026-09-16 20:08:53+00:00,585.0,172.9,182.06,185.86,0.0,0.0,5.0,14,0.5361374511718751,True,REGULAR,USD,2026-11-20,C
SPY261120C00590000,2026-09-17 17:08:55+00:00,590.0,175.94,177.32,180.78,0.0,0.0,2.0,6,0.5211229528808592,True,REGULAR,USD,2026-11-20,C
SPY261120C00595000,2026-09-17 18:44:00+00:00,595.0,171.22,172.19,175.92,0.0,0.0,66.0,74,0.511174321899414,True,REGULAR,USD,2026-11-20,C
SPY261120C00600000,2026-09-25 18:29:07+00:00,600.0,170.42,168.05,169.6,-5.0599976,-2.8835182,1.0,1555,0.46735151794433594,True,REGULAR,USD,2026-11-20,C
SPY261120C00605000,2026-09-23 18:52:51+00:00,605.0,168.16,162.54,166.14,0.0,0.0,1.0,4,0.48981223083496106,True,REGULAR,USD,2026-11-20,C
SPY261120C00610000,2026-09-23 16:50:30+00:00,610.0,159.83,157.42,161.22,-2.649994,-1.6309663,1.0,36,0.47839877075195314,True,REGULAR,USD,2026-11-20,C
SPY261120C00615000,2026-09-29 14:41:52+00:00,615.0,155.09,152.71,156.31,-7.3399963,-4.5188675,1.0,27,0.4671989315795898,True,REGULAR,USD,2026-11-20,C
SPY261120C00620000,2026-09-22 15:30:06+00:00,620.0,150.68,147.79,151.39,-8.360001,-5.25654,1.0,38,0.4557549542236329,True,REGULAR,USD,2026-11-20,C
SPY261120C00625000,2026-09-17 18:37:43+00:00,625.0,141.93,142.86,146.35,0.0,0.0,1.0,5,0.44196114685058596,True,REGULAR,USD,2026-11-20,C
SPY261120C00630000,2026-09-23 17:03:02+00:00,630.0,143.92,139.38,140.07,0.0,0.0,1.0,783,0.4032957620239258,True,REGULAR,USD,2026-11-20,C
SPY261120C00635000,2026-09-29 17:55:53+00:00,635.0,133.1,134.48,135.17,-4.419998,-3.2140765,1.0,141,0.3929504064941406,True,REGULAR,USD,2026-11-20,C
SPY261120C00640000,2026-09-21 15:59:37+00:00,640.0,136.84,128.51,131.03,0.0,0.0,1.0,428,0.39722282470703124,True,REGULAR,USD,2026-11-20,C
SPY261120C00645000,2026-09-24 15:14:59+00:00,645.0,124.86,123.36,126.79,0.0,0.0,1.0,68,0.39819937744140627,True,REGULAR,USD,2026-11-20,C
SPY261120C00650000,2026-09-25 16:31:25+00:00,650.0,126.89,118.75,121.03,0.0,0.0,1.0,2072,0.37174090179443364,True,REGULAR,USD,2026-11-20,C
SPY261120C00655000,2026-09-29 15:30:08+00:00,655.0,113.99,114.96,115.7,-5.010002,-4.210086,4.0,189,0.35312536529541017,True,REGULAR,USD,2026-11-20,C
SPY261120C00660000,2026-09-29 13:30:01+00:00,660.0,112.64,109.03,110.84,-0.66999817,-0.5912966,1.0,340,0.3430241479492187,True,REGULAR,USD,2026-11-20,C
SPY261120C00665000,2026-09-28 17:49:02+00:00,665.0,108.7,104.34,106.48,0.0,0.0,23.0,121,0.3411625942993164,True,REGULAR,USD,2026-11-20,C
SPY261120C00670000,2026-09-28 14:44:38+00:00,670.0,102.24,100.45,101.09,0.0,0.0,403.0,456,0.3219367123413085,True,REGULAR,USD,2026-11-20,C
SPY261120C00675000,2026-09-28 14:30:42+00:00,675.0,98.13,94.12,97.64,0.0,0.0,2.0,79,0.33313655151367194,True,REGULAR,USD,2026-11-20,C
SPY261120C00680000,2026-09-28 16:44:48+00:00,680.0,90.79,89.89,92.18,-3.9799957,-4.030376,1.0,496,0.31308670318603515,True,REGULAR,USD,2026-11-20,C
SPY261120C00685000,2026-09-28 14:56:23+00:00,685.0,86.38,85.11,86.71,0.0,0.0,2.0,302,0.29300633758544914,True,REGULAR,USD,2026-11-20,C
SPY261120C00690000,2026-09-29 17:12:02+00:00,690.0,79.91,80.35,82.63,-3.7699966,-4.5052543,168.0,1477,0.2929758203124999,True,REGULAR,USD,2026-11-20,C
SPY261120C00695000,2026-09-29 14:37:48+00:00,695.0,77.6,75.16,78.61,-2.0100021,-2.524811,1.0,138,0.2925790957641601,True,REGULAR,USD,2026-11-20,C
SPY261120C00700000,2026-09-29 18:46:45+00:00,700.0,72.5,72.31,72.45,-0.9700012,-1.3202684,18.0,5685,0.26367923828125,True,REGULAR,USD,2026-11-20,C
SPY261120C00705000,2026-09-28 14:46:34+00:00,705.0,68.0,66.0,69.33,0.0,0.0,2.0,445,0.27368890380859373,True,REGULAR,USD,2026-11-20,C
SPY261120C00710000,2026-09-29 14:20:24+00:00,710.0,63.37,61.25,63.35,-1.0700035,-1.6604648,1.0,412,0.24768818725585937,True,REGULAR,USD,2026-11-20,C
SPY261120C00715000,2026-09-29 15:09:35+00:00,715.0,57.99,58.38,58.74,-4.6399994,-7.408589,10.0,141,0.23822783264160152,True,REGULAR,USD,2026-11-20,C
SPY261120C00719000,2026-09-25 18:43:56+00:00,719.0,59.13,53.49,56.32,0.0,0.0,1.0,1,0.24454490814208985,True,REGULAR,USD,2026-11-20,C
SPY261120C00720000,2026-09-29 18:18:25+00:00,720.0,53.34,52.62,54.27,-2.0999985,-3.7878761,5.0,1911,0.2298966171264648,True,REGULAR,USD,2026-11-20,C
SPY261120C00725000,2026-09-29 17:46:56+00:00,725.0,48.41,49.48,49.82,-2.6599998,-5.208537,6.0,1618,0.22118393569946287,True,REGULAR,USD,2026-11-20,C
SPY261120C00727000,2026-09-24 14:16:20+00:00,727.0,49.77,46.6,48.08,0.0,0.0,,1,0.2179643634033203,True,REGULAR,USD,2026-11-20,C
SPY261120C00730000,2026-09-29 15:56:24+00:00,730.0,44.1,45.16,45.39,-1.9400024,-4.2137322,2.0,1772,0.21205927108764644,True,REGULAR,USD,2026-11-20,C
SPY261120C00732000,2026-09-28 20:06:28+00:00,732.0,44.61,43.42,43.78,0.0,0.0,138.0,139,0.2098772860717773,True,REGULAR,USD,2026-11-20,C
SPY261120C00733000,2026-09-29 17:13:36+00:00,733.0,41.24,42.61,42.91,-2.6599998,-6.059225,3.0,36,0.20806150833129877,True,REGULAR,USD,2026-11-20,C
SPY261120C00734000,2026-09-28 14:42:39+00:00,734.0,43.36,41.75,42.04,0.0,0.0,4.0,5,0.20621521331787107,True,REGULAR,USD,2026-11-20,C
SPY261120C00735000,2026-09-28 17:15:58+00:00,735.0,44.36,40.93,41.21,0.0,0.0,10.0,2058,0.20475038421630853,True,REGULAR,USD,2026-11-20,C
SPY261120C00738000,2026-09-28 17:54:22+00:00,738.0,40.92,38.43,38.7,0.0,0.0,6.0,26,0.19992865509033203,True,REGULAR,USD,2026-11-20,C
SPY261120C00739000,2026-09-25 14:15:11+00:00,739.0,40.0,37.58,37.86,0.0,0.0,1.0,1,0.19820442916870118,True,REGULAR,USD,2026-11-20,C
SPY261120C00740000,2026-09-29 18:51:18+00:00,740.0,36.85,36.76,37.05,-1.1599998,-3.0518281,22.0,2020,0.19675485870361326,True,REGULAR,USD,2026-11-20,C
SPY261120C00742000,2026-09-25 15:38:44+00:00,742.0,38.66,35.16,35.42,0.0,0.0,1.0,1,0.19361157958984376,True,REGULAR,USD,2026-11-20,C
SPY261120C00745000,2026-09-29 18:30:16+00:00,745.0,32.69,32.76,32.96,-2.3100014,-6.6000037,21.0,3010,0.18845416046142577,True,REGULAR,USD,2026-11-20,C
SPY261120C00746000,2026-09-28 19:57:14+00:00,746.0,32.86,31.99,32.2,0.0,0.0,238.0,242,0.18721821090698243,True,REGULAR,USD,2026-11-20,C
SPY261120C00747000,2026-09-29 13:54:40+00:00,747.0,31.69,31.19,31.45,-1.5899982,-4.777639,1.0,2,0.18601277862548826,True,REGULAR,USD,2026-11-20,C
SPY261120C00748000,2026-09-28 17:41:19+00:00,748.0,32.67,30.42,30.67,0.0,0.0,1.0,2,0.18448691497802733,True,REGULAR,USD,2026-11-20,C
SPY261120C00750000,2026-09-29 17:51:48+00:00,750.0,27.94,28.92,29.12,-2.1000004,-6.9906797,71.0,4285,0.18138941177368162,True,REGULAR,USD,2026-11-20,C
SPY261120C00751000,2026-09-25 19:53:59+00:00,751.0,33.93,28.17,28.36,0.0,0.0,7.0,7,0.1798940653991699,True,REGULAR,USD,2026-11-20,C
SPY261120C00753000,2026-09-24 16:51:26+00:00,753.0,30.44,26.69,26.86,0.0,0.0,,11,0.17693388992309572,True,REGULAR,USD,2026-11-20,C
SPY261120C00754000,2026-09-28 16:28:31+00:00,754.0,29.3,25.92,26.13,0.0,0.0,6.0,14,0.17556061264038086,True,REGULAR,USD,2026-11-20,C
SPY261120C00755000,2026-09-29 15:49:31+00:00,755.0,24.89,25.19,25.36,-1.5200005,-5.7553973,31.0,1822,0.17377535217285156,True,REGULAR,USD,2026-11-20,C
SPY261120C00756000,2026-09-25 15:54:46+00:00,756.0,27.77,24.48,24.68,0.0,0.0,9.0,9,0.17272250625610353,True,REGULAR,USD,2026-11-20,C
SPY261120C00757000,2026-09-29 14:21:17+00:00,757.0,24.03,23.77,23.97,-1.4699993,-5.7647033,5.0,25,0.17134922897338867,True,REGULAR,USD,2026-11-20,C
SPY261120C00758000,2026-09-29 17:01:17+00:00,758.0,22.04,23.06,23.24,-3.3999996,-13.3647785,11.0,20,0.1697318135070801,True,REGULAR,USD,2026-11-20,C
SPY261120C00759000,2026-09-24 18:38:37+00:00,759.0,25.37,22.41,22.56,0.0,0.0,,5,0.16849586395263677,True,REGULAR,USD,2026-11-20,C
SPY261120C00760000,2026-09-29 18:45:02+00:00,760.0,21.9,21.72,21.85,-0.6000004,-2.6666684,214.0,6496,0.1669394830322266,True,REGULAR,USD,2026-11-20,C
SPY261120C00761000,2026-09-29 15:41:54+00:00,761.0,20.37,21.04,21.18,-1.3799992,-6.3448234,9.0,6,0.165673016204834,True,REGULAR,USD,2026-11-20,C
SPY261120C00762000,2026-09-29 18:39:16+00:00,762.0,20.5,20.37,20.53,-0.5799999,-2.751423,37.0,128,0.16449810119628905,True,REGULAR,USD,2026-11-20,C
SPY261120C00763000,2026-09-29 18:41:00+00:00,763.0,20.0,19.71,19.8,-0.42000008,-2.0568075,213.0,28,0.16257551300048828,True,REGULAR,USD,2026-11-20,C
SPY261120C00764000,2026-09-29 18:48:50+00:00,764.0,19.12,19.09,19.2,-0.9599991,-4.780872,143.0,31,0.16170577072143555,True,REGULAR,USD,2026-11-20,C
SPY261120C00765000,2026-09-29 18:50:48+00:00,765.0,18.42,18.47,18.57,-0.7399998,-3.8622117,508.0,6317,0.16050033843994144,False,REGULAR,USD,2026-11-20,C
SPY261120C00766000,2026-09-29 18:51:09+00:00,766.0,17.87,17.84,17.88,-0.8899994,-4.744133,68.0,103,0.15871507797241213,False,REGULAR,USD,2026-11-20,C
SPY261120C00767000,2026-09-29 18:30:16+00:00,767.0,17.1,17.22,17.26,-1.0900002,-5.9923043,39.0,251,0.1574486111450195,False,REGULAR,USD,2026-11-20,C
SPY261120C00768000,2026-09-29 18:49:13+00:00,768.0,16.59,16.63,16.68,-0.6499996,-3.7702994,51.0,371,0.15647205841064454,False,REGULAR,USD,2026-11-20,C
SPY261120C00769000,2026-09-29 17:55:06+00:00,769.0,15.09,16.02,16.06,-1.9300003,-11.3396015,27.0,306,0.1550530052185059,False,REGULAR,USD,2026-11-20,C
SPY261120C00770000,2026-09-29 18:53:38+00:00,770.0,15.46,15.46,15.5,-0.64000034,-3.975157,808.0,13334,0.15407645248413088,False,REGULAR,USD,2026-11-20,C
SPY261120C00771000,2026-09-29 18:43:17+00:00,771.0,14.98,14.88,14.91,-0.8000002,-5.06971,169.0,108,0.15276420974731447,False,REGULAR,USD,2026-11-20,C
SPY261120C00772000,2026-09-29 18:22:18+00:00,772.0,14.03,14.3,14.35,-0.8299999,-5.585464,156.0,159,0.15163507064819337,False,REGULAR,USD,2026-11-20,C
SPY261120C00773000,2026-09-29 18:53:40+00:00,773.0,13.79,13.78,13.8,-0.78999996,-5.418381,71.0,328,0.1504906729125977,False,REGULAR,USD,2026-11-20,C
SPY261120C00774000,2026-09-29 18:50:36+00:00,774.0,13.25,13.24,13.28,-0.78999996,-5.6267805,110.0,167,0.14954463745117189,False,REGULAR,USD,2026-11-20,C
SPY261120C00775000,2026-09-29 18:54:03+00:00,775.0,12.74,12.71,12.74,-0.5100002,-3.8490584,564.0,9989,0.14832394653320313,False,REGULAR,USD,2026-11-20,C
SPY261120C00776000,2026-09-29 18:41:00+00:00,776.0,12.39,12.22,12.25,-0.9399996,-7.0517597,78.0,298,0.147469462890625,False,REGULAR,USD,2026-11-20,C
SPY261120C00777000,2026-09-29 18:50:35+00:00,777.0,11.73,11.7,11.74,-0.87000084,-6.9047685,69.0,455,0.1463403237915039,False,REGULAR,USD,2026-11-20,C
SPY261120C00778000,2026-09-29 18:50:39+00:00,778.0,11.22,11.25,11.28,-1.3000002,-10.383388,263.0,204,0.1455621333312988,False,REGULAR,USD,2026-11-20,C
SPY261120C00779000,2026-09-29 17:50:16+00:00,779.0,10.15,10.78,10.81,-1.6600008,-14.055891,39.0,280,0.14460083923339845,False,REGULAR,USD,2026-11-20,C
SPY261120C00780000,2026-09-29 18:50:36+00:00,780.0,10.32,10.31,10.34,-0.64000034,-5.839419,761.0,11898,0.143563251953125,False,REGULAR,USD,2026-11-20,C
SPY261120C00781000,2026-09-29 18:43:17+00:00,781.0,9.94,9.88,9.91,-0.62000084,-5.8712196,199.0,202,0.14278506149291992,False,REGULAR,USD,2026-11-20,C
SPY261120C00782000,2026-09-29 18:22:43+00:00,782.0,9.25,9.43,9.46,-0.84000015,-8.325076,285.0,177,0.14173221557617188,False,REGULAR,USD,2026-11-20,C
SPY261120C00783000,2026-09-29 18:39:01+00:00,783.0,9.0,9.01,9.04,-0.39999962,-4.2553153,90.0,105,0.14084721466064454,False,REGULAR,USD,2026-11-20,C
SPY261120C00784000,2026-09-29 17:39:02+00:00,784.0,8.04,8.61,8.64,-2.2700005,-22.017462,52.0,509,0.14005376556396482,False,REGULAR,USD,2026-11-20,C
SPY261120C00785000,2026-09-29 18:49:37+00:00,785.0,8.21,8.21,8.24,-0.48999977,-5.632181,305.0,9843,0.13916876464843753,False,REGULAR,USD,2026-11-20,C
SPY261120C00786000,2026-09-29 18:14:05+00:00,786.0,7.49,7.84,7.86,-0.8299999,-9.975961,95.0,518,0.1383753155517578,False,REGULAR,USD,2026-11-20,C
SPY261120C00787000,2026-09-29 17:53:12+00:00,787.0,6.89,7.48,7.52,-1.7400002,-20.162228,53.0,75,0.13788703918457032,False,REGULAR,USD,2026-11-20,C
SPY261120C00788000,2026-09-29 18:23:40+00:00,788.0,7.03,7.13,7.16,-0.5499997,-7.255933,132.0,185,0.13709359008789065,False,REGULAR,USD,2026-11-20,C
SPY261120C00789000,2026-09-29 16:40:28+00:00,789.0,6.31,6.78,6.81,-1.5500002,-19.720104,23.0,239,0.13628488235473635,False,REGULAR,USD,2026-11-20,C
SPY261120C00790000,2026-09-29 18:44:45+00:00,790.0,6.53,6.45,6.48,-0.39999962,-5.7720003,1031.0,13106,0.1355829850769043,False,REGULAR,USD,2026-11-20,C
SPY261120C00791000,2026-09-29 18:28:12+00:00,791.0,5.98,6.13,6.16,-0.88999987,-12.954874,170.0,110,0.13488108779907232,False,REGULAR,USD,2026-11-20,C
SPY261120C00792000,2026-09-29 18:28:12+00:00,792.0,5.68,5.84,5.88,-0.9200001,-13.939395,269.0,258,0.13449962188720704,False,REGULAR,USD,2026-11-20,C
SPY261120C00793000,2026-09-29 18:28:13+00:00,793.0,5.39,5.55,5.59,-1.5100002,-21.884062,261.0,484,0.13391979370117188,False,REGULAR,USD,2026-11-20,C
SPY261120C00794000,2026-09-29 18:39:15+00:00,794.0,5.28,5.27,5.29,-1.29,-19.634703,44.0,254,0.13311108596801757,False,REGULAR,USD,2026-11-20,C
SPY261120C00795000,2026-09-29 18:48:46+00:00,795.0,4.98,5.0,5.03,-0.3800001,-7.0895543,686.0,7575,0.1326380682373047,False,REGULAR,USD,2026-11-20,C
SPY261120C00796000,2026-09-29 18:28:13+00:00,796.0,4.6,4.74,4.76,-1.3600001,-22.818794,226.0,288,0.13196668823242189,False,REGULAR,USD,2026-11-20,C
SPY261120C00797000,2026-09-29 18:20:46+00:00,797.0,4.28,4.5,4.53,-0.6199999,-12.653059,125.0,318,0.13163099822998048,False,REGULAR,USD,2026-11-20,C
SPY261120C00798000,2026-09-29 18:43:39+00:00,798.0,4.32,4.26,4.28,-0.28999996,-6.2906713,146.0,88,0.13099013549804686,False,REGULAR,USD,2026-11-20,C
SPY261120C00799000,2026-09-29 18:37:48+00:00,799.0,3.91,4.03,4.06,-0.49,-11.136363,69.0,541,0.13056289367675777,False,REGULAR,USD,2026-11-20,C
SPY261120C00800000,2026-09-29 18:45:35+00:00,800.0,3.87,3.82,3.84,-0.25,-6.067961,980.0,16770,0.1300746173095703,False,REGULAR,USD,2026-11-20,C
SPY261120C00805000,2026-09-29 18:51:14+00:00,805.0,2.87,2.87,2.9,-0.18000007,-5.901642,1010.0,5480,0.12802996002197264,False,REGULAR,USD,2026-11-20,C
SPY261120C00810000,2026-09-29 18:51:14+00:00,810.0,2.15,2.15,2.16,-0.17999983,-7.7253146,618.0,27472,0.1263515100097656,False,REGULAR,USD,2026-11-20,C
SPY261120C00815000,2026-09-29 18:50:30+00:00,815.0,1.58,1.57,1.59,-0.07999992,-4.8192725,224.0,5735,0.12497823272705078,False,REGULAR,USD,2026-11-20,C
SPY261120C00820000,2026-09-29 18:50:37+00:00,820.0,1.14,1.14,1.16,-0.120000005,-9.523809,1243.0,17213,0.12397116271972657,False,REGULAR,USD,2026-11-20,C
SPY261120C00825000,2026-09-29 18:50:37+00:00,825.0,0.84,0.83,0.85,-0.08000004,-8.695656,574.0,6264,0.1235439208984375,False,REGULAR,USD,2026-11-20,C
SPY261120C00830000,2026-09-29 18:31:50+00:00,830.0,0.58,0.62,0.63,-0.09000003,-13.432841,283.0,6090,0.12366598999023437,False,REGULAR,USD,2026-11-20,C
SPY261120C00835000,2026-09-29 18:22:41+00:00,835.0,0.44,0.46,0.47,-0.060000002,-12.0,257.0,5650,0.12421530090332032,False,REGULAR,USD,2026-11-20,C
SPY261120C00840000,2026-09-29 18:22:43+00:00,840.0,0.34,0.35,0.36,-0.03999999,-10.526314,44.0,2413,0.12537495727539064,False,REGULAR,USD,2026-11-20,C
SPY261120C00845000,2026-09-29 18:36:30+00:00,845.0,0.26,0.27,0.28,-0.04000002,-13.333339,27.0,2197,0.12696185546875,False,REGULAR,USD,2026-11-20,C
SPY261120C00850000,2026-09-29 18:09:50+00:00,850.0,0.18,0.21,0.22,-0.059999987,-24.999994,1106.0,6686,0.12867082275390623,False,REGULAR,USD,2026-11-20,C
SPY261120C00855000,2026-09-29 18:22:42+00:00,855.0,0.16,0.17,0.18,-0.030000001,-15.789474,3.0,1184,0.13111220458984374,False,REGULAR,USD,2026-11-20,C
SPY261120C00860000,2026-09-29 16:30:54+00:00,860.0,0.12,0.14,0.15,-0.04,-25.0,4.0,1232,0.13367565551757812,False,REGULAR,USD,2026-11-20,C
SPY261120C00865000,2026-09-29 18:22:42+00:00,865.0,0.11,0.11,0.12,-0.040000007,-26.666668,4.0,1536,0.1355066918945313,False,REGULAR,USD,2026-11-20,C
SPY261120C00870000,2026-09-29 13:52:03+00:00,870.0,0.09,0.09,0.1,-0.019999996,-18.181814,2.0,683,0.13794807373046875,False,REGULAR,USD,2026-11-20,C
SPY261120C00875000,2026-09-29 15:28:31+00:00,875.0,0.07,0.08,0.09,-0.020000003,-22.222223,12.0,23227,0.141610146484375,False,REGULAR,USD,2026-11-20,C
SPY261120C00880000,2026-09-29 14:40:38+00:00,880.0,0.07,0.06,0.07,-0.030000001,-30.0,2.0,1248,0.14258669921875,False,REGULAR,USD,2026-11-20,C
SPY261120C00885000,2026-09-29 15:24:09+00:00,885.0,0.06,0.05,0.06,-0.030000005,-33.333336,22.0,782,0.145516357421875,False,REGULAR,USD,2026-11-20,C
SPY261120C00890000,2026-09-29 14:09:07+00:00,890.0,0.04,0.04,0.05,-0.010000002,-20.000002,33.0,818,0.147469462890625,False,REGULAR,USD,2026-11-20,C
SPY261120C00895000,2026-09-24 20:01:03+00:00,895.0,0.06,0.04,0.05,0.0,0.0,17.0,1032,0.15235222656250003,False,REGULAR,USD,2026-11-20,C
SPY261120C00900000,2026-09-29 15:14:17+00:00,900.0,0.03,0.03,0.04,-0.01,-25.0,6.0,2481,0.1538170556640625,False,REGULAR,USD,2026-11-20,C
SPY261120C00905000,2026-09-29 17:40:52+00:00,905.0,0.03,0.03,0.04,-0.01,-25.0,4.0,1220,0.15821154296875,False,REGULAR,USD,2026-11-20,C
SPY261120C00910000,2026-09-28 20:01:19+00:00,910.0,0.03,0.02,0.03,0.0,0.0,24.0,316,0.159188095703125,False,REGULAR,USD,2026-11-20,C
SPY261120C00915000,2026-09-24 17:33:07+00:00,915.0,0.03,0.02,0.03,0.0,0.0,26.0,294,0.16309430664062502,False,REGULAR,USD,2026-11-20,C
SPY261120C00920000,2026-09-28 14:42:59+00:00,920.0,0.02,0.02,0.03,0.0,0.0,6.0,1614,0.16797707031250003,False,REGULAR,USD,2026-11-20,C
SPY261120C00925000,2026-09-11 15:01:29+00:00,925.0,0.03,0.02,0.03,0.0,0.0,25.0,87,0.17188328125000002,False,REGULAR,USD,2026-11-20,C
SPY261120C00930000,2026-09-24 16:32:54+00:00,930.0,0.02,0.01,0.02,0.0,0.0,28.0,134,0.16993017578125003,False,REGULAR,USD,2026-11-20,C
SPY261120C00935000,2026-09-21 14:34:19+00:00,935.0,0.03,0.01,0.02,0.0,0.0,1.0,12,0.17383638671875,False,REGULAR,USD,2026-11-20,C
SPY261120C00940000,2026-09-18 18:06:30+00:00,940.0,0.01,0.01,0.02,0.0,0.0,84.0,319,0.178719150390625,False,REGULAR,USD,2026-11-20,C
SPY261120C00945000,2026-09-23 15:00:49+00:00,945.0,0.02,0.01,0.02,0.0,0.0,3.0,276,0.18360191406249998,False,REGULAR,USD,2026-11-20,C
SPY261120C00950000,2026-09-29 17:34:41+00:00,950.0,0.01,0.01,0.02,-0.01,-50.0,2.0,2395,0.187508125,False,REGULAR,USD,2026-11-20,C
SPY261120C00955000,2026-09-03 14:37:58+00:00,955.0,0.03,0.01,0.02,0.0,0.0,7.0,28,0.1914143359375,False,REGULAR,USD,2026-11-20,C
SPY261120C00960000,2026-09-03 15:35:11+00:00,960.0,0.03,0.01,0.02,0.0,0.0,2.0,30,0.195320546875,False,REGULAR,USD,2026-11-20,C
SPY261120C00965000,2026-09-04 13:30:08+00:00,965.0,0.04,0.01,0.02,0.0,0.0,1.0,51,0.1992267578125,False,REGULAR,USD,2026-11-20,C
SPY261120C00970000,2026-09-25 15:30:45+00:00,970.0,0.01,0.01,0.02,0.0,0.0,2.0,34,0.20313296874999998,False,REGULAR,USD,2026-11-20,C
SPY261120C00975000,2026-09-29 14:43:56+00:00,975.0,0.01,0.01,0.02,0.0,0.0,1.0,50,0.20703917968749996,False,REGULAR,USD,2026-11-20,C
SPY261120C00980000,2026-09-28 15:49:39+00:00,980.0,0.01,0.0,0.01,0.0,0.0,3.0,116,0.1992267578125,False,REGULAR,USD,2026-11-20,C
SPY261120C00985000,2026-09-28 13:30:03+00:00,985.0,0.01,0.0,0.01,0.0,0.0,1.0,851,0.20313296874999998,False,REGULAR,USD,2026-11-20,C
SPY261120C00990000,2026-09-01 15:49:30+00:00,990.0,0.02,0.0,0.01,0.0,0.0,90.0,526,0.20703917968749996,False,REGULAR,USD,2026-11-20,C
SPY261120C00995000,2026-09-28 13:30:02+00:00,995.0,0.01,0.0,0.01,0.0,0.0,1.0,408,0.21094539062499998,False,REGULAR,USD,2026-11-20,C
SPY261120C01000000,2026-09-28 13:30:01+00:00,1000.0,0.01,0.0,0.01,0.0,0.0,1.0,792,0.2148516015625,False,REGULAR,USD,2026-11-20,C
SPY261120P00300000,2026-09-29 18:11:54+00:00,300.0,0.02,0.02,0.03,0.0,0.0,105.0,4617,0.7656273437500001,False,REGULAR,USD,2026-11-20,P
SPY261120P00305000,2026-09-29 14:01:08+00:00,305.0,0.01,0.02,0.03,-0.02,-66.66667,6.0,1647,0.7539087109375,False,REGULAR,USD,2026-11-20,P
SPY261120P00310000,2026-09-29 15:31:47+00:00,310.0,0.02,0.02,0.03,0.0,0.0,8.0,279,0.7421900781249999,False,REGULAR,USD,2026-11-20,P
SPY261120P00315000,2026-09-28 13:30:02+00:00,315.0,0.03,0.02,0.03,0.0,0.0,1.0,646,0.726565234375,False,REGULAR,USD,2026-11-20,P
SPY261120P00320000,2026-09-28 14:47:53+00:00,320.0,0.03,0.02,0.03,0.0,0.0,46.0,486,0.7148466015625,False,REGULAR,USD,2026-11-20,P
SPY261120P00325000,2026-09-23 15:08:03+00:00,325.0,0.03,0.02,0.03,0.0,0.0,48.0,293,0.70312796875,False,REGULAR,USD,2026-11-20,P
SPY261120P00330000,2026-09-29 13:33:17+00:00,330.0,0.02,0.02,0.03,-0.030000001,-60.0,1.0,147,0.6914093359375001,False,REGULAR,USD,2026-11-20,P
SPY261120P00335000,2026-09-18 13:30:26+00:00,335.0,0.05,0.03,0.04,0.0,0.0,45.0,83,0.6992217578125001,False,REGULAR,USD,2026-11-20,P
SPY261120P00340000,2026-09-28 14:56:43+00:00,340.0,0.04,0.03,0.04,0.0,0.0,63.0,2089,0.68555001953125,False,REGULAR,USD,2026-11-20,P
SPY261120P00345000,2026-09-28 14:55:55+00:00,345.0,0.04,0.03,0.04,0.0,0.0,107.0,427,0.6738313867187502,False,REGULAR,USD,2026-11-20,P
SPY261120P00350000,2026-09-29 18:12:24+00:00,350.0,0.03,0.03,0.04,-0.01,-25.0,5.0,908,0.6621127539062501,False,REGULAR,USD,2026-11-20,P
SPY261120P00355000,2026-09-29 14:48:35+00:00,355.0,0.05,0.04,0.05,0.0,0.0,45.0,1023,0.6640658593750002,False,REGULAR,USD,2026-11-20,P
SPY261120P00360000,2026-09-28 14:56:41+00:00,360.0,0.05,0.04,0.05,0.0,0.0,3.0,2052,0.6523472265625001,False,REGULAR,USD,2026-11-20,P
SPY261120P00365000,2026-09-28 14:49:00+00:00,365.0,0.05,0.04,0.05,0.0,0.0,18.0,8594,0.6425816992187501,False,REGULAR,USD,2026-11-20,P
SPY261120P00370000,2026-09-29 13:34:24+00:00,370.0,0.05,0.04,0.05,-0.009999998,-16.666662,113.0,11634,0.63086306640625,False,REGULAR,USD,2026-11-20,P
SPY261120P00375000,2026-09-29 14:41:51+00:00,375.0,0.05,0.05,0.06,-0.009999998,-16.666662,9.0,2193,0.63086306640625,False,REGULAR,USD,2026-11-20,P
SPY261120P00380000,2026-09-28 14:48:27+00:00,380.0,0.06,0.05,0.06,0.0,0.0,10.0,150509,0.6191444335937502,False,REGULAR,USD,2026-11-20,P
SPY261120P00385000,2026-09-29 15:31:26+00:00,385.0,0.06,0.05,0.06,-0.010000002,-14.285716,11.0,248,0.6093789062500001,False,REGULAR,USD,2026-11-20,P
SPY261120P00390000,2026-09-29 17:10:59+00:00,390.0,0.06,0.05,0.06,-0.010000002,-14.285716,31.0,104309,0.5976602734375001,False,REGULAR,USD,2026-11-20,P
SPY261120P00395000,2026-09-25 17:26:52+00:00,395.0,0.07,0.06,0.07,0.0,0.0,600.0,3286,0.59570716796875,False,REGULAR,USD,2026-11-20,P
SPY261120P00400000,2026-09-29 16:13:12+00:00,400.0,0.07,0.06,0.07,0.0,0.0,5.0,76103,0.585941640625,False,REGULAR,USD,2026-11-20,P
SPY261120P00405000,2026-09-24 15:43:00+00:00,405.0,0.1,0.07,0.08,0.0,0.0,3.0,239,0.5820354296875,False,REGULAR,USD,2026-11-20,P
SPY261120P00410000,2026-09-28 16:36:24+00:00,410.0,0.09,0.07,0.08,0.0,0.0,6.0,1525,0.5722699023437501,False,REGULAR,USD,2026-11-20,P
SPY261120P00415000,2026-09-29 13:48:19+00:00,415.0,0.08,0.07,0.08,-0.010000005,-11.111116,10.0,397,0.561527822265625,False,REGULAR,USD,2026-11-20,P
SPY261120P00420000,2026-09-28 20:03:42+00:00,420.0,0.09,0.08,0.09,0.0,0.0,103.0,1046,0.5576216113281252,False,REGULAR,USD,2026-11-20,P
SPY261120P00425000,2026-09-29 13:30:02+00:00,425.0,0.09,0.08,0.09,-0.019999996,-18.181814,1.0,359,0.5468795312500001,False,REGULAR,USD,2026-11-20,P
SPY261120P00430000,2026-09-25 18:18:46+00:00,430.0,0.11,0.09,0.1,0.0,0.0,1.0,2792,0.5429733203125001,False,REGULAR,USD,2026-11-20,P
SPY261120P00435000,2026-09-25 15:43:59+00:00,435.0,0.11,0.1,0.11,-0.019999996,-15.384612,10.0,282,0.5380905566406251,False,REGULAR,USD,2026-11-20,P
SPY261120P00440000,2026-09-29 14:20:35+00:00,440.0,0.11,0.1,0.11,-0.009999998,-8.333331,10.0,208,0.5283250292968751,False,REGULAR,USD,2026-11-20,P
SPY261120P00445000,2026-09-29 15:35:35+00:00,445.0,0.13,0.11,0.12,-0.010000005,-7.1428604,22.0,137,0.5224657128906249,False,REGULAR,USD,2026-11-20,P
SPY261120P00450000,2026-09-29 14:20:17+00:00,450.0,0.13,0.12,0.13,0.0,0.0,10.0,1252,0.516606396484375,False,REGULAR,USD,2026-11-20,P
SPY261120P00455000,2026-09-29 14:20:07+00:00,455.0,0.14,0.12,0.13,0.0,0.0,11.0,199,0.506840869140625,False,REGULAR,USD,2026-11-20,P
SPY261120P00460000,2026-09-29 14:20:00+00:00,460.0,0.13,0.13,0.14,-0.030000001,-18.75,10.0,848,0.5009815527343751,False,REGULAR,USD,2026-11-20,P
SPY261120P00465000,2026-09-29 18:27:56+00:00,465.0,0.15,0.14,0.15,-0.00999999,-6.2499943,54.0,3053,0.49658706542968756,False,REGULAR,USD,2026-11-20,P
SPY261120P00470000,2026-09-29 14:03:36+00:00,470.0,0.16,0.15,0.16,-0.02000001,-11.111116,20.0,5968,0.49023947265625006,False,REGULAR,USD,2026-11-20,P
SPY261120P00475000,2026-09-28 14:10:26+00:00,475.0,0.17,0.16,0.17,-0.019999996,-9.523808,2.0,3217,0.48340360351562506,False,REGULAR,USD,2026-11-20,P
SPY261120P00480000,2026-09-25 19:02:12+00:00,480.0,0.2,0.17,0.18,0.0,0.0,3.0,5312,0.476567734375,False,REGULAR,USD,2026-11-20,P
SPY261120P00485000,2026-09-21 20:00:49+00:00,485.0,0.23,0.18,0.19,0.0,0.0,6.0,197,0.46973186523437505,False,REGULAR,USD,2026-11-20,P
SPY261120P00490000,2026-09-24 13:39:48+00:00,490.0,0.27,0.19,0.2,0.0,0.0,11.0,176,0.46289599609375004,False,REGULAR,USD,2026-11-20,P
SPY261120P00495000,2026-09-29 18:27:56+00:00,495.0,0.22,0.2,0.21,-0.030000001,-12.0,6.0,197,0.4555718505859375,False,REGULAR,USD,2026-11-20,P
SPY261120P00500000,2026-09-29 18:38:18+00:00,500.0,0.22,0.22,0.23,-0.019999996,-8.333331,25.0,304084,0.4506890869140625,False,REGULAR,USD,2026-11-20,P
SPY261120P00505000,2026-09-29 15:03:04+00:00,505.0,0.24,0.23,0.24,-0.019999996,-7.692306,1.0,318,0.44336494140625,False,REGULAR,USD,2026-11-20,P
SPY261120P00510000,2026-09-25 19:25:47+00:00,510.0,0.27,0.25,0.26,0.0,0.0,1.0,200284,0.4379939013671875,False,REGULAR,USD,2026-11-20,P
SPY261120P00515000,2026-09-29 15:23:10+00:00,515.0,0.28,0.26,0.27,-0.030000001,-9.67742,1.0,8064,0.4304256176757813,False,REGULAR,USD,2026-11-20,P
SPY261120P00520000,2026-09-29 15:24:22+00:00,520.0,0.3,0.28,0.29,-0.00999999,-3.2258034,3.0,153191,0.42456630126953127,False,REGULAR,USD,2026-11-20,P
SPY261120P00525000,2026-09-28 19:07:42+00:00,525.0,0.33,0.29,0.3,0.0,0.0,2.0,477,0.41699801757812494,False,REGULAR,USD,2026-11-20,P
SPY261120P00530000,2026-09-29 15:57:46+00:00,530.0,0.33,0.31,0.32,-0.00999999,-2.9411736,39.0,1086,0.4106504248046875,False,REGULAR,USD,2026-11-20,P
SPY261120P00535000,2026-09-29 13:30:00+00:00,535.0,0.33,0.33,0.34,-0.049999982,-13.15789,1.0,665,0.40430283203125,False,REGULAR,USD,2026-11-20,P
SPY261120P00540000,2026-09-29 17:43:07+00:00,540.0,0.38,0.35,0.36,-0.00999999,-2.5641003,221.0,1315,0.3979552392578125,False,REGULAR,USD,2026-11-20,P
SPY261120P00545000,2026-09-29 15:51:43+00:00,545.0,0.39,0.37,0.38,-0.02000001,-4.8780513,4.0,975,0.39111937011718745,False,REGULAR,USD,2026-11-20,P
SPY261120P00550000,2026-09-29 18:38:31+00:00,550.0,0.41,0.39,0.4,-0.02000001,-4.651165,110.0,4730,0.3842835009765625,False,REGULAR,USD,2026-11-20,P
SPY261120P00555000,2026-09-29 17:05:21+00:00,555.0,0.46,0.42,0.43,0.0,0.0,1.0,800,0.3786683227539062,False,REGULAR,USD,2026-11-20,P
SPY261120P00560000,2026-09-29 13:30:00+00:00,560.0,0.46,0.44,0.45,-0.00999999,-2.1276577,6.0,4824,0.3715883154296875,False,REGULAR,USD,2026-11-20,P
SPY261120P00565000,2026-09-29 17:06:36+00:00,565.0,0.52,0.47,0.48,0.0,0.0,1.0,2030,0.3654848608398438,False,REGULAR,USD,2026-11-20,P
SPY261120P00570000,2026-09-29 18:43:36+00:00,570.0,0.5,0.5,0.51,-0.01999998,-3.8461504,2.0,1552,0.3591372680664062,False,REGULAR,USD,2026-11-20,P
SPY261120P00575000,2026-09-29 16:35:57+00:00,575.0,0.57,0.53,0.54,0.0,0.0,8.0,977,0.3526676062011719,False,REGULAR,USD,2026-11-20,P
SPY261120P00580000,2026-09-29 17:29:06+00:00,580.0,0.6,0.56,0.57,0.02000004,3.448283,78.0,17672,0.3459538061523437,False,REGULAR,USD,2026-11-20,P
SPY261120P00585000,2026-09-29 16:34:05+00:00,585.0,0.63,0.59,0.6,-0.00999999,-1.5624986,240.0,647,0.3391179370117187,False,REGULAR,USD,2026-11-20,P
SPY261120P00590000,2026-09-29 15:53:41+00:00,590.0,0.67,0.63,0.64,-0.01999998,-2.898548,32.0,1623,0.33301448242187504,False,REGULAR,USD,2026-11-20,P
SPY261120P00595000,2026-09-29 17:00:56+00:00,595.0,0.73,0.67,0.68,0.0,0.0,53.0,633,0.3266668896484375,False,REGULAR,USD,2026-11-20,P
SPY261120P00600000,2026-09-29 18:22:43+00:00,600.0,0.73,0.71,0.72,-0.029999971,-3.9473648,326.0,5506,0.3200751586914062,False,REGULAR,USD,2026-11-20,P
SPY261120P00605000,2026-09-29 16:45:28+00:00,605.0,0.82,0.75,0.77,0.029999971,3.7974646,157.0,1246,0.3139717041015625,False,REGULAR,USD,2026-11-20,P
SPY261120P00610000,2026-09-29 17:06:36+00:00,610.0,0.89,0.8,0.82,0.0,0.0,53.0,2272,0.30774618041992186,False,REGULAR,USD,2026-11-20,P
SPY261120P00615000,2026-09-29 15:57:16+00:00,615.0,0.91,0.85,0.87,-0.01999998,-2.1505356,5.0,3143,0.3011544494628906,False,REGULAR,USD,2026-11-20,P
SPY261120P00620000,2026-09-29 18:52:07+00:00,620.0,0.91,0.91,0.92,-0.06999999,-6.999999,301.0,164091,0.29444064941406245,False,REGULAR,USD,2026-11-20,P
SPY261120P00625000,2026-09-29 16:58:54+00:00,625.0,1.06,0.97,0.98,0.01999998,1.9230752,65.0,1863,0.2880930566406249,False,REGULAR,USD,2026-11-20,P
SPY261120P00630000,2026-09-29 18:40:15+00:00,630.0,1.04,1.03,1.05,-0.100000024,-8.771932,3.0,102486,0.2819285675048828,False,REGULAR,USD,2026-11-20,P
SPY261120P00635000,2026-09-29 17:11:31+00:00,635.0,1.21,1.1,1.12,0.01999998,1.6806706,6.0,2491,0.2755199401855468,False,REGULAR,USD,2026-11-20,P
SPY261120P00640000,2026-09-29 18:47:48+00:00,640.0,1.19,1.18,1.2,-0.07999992,-6.2992067,473.0,79318,0.26929441650390623,False,REGULAR,USD,2026-11-20,P
SPY261120P00645000,2026-09-29 16:02:33+00:00,645.0,1.36,1.27,1.28,-0.00999999,-0.7299263,28.0,2165,0.2627637200927735,False,REGULAR,USD,2026-11-20,P
SPY261120P00650000,2026-09-29 18:12:47+00:00,650.0,1.45,1.36,1.38,-0.01999998,-1.3605429,133.0,17304,0.2567213000488281,False,REGULAR,USD,2026-11-20,P
SPY261120P00655000,2026-09-29 18:38:35+00:00,655.0,1.5,1.47,1.48,-0.049999952,-3.2258034,119.0,13165,0.2503737072753906,False,REGULAR,USD,2026-11-20,P
SPY261120P00660000,2026-09-29 17:03:28+00:00,660.0,1.73,1.57,1.59,0.029999971,1.7647041,504.0,15918,0.24408714904785156,False,REGULAR,USD,2026-11-20,P
SPY261120P00665000,2026-09-29 18:28:59+00:00,665.0,1.75,1.7,1.72,-0.049999952,-2.7777753,129.0,2615,0.23798369445800777,False,REGULAR,USD,2026-11-20,P
SPY261120P00670000,2026-09-29 18:22:43+00:00,670.0,1.92,1.84,1.86,-0.03000009,-1.5384661,9.0,5136,0.23188023986816403,False,REGULAR,USD,2026-11-20,P
SPY261120P00675000,2026-09-29 18:31:53+00:00,675.0,2.1,2.0,2.02,0.0,0.0,278.0,6204,0.22583781982421874,False,REGULAR,USD,2026-11-20,P
SPY261120P00680000,2026-09-29 18:33:30+00:00,680.0,2.26,2.18,2.19,-0.00999999,-0.4405282,170.0,47349,0.2196122961425781,False,REGULAR,USD,2026-11-20,P
SPY261120P00685000,2026-09-29 17:42:44+00:00,685.0,2.56,2.38,2.39,0.029999971,1.1857697,229.0,7952,0.2136919451904297,False,REGULAR,USD,2026-11-20,P
SPY261120P00690000,2026-09-29 18:50:37+00:00,690.0,2.61,2.59,2.6,-0.08000016,-2.9739838,77.0,20255,0.2074359042358398,False,REGULAR,USD,2026-11-20,P
SPY261120P00695000,2026-09-29 18:50:37+00:00,695.0,2.86,2.85,2.86,-0.120000124,-4.0268497,262.0,5957,0.20169865692138672,False,REGULAR,USD,2026-11-20,P
SPY261120P00700000,2026-09-29 18:49:30+00:00,700.0,3.15,3.13,3.15,-0.089999914,-2.777775,12244.0,45209,0.1959003750610352,False,REGULAR,USD,2026-11-20,P
SPY261120P00701000,2026-09-29 18:00:03+00:00,701.0,3.44,3.19,3.22,0.1500001,4.5592732,45.0,122,0.19489330505371094,False,REGULAR,USD,2026-11-20,P
SPY261120P00702000,2026-09-29 18:49:24+00:00,702.0,3.28,3.26,3.28,-0.089999914,-2.6706207,75.0,67,0.193642096862793,False,REGULAR,USD,2026-11-20,P
SPY261120P00703000,2026-09-29 18:49:12+00:00,703.0,3.35,3.32,3.34,-0.09000015,-2.6162834,54.0,222,0.192390888671875,False,REGULAR,USD,2026-11-20,P
SPY261120P00704000,2026-09-29 18:00:03+00:00,704.0,3.6,3.39,3.41,0.099999905,2.85714,25.0,81,0.19129226684570313,False,REGULAR,USD,2026-11-20,P
SPY261120P00705000,2026-09-29 18:53:34+00:00,705.0,3.47,3.45,3.47,-0.07999992,-2.253519,196.0,8395,0.18998002410888676,False,REGULAR,USD,2026-11-20,P
SPY261120P00706000,2026-09-29 18:00:03+00:00,706.0,3.79,3.52,3.55,0.17000008,4.696135,46.0,147,0.1889729541015625,False,REGULAR,USD,2026-11-20,P
SPY261120P00707000,2026-09-29 18:00:03+00:00,707.0,3.87,3.59,3.61,0.14999986,4.032254,57.0,118,0.18763019409179688,False,REGULAR,USD,2026-11-20,P
SPY261120P00708000,2026-09-29 18:00:03+00:00,708.0,3.92,3.67,3.69,0.13000011,3.4300823,26.0,247,0.18656208953857423,False,REGULAR,USD,2026-11-20,P
SPY261120P00709000,2026-09-29 17:57:52+00:00,709.0,4.1,3.74,3.77,0.26,6.7708335,149.0,119,0.1854634677124023,False,REGULAR,USD,2026-11-20,P
SPY261120P00710000,2026-09-29 18:49:02+00:00,710.0,3.85,3.83,3.84,-0.06000018,-1.5345315,337.0,9107,0.18418174224853517,False,REGULAR,USD,2026-11-20,P
SPY261120P00711000,2026-09-29 15:01:44+00:00,711.0,4.05,3.9,3.92,0.03000021,0.7462739,23.0,88,0.1830220858764648,False,REGULAR,USD,2026-11-20,P
SPY261120P00712000,2026-09-29 18:00:03+00:00,712.0,4.28,3.98,4.01,0.19000006,4.645478,235.0,164,0.18199975723266604,False,REGULAR,USD,2026-11-20,P
SPY261120P00713000,2026-09-29 18:00:03+00:00,713.0,4.37,4.07,4.09,0.21000004,5.048078,27.0,111,0.18077906631469726,False,REGULAR,USD,2026-11-20,P
SPY261120P00714000,2026-09-29 17:17:27+00:00,714.0,4.57,4.15,4.18,0.24000025,5.542731,39.0,216,0.17966518585205077,False,REGULAR,USD,2026-11-20,P
SPY261120P00715000,2026-09-29 18:50:30+00:00,715.0,4.26,4.24,4.27,-0.10999966,-2.5171547,448.0,23413,0.1785360467529297,False,REGULAR,USD,2026-11-20,P
SPY261120P00716000,2026-09-29 18:22:43+00:00,716.0,4.47,4.33,4.36,0.049999714,1.1312152,102.0,80,0.17737639038085937,False,REGULAR,USD,2026-11-20,P
SPY261120P00717000,2026-09-29 18:30:03+00:00,717.0,4.6,4.42,4.45,0.069999695,1.5452471,96.0,80,0.17615569946289064,False,REGULAR,USD,2026-11-20,P
SPY261120P00718000,2026-09-29 18:51:14+00:00,718.0,4.54,4.52,4.55,-0.07000017,-1.5184419,58.0,248,0.17505707763671874,False,REGULAR,USD,2026-11-20,P
SPY261120P00719000,2026-09-29 18:51:14+00:00,719.0,4.63,4.62,4.65,-0.10999966,-2.320668,73.0,81,0.1739279385375977,False,REGULAR,USD,2026-11-20,P
SPY261120P00720000,2026-09-29 18:51:34+00:00,720.0,4.76,4.72,4.75,-0.03999996,-0.8333325,1235.0,33133,0.17273776489257814,False,REGULAR,USD,2026-11-20,P
SPY261120P00721000,2026-09-29 17:57:52+00:00,721.0,4.88,4.83,4.85,0.1500001,3.1712494,95.0,74,0.17154759124755858,False,REGULAR,USD,2026-11-20,P
SPY261120P00722000,2026-09-29 18:00:03+00:00,722.0,5.3,4.94,4.96,0.4000001,8.163267,70.0,236,0.17041845214843754,False,REGULAR,USD,2026-11-20,P
SPY261120P00723000,2026-09-29 17:30:34+00:00,723.0,5.4,5.05,5.08,0.5100002,10.429453,41.0,86,0.1694113821411133,False,REGULAR,USD,2026-11-20,P
SPY261120P00724000,2026-09-29 18:20:51+00:00,724.0,5.34,5.16,5.18,0.07999992,1.520911,163.0,252,0.1680686221313477,False,REGULAR,USD,2026-11-20,P
SPY261120P00725000,2026-09-29 18:32:04+00:00,725.0,5.52,5.28,5.3,0.13000011,2.411876,1069.0,17102,0.16697000030517584,False,REGULAR,USD,2026-11-20,P
SPY261120P00726000,2026-09-29 18:40:26+00:00,726.0,5.4,5.4,5.42,-0.059999943,-1.0989001,10208.0,727,0.16584086120605473,False,REGULAR,USD,2026-11-20,P
SPY261120P00727000,2026-09-29 18:20:51+00:00,727.0,5.7,5.52,5.55,0.07999992,1.4234862,76.0,258,0.16477275665283203,False,REGULAR,USD,2026-11-20,P
SPY261120P00728000,2026-09-29 18:50:18+00:00,728.0,5.7,5.65,5.68,0.01999998,0.35211235,9106.0,10287,0.1636588761901856,False,REGULAR,USD,2026-11-20,P
SPY261120P00729000,2026-09-29 18:31:22+00:00,729.0,6.02,5.78,5.81,0.03000021,0.5008382,59.0,204,0.16251447845458983,False,REGULAR,USD,2026-11-20,P
SPY261120P00730000,2026-09-29 18:51:09+00:00,730.0,5.94,5.91,5.94,-0.049999714,-0.8347198,4306.0,41372,0.16130904617309572,False,REGULAR,USD,2026-11-20,P
SPY261120P00731000,2026-09-29 18:22:43+00:00,731.0,6.22,6.05,6.08,0.10999966,1.8003217,25.0,325,0.16019516571044923,False,REGULAR,USD,2026-11-20,P
SPY261120P00732000,2026-09-29 18:50:55+00:00,732.0,6.24,6.19,6.22,0.009999752,0.16050966,34.0,1089,0.1590355093383789,False,REGULAR,USD,2026-11-20,P
SPY261120P00733000,2026-09-29 18:51:19+00:00,733.0,6.37,6.34,6.36,-0.099999905,-1.5455936,242.0,1028,0.15781481842041017,False,REGULAR,USD,2026-11-20,P
SPY261120P00734000,2026-09-29 18:39:42+00:00,734.0,6.5,6.49,6.51,-0.059999943,-0.9146333,102.0,3648,0.15667042068481446,False,REGULAR,USD,2026-11-20,P
SPY261120P00735000,2026-09-29 18:43:07+00:00,735.0,6.65,6.64,6.67,-0.1500001,-2.2058837,629.0,8458,0.1555870574951172,False,REGULAR,USD,2026-11-20,P
SPY261120P00736000,2026-09-29 18:13:44+00:00,736.0,7.12,6.8,6.83,0.85999966,13.738014,52.0,470,0.1544579183959961,False,REGULAR,USD,2026-11-20,P
SPY261120P00737000,2026-09-29 18:23:02+00:00,737.0,7.11,6.96,7.0,0.12000036,1.7167435,50.0,398,0.15338981384277345,False,REGULAR,USD,2026-11-20,P
SPY261120P00738000,2026-09-29 18:00:03+00:00,738.0,7.63,7.14,7.17,0.71000004,10.260116,44.0,239,0.15226067474365235,False,REGULAR,USD,2026-11-20,P
SPY261120P00739000,2026-09-29 18:50:20+00:00,739.0,7.35,7.32,7.35,0.33999968,4.850209,35.0,278,0.15117731155395514,False,REGULAR,USD,2026-11-20,P
SPY261120P00740000,2026-09-29 18:54:04+00:00,740.0,7.49,7.48,7.51,-0.07000017,-0.9259282,396.0,19406,0.14984981018066407,False,REGULAR,USD,2026-11-20,P
SPY261120P00741000,2026-09-29 14:46:35+00:00,741.0,8.31,7.67,7.71,0.8400006,11.244988,24.0,69,0.14887325744628904,False,REGULAR,USD,2026-11-20,P
SPY261120P00742000,2026-09-29 18:49:43+00:00,742.0,7.89,7.85,7.88,-0.07999992,-1.0037632,34.0,182,0.14753049743652347,False,REGULAR,USD,2026-11-20,P
SPY261120P00743000,2026-09-29 17:25:13+00:00,743.0,8.6,8.05,8.09,0.8600006,11.111119,42.0,78,0.14655394470214844,False,REGULAR,USD,2026-11-20,P
SPY261120P00744000,2026-09-29 18:45:58+00:00,744.0,8.24,8.25,8.29,0.2999997,3.778334,118.0,641,0.14539428833007811,False,REGULAR,USD,2026-11-20,P
SPY261120P00745000,2026-09-29 18:43:07+00:00,745.0,8.45,8.46,8.49,-0.07000065,-0.82160383,654.0,29704,0.14420411468505856,False,REGULAR,USD,2026-11-20,P
SPY261120P00746000,2026-09-29 18:20:46+00:00,746.0,8.92,8.68,8.71,0.53999996,6.4439135,701.0,184,0.14313601013183597,False,REGULAR,USD,2026-11-20,P
SPY261120P00747000,2026-09-29 17:25:13+00:00,747.0,9.48,8.89,8.92,0.42999935,4.751374,32.0,102,0.14190006057739257,False,REGULAR,USD,2026-11-20,P
SPY261120P00748000,2026-09-29 18:49:12+00:00,748.0,9.18,9.12,9.16,0.3000002,3.3783805,116.0,146,0.140908249206543,False,REGULAR,USD,2026-11-20,P
SPY261120P00749000,2026-09-29 18:50:23+00:00,749.0,9.39,9.34,9.38,0.4800005,5.387211,29.0,152,0.13964178237915043,False,REGULAR,USD,2026-11-20,P
SPY261120P00750000,2026-09-29 18:52:41+00:00,750.0,9.61,9.6,9.63,-0.03999996,-0.4145074,1938.0,39657,0.13860419509887695,False,REGULAR,USD,2026-11-20,P
SPY261120P00751000,2026-09-29 18:50:57+00:00,751.0,9.9,9.83,9.86,0.43999958,4.6511583,37.0,113,0.1373072109985352,False,REGULAR,USD,2026-11-20,P
SPY261120P00752000,2026-09-29 18:23:27+00:00,752.0,10.29,10.08,10.12,0.22999954,2.2862778,33.0,155,0.1362238478088379,False,REGULAR,USD,2026-11-20,P
SPY261120P00753000,2026-09-29 18:19:32+00:00,753.0,10.67,10.34,10.38,0.26000023,2.4976008,27.0,105,0.13507945007324224,False,REGULAR,USD,2026-11-20,P
SPY261120P00754000,2026-09-29 18:45:58+00:00,754.0,10.59,10.61,10.65,-0.010000229,-0.09434178,48.0,61,0.13393505233764647,False,REGULAR,USD,2026-11-20,P
SPY261120P00755000,2026-09-29 18:47:19+00:00,755.0,10.97,10.89,10.92,0.07000065,0.6422078,334.0,11794,0.13272962005615235,False,REGULAR,USD,2026-11-20,P
SPY261120P00756000,2026-09-29 18:23:37+00:00,756.0,11.4,11.18,11.21,1.2299995,12.094391,22.0,65,0.13163099822998048,False,REGULAR,USD,2026-11-20,P
SPY261120P00757000,2026-09-29 16:48:11+00:00,757.0,11.69,11.48,11.51,0.40999985,3.6347506,42.0,71,0.13053237640380855,False,REGULAR,USD,2026-11-20,P
SPY261120P00758000,2026-09-29 18:23:18+00:00,758.0,11.98,11.77,11.8,0.19999981,1.6977913,78.0,221,0.12928116821289062,False,REGULAR,USD,2026-11-20,P
SPY261120P00759000,2026-09-29 18:39:08+00:00,759.0,12.13,12.09,12.14,0.52999973,4.568963,73.0,167,0.12838090866088864,False,REGULAR,USD,2026-11-20,P
SPY261120P00760000,2026-09-29 18:53:09+00:00,760.0,12.39,12.4,12.44,-0.019999504,-0.16115636,2229.0,17342,0.12705340728759767,False,REGULAR,USD,2026-11-20,P
SPY261120P00761000,2026-09-29 18:40:22+00:00,761.0,12.69,12.74,12.77,0.25,2.0096464,55.0,267,0.12589375091552735,False,REGULAR,USD,2026-11-20,P
SPY261120P00762000,2026-09-29 18:23:33+00:00,762.0,13.33,13.07,13.12,1.46,12.299916,198.0,165,0.12482564636230468,False,REGULAR,USD,2026-11-20,P
SPY261120P00763000,2026-09-29 18:38:57+00:00,763.0,13.5,13.44,13.48,0.07999992,0.5961246,608.0,327,0.12375754180908202,False,REGULAR,USD,2026-11-20,P
SPY261120P00764000,2026-09-29 18:36:53+00:00,764.0,14.17,13.79,13.83,0.4800005,3.5062127,1169.0,315,0.12250633361816407,False,REGULAR,USD,2026-11-20,P
SPY261120P00765000,2026-09-29 18:53:08+00:00,765.0,14.16,14.18,14.23,0.019999504,0.1414392,743.0,12982,0.12160607406616211,True,REGULAR,USD,2026-11-20,P
SPY261120P00766000,2026-09-29 18:30:16+00:00,766.0,14.83,14.56,14.62,0.2699995,1.8543922,640.0,861,0.12050745223999024,True,REGULAR,USD,2026-11-20,P
SPY261120P00767000,2026-09-29 18:23:30+00:00,767.0,15.22,14.94,15.01,0.7400007,5.1105027,64.0,389,0.11931727859497071,True,REGULAR,USD,2026-11-20,P
SPY261120P00768000,2026-09-29 18:23:37+00:00,768.0,15.65,15.36,15.42,0.4499998,2.960525,64.0,427,0.11820339813232422,True,REGULAR,USD,2026-11-20,P
SPY261120P00769000,2026-09-29 18:23:50+00:00,769.0,16.13,15.78,15.84,1.1299992,7.5333276,36.0,1160,0.11707425903320312,True,REGULAR,USD,2026-11-20,P
SPY261120P00770000,2026-09-29 18:47:04+00:00,770.0,16.28,16.23,16.28,0.1800003,1.1180143,289.0,13678,0.11600615447998047,True,REGULAR,USD,2026-11-20,P
SPY261120P00771000,2026-09-29 18:33:06+00:00,771.0,17.22,16.67,16.73,0.97999954,6.03448,2.0,1142,0.1149075326538086,True,REGULAR,USD,2026-11-20,P
SPY261120P00772000,2026-09-29 18:44:09+00:00,772.0,17.2,17.15,17.2,0.35000038,2.0771534,6.0,75,0.11388520401000976,True,REGULAR,USD,2026-11-20,P
SPY261120P00773000,2026-09-29 16:40:27+00:00,773.0,18.4,17.59,17.66,0.13999939,0.76669985,18.0,33,0.1126492544555664,True,REGULAR,USD,2026-11-20,P
SPY261120P00774000,2026-09-29 16:40:38+00:00,774.0,19.01,18.08,18.14,1.9699993,11.5610285,1.0,47,0.11147433944702148,True,REGULAR,USD,2026-11-20,P
SPY261120P00775000,2026-09-29 18:39:28+00:00,775.0,18.51,18.59,18.65,0.020000458,0.10816906,212.0,5226,0.11045201080322264,True,REGULAR,USD,2026-11-20,P
SPY261120P00776000,2026-09-29 16:40:47+00:00,776.0,20.06,19.05,19.18,1.3299999,7.100908,8.0,48,0.10947545806884765,True,REGULAR,USD,2026-11-20,P
SPY261120P00777000,2026-09-29 16:44:56+00:00,777.0,21.09,19.6,19.75,2.6499996,14.370931,5.0,8,0.1087430435180664,True,REGULAR,USD,2026-11-20,P
SPY261120P00778000,2026-09-29 15:23:39+00:00,778.0,21.48,20.14,20.3,0.44999886,2.1397948,13.0,24,0.10770545623779298,True,REGULAR,USD,2026-11-20,P
SPY261120P00779000,2026-09-29 15:23:21+00:00,779.0,21.95,20.7,20.86,1.5700016,7.703639,13.0,353,0.10663735168457032,True,REGULAR,USD,2026-11-20,P
SPY261120P00780000,2026-09-29 17:03:07+00:00,780.0,21.3,21.23,21.45,0.5999985,2.8985434,53.0,4201,0.10569131622314451,True,REGULAR,USD,2026-11-20,P
SPY261120P00781000,2026-09-25 17:00:16+00:00,781.0,18.91,21.84,22.03,0.0,0.0,8.0,35,0.10453165985107421,True,REGULAR,USD,2026-11-20,P
SPY261120P00782000,2026-09-25 14:03:04+00:00,782.0,20.89,22.44,22.63,0.0,0.0,20.0,10,0.10340252075195311,True,REGULAR,USD,2026-11-20,P
SPY261120P00783000,2026-09-25 13:34:40+00:00,783.0,20.77,23.04,23.24,0.0,0.0,1.0,2,0.1022276057434082,True,REGULAR,USD,2026-11-20,P
SPY261120P00784000,2026-09-25 19:29:29+00:00,784.0,20.53,23.66,23.88,0.0,0.0,9.0,11,0.10120527709960936,True,REGULAR,USD,2026-11-20,P
SPY261120P00785000,2026-09-29 18:38:56+00:00,785.0,24.5,24.34,24.56,1.6800003,7.3619647,13.0,955,0.10044234527587889,True,REGULAR,USD,2026-11-20,P
SPY261120P00787000,2026-09-29 15:36:24+00:00,787.0,26.13,25.66,25.92,1.9799995,8.198756,1.0,259,0.09845872253417969,True,REGULAR,USD,2026-11-20,P
SPY261120P00790000,2026-09-29 18:24:16+00:00,790.0,28.44,27.71,28.06,1.0400009,3.7956238,12.0,1920,0.09533070205688476,True,REGULAR,USD,2026-11-20,P
SPY261120P00794000,2026-09-25 18:26:36+00:00,794.0,26.5,29.57,32.27,0.0,0.0,1.0,1,0.10706459350585937,True,REGULAR,USD,2026-11-20,P
SPY261120P00795000,2026-09-29 18:50:55+00:00,795.0,31.51,30.16,31.9,1.8500004,6.2373576,7.0,174,0.08976129974365235,True,REGULAR,USD,2026-11-20,P
SPY261120P00799000,2026-09-25 19:01:53+00:00,799.0,30.26,33.5,36.88,0.0,0.0,5.0,5,0.1126492544555664,True,REGULAR,USD,2026-11-20,P
SPY261120P00800000,2026-09-29 16:54:17+00:00,800.0,37.61,35.0,37.39,2.6100006,7.4571447,4.0,607,0.10752235260009765,True,REGULAR,USD,2026-11-20,P
SPY261120P00805000,2026-09-25 16:08:32+00:00,805.0,41.63,38.91,41.9,6.7800026,19.454815,2.0,27,0.10920080261230468,True,REGULAR,USD,2026-11-20,P
SPY261120P00810000,2026-09-25 20:07:19+00:00,810.0,44.63,44.98,45.83,5.540001,14.172425,3.0,11,0.09394216613769531,True,REGULAR,USD,2026-11-20,P
SPY261120P00815000,2026-09-29 16:02:17+00:00,815.0,52.13,48.56,51.73,10.799999,26.131136,1.0,3,0.12415426635742188,True,REGULAR,USD,2026-11-20,P
SPY261120P00820000,2026-09-28 13:49:32+00:00,820.0,52.13,53.45,57.17,0.0,0.0,2.0,0,0.14173221557617188,True,REGULAR,USD,2026-11-20,P
SPY261120P00825000,2026-09-23 15:27:39+00:00,825.0,55.5,58.48,62.17,0.0,0.0,1.0,1,0.15061274200439456,True,REGULAR,USD,2026-11-20,P
SPY261120P00830000,2026-09-03 14:01:37+00:00,830.0,61.79,63.45,67.25,0.0,0.0,1.0,0,0.1609275802612305,True,REGULAR,USD,2026-11-20,P
SPY261120P00835000,2026-09-11 13:30:18+00:00,835.0,72.34,68.45,72.17,0.0,0.0,1.0,0,0.16785500122070315,True,REGULAR,USD,2026-11-20,P
SPY261120P00840000,2026-09-21 20:00:01+00:00,840.0,66.5,73.45,77.17,0.0,0.0,2.0,0,0.17621673400878907,True,REGULAR,USD,2026-11-20,P
SPY261120P00850000,2026-06-16 19:17:52+00:00,850.0,100.49,109.23,112.51,0.0,0.0,19.0,0,0.4952443054199219,True,REGULAR,USD,2026-11-20,P
SPY261120P00865000,2026-05-22 14:26:51+00:00,865.0,118.14,0.0,0.0,0.0,0.0,1.0,0,1.0000000000000003e-05,True,REGULAR,USD,2026-11-20,P
SPY261120P00900000,2026-09-21 13:30:36+00:00,900.0,133.0,133.45,137.18,0.0,0.0,,0,0.26807372558593745,True,REGULAR,USD,2026-11-20,P
SPY261120P00905000,2026-09-14 16:47:13+00:00,905.0,143.65,138.45,142.15,0.0,0.0,,0,0.27426873199462887,True,REGULAR,USD,2026-11-20,P
SPY261120P00920000,2026-09-14 16:45:06+00:00,920.0,159.07,153.56,157.08,0.0,0.0,,0,0.29273168212890616,True,REGULAR,USD,2026-11-20,P
SPY261120P00950000,2026-09-18 19:49:11+00:00,950.0,188.38,183.73,186.71,0.0,0.0,1.0,0,0.31873239868164055,True,REGULAR,USD,2026-11-20,P
SPY261120P00960000,2026-08-04 14:08:57+00:00,960.0,195.82,189.24,192.76,0.0,0.0,,0,1.0000000000000003e-05,True,REGULAR,USD,2026-11-20,P
SPY261120P00995000,2026-09-18 20:04:57+00:00,995.0,232.85,228.73,231.71,0.0,0.0,20.0,0,0.3721376263427735,True,REGULAR,USD,2026-11-20,P
SPY261120P01000000,2026-09-18 20:04:57+00:00,1000.0,237.81,233.73,236.72,0.0,0.0,20.0,0,0.37830211547851555,True,REGULAR,USD,2026-11-20,P
SPY261130C00475000,2026-08-20 20:14:25+00:00,475.0,292.06,0.0,0.0,0.0,0.0,2.0,0,1.0000000000000003e-05,True,REGULAR,USD,2026-11-30,C
SPY261130C00480000,2026-09-21 14:28:34+00:00,480.0,293.6,286.46,290.29,0.0,0.0,29.0,29,0.6817658776855471,True,REGULAR,USD,2026-11-30,C
SPY261130C00485000,2026-08-20 20:13:45+00:00,485.0,282.21,0.0,0.0,0.0,0.0,,0,1.0000000000000003e-05,True,REGULAR,USD,2026-11-30,C
SPY261130C00500000,2026-07-15 18:10:28+00:00,500.0,262.32,266.95,270.07,0.0,0.0,1.0,1,0.635867899169922,True,REGULAR,USD,2026-11-30,C
SPY261130C00520000,2026-09-28 15:37:32+00:00,520.0,249.66,246.88,250.87,0.0,0.0,4.0,6,0.5985147570800782,True,REGULAR,USD,2026-11-30,C
SPY261130C00545000,2026-09-18 19:05:16+00:00,545.0,221.76,222.43,226.25,0.0,0.0,27.0,31,0.5513960876464845,True,REGULAR,USD,2026-11-30,C
SPY261130C00550000,2026-09-11 14:29:33+00:00,550.0,219.78,217.53,221.3,0.0,0.0,2.0,4,0.5414169393920901,True,REGULAR,USD,2026-11-30,C
SPY261130C00555000,2026-09-10 19:06:32+00:00,555.0,207.07,212.35,216.11,0.0,0.0,4.0,5,0.5243577838134765,True,REGULAR,USD,2026-11-30,C
SPY261130C00560000,2026-07-31 16:14:31+00:00,560.0,192.07,212.43,215.92,0.0,0.0,1.0,3,0.6228370236206054,True,REGULAR,USD,2026-11-30,C
SPY261130C00570000,2026-07-22 19:44:51+00:00,570.0,187.96,198.5,201.64,0.0,0.0,2.0,1,0.5100757000732423,True,REGULAR,USD,2026-11-30,C
SPY261130C00575000,2026-09-28 19:36:57+00:00,575.0,195.77,192.63,196.64,0.0,0.0,1.0,2,0.5329636547851562,True,REGULAR,USD,2026-11-30,C
SPY261130C00580000,2026-09-14 14:41:37+00:00,580.0,183.04,187.76,191.74,0.0,0.0,4.0,15,0.5224962301635742,True,REGULAR,USD,2026-11-30,C
SPY261130C00584000,2026-09-21 13:43:17+00:00,584.0,188.53,183.77,187.8,0.0,0.0,11.0,11,0.5137377728271484,True,REGULAR,USD,2026-11-30,C
SPY261130C00585000,2026-09-10 14:20:03+00:00,585.0,177.97,183.03,186.82,0.0,0.0,15.0,7,0.5116625982666017,True,REGULAR,USD,2026-11-30,C
SPY261130C00590000,2026-06-03 16:31:23+00:00,590.0,178.49,0.0,0.0,0.0,0.0,,0,1.0000000000000003e-05,True,REGULAR,USD,2026-11-30,C
SPY261130C00591000,2026-09-14 14:41:39+00:00,591.0,172.3,176.93,180.92,0.0,0.0,,4,0.49869275726318363,True,REGULAR,USD,2026-11-30,C
SPY261130C00592000,2026-09-14 15:45:14+00:00,592.0,175.05,175.89,179.89,0.0,0.0,,1,0.49561051269531253,True,REGULAR,USD,2026-11-30,C
SPY261130C00595000,2026-07-07 13:40:38+00:00,595.0,165.59,174.22,177.37,0.0,0.0,1.0,2,0.497349997253418,True,REGULAR,USD,2026-11-30,C
SPY261130C00600000,2026-09-28 19:40:45+00:00,600.0,170.18,168.01,171.99,0.0,0.0,10.0,21,0.4777273907470704,True,REGULAR,USD,2026-11-30,C
SPY261130C00605000,2026-09-16 19:39:29+00:00,605.0,152.65,163.12,167.17,0.0,0.0,6.0,8,0.4687553125,True,REGULAR,USD,2026-11-30,C
SPY261130C00609000,2026-09-23 18:41:28+00:00,609.0,165.18,159.42,163.15,0.0,0.0,2.0,15,0.4585320260620118,True,REGULAR,USD,2026-11-30,C
SPY261130C00610000,2026-08-17 17:46:03+00:00,610.0,171.85,0.0,0.0,0.0,0.0,,0,1.0000000000000003e-05,True,REGULAR,USD,2026-11-30,C
SPY261130C00615000,2026-09-01 13:37:49+00:00,615.0,153.85,153.53,157.35,0.0,0.0,,2,0.4473321868896484,True,REGULAR,USD,2026-11-30,C
SPY261130C00617000,2026-09-23 18:44:24+00:00,617.0,157.43,151.35,155.37,0.0,0.0,,0,0.44275459594726563,True,REGULAR,USD,2026-11-30,C
SPY261130C00620000,2026-09-01 13:32:53+00:00,620.0,148.74,148.64,152.46,0.0,0.0,1.0,12,0.4369257968139648,True,REGULAR,USD,2026-11-30,C
SPY261130C00622000,2026-09-03 15:09:32+00:00,622.0,154.99,146.46,150.45,0.0,0.0,,1,0.43185992950439456,True,REGULAR,USD,2026-11-30,C
SPY261130C00625000,2026-09-14 15:45:15+00:00,625.0,143.07,143.6,147.21,0.0,0.0,1.0,1,0.4204159521484375,True,REGULAR,USD,2026-11-30,C
SPY261130C00630000,2026-09-14 13:30:01+00:00,630.0,136.24,138.62,142.66,0.0,0.0,2.0,5,0.41571629211425776,True,REGULAR,USD,2026-11-30,C
SPY261130C00635000,2026-09-16 18:59:55+00:00,635.0,125.42,133.84,137.8,0.0,0.0,1.0,3,0.4056761093139648,True,REGULAR,USD,2026-11-30,C
SPY261130C00637000,2026-09-16 18:54:09+00:00,637.0,124.99,132.03,135.84,0.0,0.0,,1,0.401373173828125,True,REGULAR,USD,2026-11-30,C
SPY261130C00640000,2026-09-04 18:36:54+00:00,640.0,136.2,128.91,132.69,0.0,0.0,1.0,164,0.3916381637573242,True,REGULAR,USD,2026-11-30,C
SPY261130C00645000,2026-07-31 19:16:15+00:00,645.0,114.62,129.7,133.22,0.0,0.0,1.0,16,0.4567925415039063,True,REGULAR,USD,2026-11-30,C
SPY261130C00650000,2026-09-17 15:58:35+00:00,650.0,118.6,119.16,122.88,0.0,0.0,1.0,14,0.3700624517822265,True,REGULAR,USD,2026-11-30,C
SPY261130C00655000,2026-09-29 16:38:57+00:00,655.0,115.25,116.38,118.01,-10.57,-8.40089,2.0,854,0.3597170962524414,True,REGULAR,USD,2026-11-30,C
SPY261130C00658000,2026-09-17 14:25:27+00:00,658.0,110.35,111.57,115.11,0.0,0.0,,23,0.3537967453002929,True,REGULAR,USD,2026-11-30,C
SPY261130C00660000,2026-09-28 18:30:51+00:00,660.0,113.87,111.55,113.14,0.0,0.0,3.0,981,0.34929544754028313,True,REGULAR,USD,2026-11-30,C
SPY261130C00665000,2026-09-15 19:02:10+00:00,665.0,100.26,106.73,108.5,0.0,0.0,321.0,1606,0.34195604339599606,True,REGULAR,USD,2026-11-30,C
SPY261130C00666000,2026-09-25 16:25:12+00:00,666.0,111.59,103.91,107.36,0.0,0.0,1.0,1,0.33756155609130856,True,REGULAR,USD,2026-11-30,C
SPY261130C00670000,2026-09-15 18:45:11+00:00,670.0,95.5,101.9,103.53,0.0,0.0,86.0,1377,0.32993223785400383,True,REGULAR,USD,2026-11-30,C
SPY261130C00672000,2026-07-07 18:46:31+00:00,672.0,95.99,100.95,104.14,0.0,0.0,2.0,1,0.35834381896972656,True,REGULAR,USD,2026-11-30,C
SPY261130C00673000,2026-09-21 19:57:08+00:00,673.0,108.76,99.0,100.66,0.0,0.0,16.0,332,0.3241949905395507,True,REGULAR,USD,2026-11-30,C
SPY261130C00674000,2026-09-21 16:22:01+00:00,674.0,106.62,96.83,99.75,0.0,0.0,7.0,108,0.3228827478027343,True,REGULAR,USD,2026-11-30,C
SPY261130C00675000,2026-09-29 13:50:17+00:00,675.0,97.93,97.09,98.74,-2.550003,-2.5378215,1.0,209,0.32022774505615226,True,REGULAR,USD,2026-11-30,C
SPY261130C00676000,2026-08-20 14:52:28+00:00,676.0,102.32,0.0,0.0,0.0,0.0,16.0,0,1.0000000000000003e-05,True,REGULAR,USD,2026-11-30,C
SPY261130C00677000,2026-06-09 16:38:16+00:00,677.0,76.73,93.89,97.25,0.0,0.0,,1,0.3217841259765625,True,REGULAR,USD,2026-11-30,C
SPY261130C00678000,2026-09-03 14:07:51+00:00,678.0,99.25,92.36,95.89,0.0,0.0,1.0,127,0.31464308410644526,True,REGULAR,USD,2026-11-30,C
SPY261130C00679000,2026-09-16 20:08:06+00:00,679.0,83.94,93.3,95.11,0.0,0.0,4.0,110,0.3149482568359374,True,REGULAR,USD,2026-11-30,C
SPY261130C00680000,2026-09-28 18:15:31+00:00,680.0,94.98,92.35,93.99,0.0,0.0,1.0,95,0.3108894595336914,True,REGULAR,USD,2026-11-30,C
SPY261130C00681000,2026-09-16 18:10:00+00:00,681.0,88.14,89.51,93.04,0.0,0.0,2.0,32,0.3089973886108398,True,REGULAR,USD,2026-11-30,C
SPY261130C00682000,2026-08-20 18:05:45+00:00,682.0,94.15,0.0,0.0,0.0,0.0,8.0,0,1.0000000000000003e-05,True,REGULAR,USD,2026-11-30,C
SPY261130C00683000,2026-08-25 14:50:36+00:00,683.0,92.5,87.68,91.18,0.0,0.0,4.0,40,0.3056862644958496,True,REGULAR,USD,2026-11-30,C
SPY261130C00684000,2026-08-20 17:05:24+00:00,684.0,94.14,0.0,0.0,0.0,0.0,56.0,0,1.0000000000000003e-05,True,REGULAR,USD,2026-11-30,C
SPY261130C00685000,2026-09-18 17:32:55+00:00,685.0,84.15,85.79,89.25,0.0,0.0,1.0,28,0.30145962219238287,True,REGULAR,USD,2026-11-30,C
SPY261130C00686000,2026-08-20 14:35:22+00:00,686.0,92.47,0.0,0.0,0.0,0.0,4.0,0,1.0000000000000003e-05,True,REGULAR,USD,2026-11-30,C
SPY261130C00687000,2026-08-19 19:52:12+00:00,687.0,93.54,0.0,0.0,0.0,0.0,19.0,0,1.0000000000000003e-05,True,REGULAR,USD,2026-11-30,C
SPY261130C00688000,2026-09-17 19:09:25+00:00,688.0,82.79,82.88,86.46,0.0,0.0,1.0,33,0.2963632376098633,True,REGULAR,USD,2026-11-30,C
SPY261130C00689000,2026-08-20 16:52:45+00:00,689.0,89.79,0.0,0.0,0.0,0.0,14.0,0,1.0000000000000003e-05,True,REGULAR,USD,2026-11-30,C
SPY261130C00690000,2026-09-29 13:50:57+00:00,690.0,83.51,81.08,84.54,-3.2200012,-3.7126727,1.0,84,0.29219762985229486,True,REGULAR,USD,2026-11-30,C
SPY261130C00691000,2026-09-10 15:12:03+00:00,691.0,77.97,80.15,83.77,0.0,0.0,10.0,51,0.29233495758056627,True,REGULAR,USD,2026-11-30,C
SPY261130C00692000,2026-08-19 14:21:39+00:00,692.0,90.51,0.0,0.0,0.0,0.0,4.0,0,1.0000000000000003e-05,True,REGULAR,USD,2026-11-30,C
SPY261130C00693000,2026-09-21 14:09:28+00:00,693.0,83.74,78.3,81.73,0.0,0.0,1.0,197,0.28670452072143554,True,REGULAR,USD,2026-11-30,C
SPY261130C00694000,2026-08-26 19:59:30+00:00,694.0,83.53,77.35,79.52,0.0,0.0,4.0,14,0.26978269287109374,True,REGULAR,USD,2026-11-30,C
SPY261130C00695000,2026-09-29 15:40:02+00:00,695.0,77.01,76.42,79.9,2.0299988,2.707387,1.0,16,0.2834849484252929,True,REGULAR,USD,2026-11-30,C
SPY261130C00696000,2026-08-24 14:42:25+00:00,696.0,80.14,75.49,77.61,0.0,0.0,3.0,102,0.26581544738769536,True,REGULAR,USD,2026-11-30,C
SPY261130C00697000,2026-08-07 19:35:15+00:00,697.0,90.26,0.0,0.0,0.0,0.0,10.0,0,1.0000000000000003e-05,True,REGULAR,USD,2026-11-30,C
SPY261130C00698000,2026-09-29 18:17:18+00:00,698.0,74.68,73.64,77.05,-1.800003,-2.3535604,3.0,14,0.2773814938354492,True,REGULAR,USD,2026-11-30,C
SPY261130C00699000,2026-09-29 14:41:23+00:00,699.0,75.39,72.65,76.14,-14.760002,-16.372715,1.0,0,0.2757793370056152,True,REGULAR,USD,2026-11-30,C
SPY261130C00700000,2026-09-29 13:51:36+00:00,700.0,74.45,71.86,73.9,-0.3100052,-0.41466716,9.0,317,0.2590406127929688,True,REGULAR,USD,2026-11-30,C
SPY261130C00701000,2026-08-20 13:48:51+00:00,701.0,79.72,0.0,0.0,0.0,0.0,3.0,0,1.0000000000000003e-05,True,REGULAR,USD,2026-11-30,C
SPY261130C00702000,2026-08-07 16:30:45+00:00,702.0,84.69,0.0,0.0,0.0,0.0,24.0,0,1.0000000000000003e-05,True,REGULAR,USD,2026-11-30,C
SPY261130C00703000,2026-09-24 18:43:01+00:00,703.0,74.17,69.07,72.45,0.0,0.0,4.0,23,0.26865355377197264,True,REGULAR,USD,2026-11-30,C
SPY261130C00704000,2026-08-18 14:10:30+00:00,704.0,78.88,0.0,0.0,0.0,0.0,1.0,0,1.0000000000000003e-05,True,REGULAR,USD,2026-11-30,C
SPY261130C00705000,2026-09-29 15:40:49+00:00,705.0,68.12,67.25,69.27,-2.459999,-3.4854052,1.0,278,0.25034319000244143,True,REGULAR,USD,2026-11-30,C
SPY261130C00706000,2026-08-07 19:24:55+00:00,706.0,82.53,0.0,0.0,0.0,0.0,34.0,0,1.0000000000000003e-05,True,REGULAR,USD,2026-11-30,C
SPY261130C00707000,2026-09-28 15:22:44+00:00,707.0,67.64,65.31,67.45,0.0,0.0,3.0,42,0.24713887634277343,True,REGULAR,USD,2026-11-30,C
SPY261130C00708000,2026-08-31 18:38:25+00:00,708.0,69.75,64.67,67.84,0.0,0.0,4.0,12,0.25949837188720704,True,REGULAR,USD,2026-11-30,C
SPY261130C00709000,2026-09-28 13:50:48+00:00,709.0,68.26,63.77,66.92,0.0,0.0,1.0,22,0.25763681823730467,True,REGULAR,USD,2026-11-30,C
SPY261130C00710000,2026-09-22 19:14:54+00:00,710.0,75.44,62.89,65.95,0.0,0.0,2.0,156,0.25525647094726567,True,REGULAR,USD,2026-11-30,C
SPY261130C00711000,2026-09-10 19:57:59+00:00,711.0,60.16,62.0,65.03,0.0,0.0,5.0,14,0.25336440002441407,True,REGULAR,USD,2026-11-30,C
SPY261130C00712000,2026-08-17 13:58:55+00:00,712.0,77.86,0.0,0.0,0.0,0.0,4.0,0,1.0000000000000003e-05,True,REGULAR,USD,2026-11-30,C
SPY261130C00713000,2026-09-28 13:38:46+00:00,713.0,64.91,60.23,63.17,0.0,0.0,1.0,26,0.2493666372680664,True,REGULAR,USD,2026-11-30,C
SPY261130C00714000,2026-08-06 13:40:04+00:00,714.0,73.26,0.0,0.0,0.0,0.0,10.0,0,1.0000000000000003e-05,True,REGULAR,USD,2026-11-30,C
SPY261130C00715000,2026-09-28 15:02:33+00:00,715.0,59.93,58.2,60.17,0.0,0.0,1.0,155,0.2335892071533203,True,REGULAR,USD,2026-11-30,C
SPY261130C00716000,2026-09-29 13:52:17+00:00,716.0,59.99,57.63,60.44,-0.109996796,-0.18302296,2.0,157,0.24387352813720703,True,REGULAR,USD,2026-11-30,C
SPY261130C00717000,2026-09-28 15:00:18+00:00,717.0,58.07,56.77,59.55,0.0,0.0,1.0,85,0.242195078125,True,REGULAR,USD,2026-11-30,C
SPY261130C00718000,2026-09-18 19:55:04+00:00,718.0,56.33,55.9,58.59,0.0,0.0,1.0,59,0.2398147308349609,True,REGULAR,USD,2026-11-30,C
SPY261130C00719000,2026-09-14 14:17:27+00:00,719.0,54.34,55.0,56.59,0.0,0.0,4.0,16,0.22702799346923824,True,REGULAR,USD,2026-11-30,C
SPY261130C00720000,2026-09-24 15:40:28+00:00,720.0,56.97,53.94,55.69,0.0,0.0,3.0,402,0.22528850891113278,True,REGULAR,USD,2026-11-30,C
SPY261130C00721000,2026-09-28 14:50:23+00:00,721.0,55.79,53.11,54.83,0.37000275,0.667634,5.0,22,0.22391523162841792,True,REGULAR,USD,2026-11-30,C
SPY261130C00722000,2026-09-18 15:30:57+00:00,722.0,51.28,52.29,53.97,0.0,0.0,1.0,25,0.2225266957092285,True,REGULAR,USD,2026-11-30,C
SPY261130C00723000,2026-09-03 16:12:59+00:00,723.0,62.78,51.36,53.02,0.0,0.0,1.0,1,0.22023790023803708,True,REGULAR,USD,2026-11-30,C
SPY261130C00724000,2026-09-10 19:57:59+00:00,724.0,49.23,50.53,52.19,0.0,0.0,4.0,175,0.21909350250244142,True,REGULAR,USD,2026-11-30,C
SPY261130C00725000,2026-09-29 13:53:39+00:00,725.0,51.78,50.97,51.31,-0.76000214,-1.4465209,1.0,241,0.21744556976318358,True,REGULAR,USD,2026-11-30,C
SPY261130C00726000,2026-09-04 17:19:30+00:00,726.0,57.55,49.01,50.44,0.0,0.0,1.0,213,0.2158586715698242,True,REGULAR,USD,2026-11-30,C
SPY261130C00727000,2026-09-28 16:26:34+00:00,727.0,52.82,47.95,49.55,0.0,0.0,1.0,10,0.2140581524658203,True,REGULAR,USD,2026-11-30,C
SPY261130C00728000,2026-09-29 13:48:02+00:00,728.0,48.89,47.31,48.69,-3.0600014,-5.890281,1.0,233,0.21253228881835937,True,REGULAR,USD,2026-11-30,C
SPY261130C00729000,2026-09-18 19:57:20+00:00,729.0,46.75,47.5,48.87,0.0,0.0,2.0,30,0.22068040069580075,True,REGULAR,USD,2026-11-30,C
SPY261130C00730000,2026-09-29 15:51:45+00:00,730.0,45.8,45.61,47.01,-10.610001,-18.808722,1.0,660,0.20975521697998045,True,REGULAR,USD,2026-11-30,C
SPY261130C00731000,2026-09-16 18:47:01+00:00,731.0,42.39,44.32,46.15,0.0,0.0,57.0,75,0.20813780151367184,True,REGULAR,USD,2026-11-30,C
SPY261130C00732000,2026-09-16 18:36:46+00:00,732.0,40.34,44.97,45.28,0.0,0.0,30.0,351,0.206413575592041,True,REGULAR,USD,2026-11-30,C
SPY261130C00733000,2026-08-31 18:56:20+00:00,733.0,48.35,44.1,44.41,0.0,0.0,3.0,205,0.2046588323974609,True,REGULAR,USD,2026-11-30,C
SPY261130C00734000,2026-09-24 14:00:38+00:00,734.0,44.48,43.28,43.57,0.0,0.0,10.0,54,0.2031482273864746,True,REGULAR,USD,2026-11-30,C
SPY261130C00735000,2026-09-28 15:08:20+00:00,735.0,43.55,42.44,42.73,0.0,0.0,3.0,895,0.20160710510253904,True,REGULAR,USD,2026-11-30,C
SPY261130C00736000,2026-08-25 14:56:07+00:00,736.0,47.0,41.59,41.91,0.0,0.0,20.0,276,0.20021856918334957,True,REGULAR,USD,2026-11-30,C
SPY261130C00737000,2026-09-15 18:16:52+00:00,737.0,36.65,40.78,41.1,0.0,0.0,2.0,353,0.19887580917358394,True,REGULAR,USD,2026-11-30,C
SPY261130C00738000,2026-09-28 19:51:50+00:00,738.0,41.03,39.96,40.24,0.0,0.0,2.0,93,0.19706003143310546,True,REGULAR,USD,2026-11-30,C
SPY261130C00739000,2026-09-28 16:26:34+00:00,739.0,42.52,39.17,39.44,0.0,0.0,1.0,98,0.19574778869628906,True,REGULAR,USD,2026-11-30,C
SPY261130C00740000,2026-09-28 19:59:45+00:00,740.0,39.54,38.33,38.62,0.13000107,0.32986823,1.0,632,0.19423718368530274,True,REGULAR,USD,2026-11-30,C
SPY261130C00741000,2026-09-28 14:43:54+00:00,741.0,38.77,37.51,37.82,0.0,0.0,1.0,165,0.19284864776611327,True,REGULAR,USD,2026-11-30,C
SPY261130C00742000,2026-09-11 19:51:57+00:00,742.0,38.77,36.74,36.99,0.0,0.0,3.0,105,0.19117019775390626,True,REGULAR,USD,2026-11-30,C
SPY261130C00743000,2026-09-29 16:30:00+00:00,743.0,35.13,35.91,36.2,-1.6299973,-4.43416,2.0,254,0.18981217910766607,True,REGULAR,USD,2026-11-30,C
SPY261130C00744000,2026-09-29 17:51:43+00:00,744.0,34.14,35.13,35.37,-6.260002,-15.495055,2.0,512,0.18807269454956055,True,REGULAR,USD,2026-11-30,C
SPY261130C00745000,2026-09-29 15:41:48+00:00,745.0,33.67,34.35,34.58,-1.7700005,-4.994358,1.0,596,0.18662312408447268,True,REGULAR,USD,2026-11-30,C
SPY261130C00746000,2026-09-21 14:51:44+00:00,746.0,38.21,33.56,33.79,0.0,0.0,4.0,509,0.18515829498291014,True,REGULAR,USD,2026-11-30,C
SPY261130C00747000,2026-09-28 14:28:24+00:00,747.0,35.06,32.81,33.03,0.0,0.0,1.0,710,0.18389182815551758,True,REGULAR,USD,2026-11-30,C
SPY261130C00748000,2026-09-29 17:52:59+00:00,748.0,30.83,32.04,32.26,0.75,2.493351,4.0,96,0.1825032922363281,True,REGULAR,USD,2026-11-30,C
SPY261130C00749000,2026-09-23 15:24:16+00:00,749.0,36.03,31.23,31.5,0.0,0.0,2.0,153,0.18114527359008786,True,REGULAR,USD,2026-11-30,C
SPY261130C00750000,2026-09-29 15:18:09+00:00,750.0,29.98,30.52,30.73,-3.5100021,-10.480746,1.0,697,0.17968044448852538,True,REGULAR,USD,2026-11-30,C
SPY261130C00751000,2026-09-23 15:23:49+00:00,751.0,34.47,29.74,29.94,0.0,0.0,7.0,215,0.17800199447631837,True,REGULAR,USD,2026-11-30,C
SPY261130C00752000,2026-09-24 14:15:49+00:00,752.0,30.92,29.01,29.19,0.0,0.0,6.0,196,0.1765981999206543,True,REGULAR,USD,2026-11-30,C
SPY261130C00753000,2026-09-23 14:24:22+00:00,753.0,32.22,28.26,28.45,0.0,0.0,2.0,278,0.17524018127441404,True,REGULAR,USD,2026-11-30,C
SPY261130C00754000,2026-09-28 14:49:49+00:00,754.0,27.79,27.52,27.71,0.0,0.0,2.0,151,0.17383638671875,True,REGULAR,USD,2026-11-30,C
SPY261130C00755000,2026-09-29 16:41:44+00:00,755.0,25.77,26.8,26.98,-2.869999,-10.020946,12.0,333,0.17247836807250982,True,REGULAR,USD,2026-11-30,C
SPY261130C00756000,2026-09-25 15:10:40+00:00,756.0,29.61,26.1,26.28,0.0,0.0,1.0,373,0.17130345306396483,True,REGULAR,USD,2026-11-30,C
SPY261130C00757000,2026-09-25 15:00:17+00:00,757.0,28.98,25.37,25.55,0.0,0.0,1.0,224,0.16982336532592773,True,REGULAR,USD,2026-11-30,C
SPY261130C00758000,2026-09-29 15:48:37+00:00,758.0,24.22,24.68,24.86,-2.1800003,-8.257577,2.0,2179,0.16863319168090823,True,REGULAR,USD,2026-11-30,C
SPY261130C00759000,2026-09-25 13:52:57+00:00,759.0,28.09,23.97,24.14,0.0,0.0,1.0,162,0.16713784530639653,True,REGULAR,USD,2026-11-30,C
SPY261130C00760000,2026-09-29 18:23:01+00:00,760.0,23.19,23.3,23.43,-1.2600002,-5.153375,91.0,2641,0.1656882748413086,True,REGULAR,USD,2026-11-30,C
SPY261130C00761000,2026-09-29 15:35:48+00:00,761.0,22.2,22.6,22.77,-2.8999996,-11.553783,20.0,333,0.1645591357421875,True,REGULAR,USD,2026-11-30,C
SPY261130C00762000,2026-09-29 18:41:05+00:00,762.0,22.25,21.93,22.12,-2.75,-11.0,17.0,589,0.16346051391601565,True,REGULAR,USD,2026-11-30,C
SPY261130C00763000,2026-09-29 18:27:20+00:00,763.0,20.95,21.28,21.44,-5.34,-20.311905,47.0,843,0.16207197799682616,True,REGULAR,USD,2026-11-30,C
SPY261130C00764000,2026-09-29 18:29:21+00:00,764.0,20.34,20.62,20.77,-0.7600002,-3.6018968,29.0,512,0.16071395935058597,True,REGULAR,USD,2026-11-30,C
SPY261130C00765000,2026-09-29 18:29:21+00:00,765.0,19.7,20.02,20.17,-1.2199993,-5.8317366,118.0,1167,0.15982895843505857,False,REGULAR,USD,2026-11-30,C
SPY261130C00766000,2026-09-29 15:19:17+00:00,766.0,18.77,19.38,19.52,-1.3799992,-6.848631,5.0,332,0.1585014570617676,False,REGULAR,USD,2026-11-30,C
SPY261130C00767000,2026-09-29 18:22:52+00:00,767.0,18.53,18.78,18.82,-0.7600002,-3.9398663,10.0,336,0.1567161965942383,False,REGULAR,USD,2026-11-30,C
SPY261130C00768000,2026-09-29 18:30:17+00:00,768.0,17.96,18.19,18.24,-0.84000015,-4.4680862,54.0,550,0.15581593704223634,False,REGULAR,USD,2026-11-30,C
SPY261130C00769000,2026-09-29 18:19:45+00:00,769.0,17.12,17.56,17.61,-1.2399998,-6.7538114,3.0,515,0.1544579183959961,False,REGULAR,USD,2026-11-30,C
SPY261130C00770000,2026-09-29 18:42:30+00:00,770.0,17.15,17.0,17.05,-0.63000107,-3.543313,108.0,1527,0.15357291748046875,False,REGULAR,USD,2026-11-30,C
SPY261130C00771000,2026-09-29 18:53:19+00:00,771.0,16.44,16.41,16.46,-1.6700001,-9.221424,25.0,547,0.15239800247192387,False,REGULAR,USD,2026-11-30,C
SPY261130C00772000,2026-09-29 18:28:23+00:00,772.0,15.55,15.85,15.9,-1.2699995,-7.5505323,13.0,745,0.15139093246459961,False,REGULAR,USD,2026-11-30,C
SPY261130C00773000,2026-09-29 18:28:23+00:00,773.0,15.0,15.29,15.33,-0.6300001,-4.0307107,9.0,880,0.15023127609252934,False,REGULAR,USD,2026-11-30,C
SPY261130C00774000,2026-09-29 18:11:19+00:00,774.0,13.99,14.75,14.78,-4.800001,-25.545507,40.0,357,0.14916317153930664,False,REGULAR,USD,2026-11-30,C
SPY261130C00775000,2026-09-29 17:06:47+00:00,775.0,13.33,14.19,14.23,-1.5500002,-10.416668,16.0,862,0.14801877380371098,False,REGULAR,USD,2026-11-30,C
SPY261130C00776000,2026-09-29 18:04:34+00:00,776.0,13.2,13.66,13.7,-1.1400003,-7.949793,32.0,433,0.1469659278869629,False,REGULAR,USD,2026-11-30,C
SPY261130C00777000,2026-09-29 16:58:25+00:00,777.0,12.32,13.18,13.21,-1.6300001,-11.684589,13.0,611,0.14615722015380855,False,REGULAR,USD,2026-11-30,C
SPY261130C00778000,2026-09-29 16:21:51+00:00,778.0,11.94,12.65,12.7,-1.1000004,-8.435586,2.0,621,0.14510437423706057,False,REGULAR,USD,2026-11-30,C
SPY261130C00779000,2026-09-28 15:38:23+00:00,779.0,12.85,12.18,12.22,0.0,0.0,18.0,1256,0.1442346319580078,False,REGULAR,USD,2026-11-30,C
SPY261130C00780000,2026-09-29 18:40:51+00:00,780.0,11.81,11.69,11.73,-0.5699997,-4.604198,383.0,4033,0.1431970446777344,False,REGULAR,USD,2026-11-30,C
SPY261130C00781000,2026-09-29 15:50:33+00:00,781.0,10.89,11.24,11.28,-1.7799997,-14.048932,7.0,723,0.1424035955810547,False,REGULAR,USD,2026-11-30,C
SPY261130C00782000,2026-09-29 16:02:16+00:00,782.0,10.09,10.78,10.82,-2.0100002,-16.611572,1.0,476,0.1414575601196289,False,REGULAR,USD,2026-11-30,C
SPY261130C00783000,2026-09-29 15:20:00+00:00,783.0,9.87,10.36,10.39,-1.21,-10.920578,2.0,375,0.14067936965942385,False,REGULAR,USD,2026-11-30,C
SPY261130C00784000,2026-09-29 16:46:07+00:00,784.0,9.13,9.92,9.95,-2.0500002,-18.336315,36.0,153,0.13973333419799805,False,REGULAR,USD,2026-11-30,C
SPY261130C00785000,2026-09-29 18:22:43+00:00,785.0,9.31,9.51,9.55,-0.6499996,-6.5261006,17.0,942,0.13904669555664065,False,REGULAR,USD,2026-11-30,C
SPY261130C00786000,2026-09-28 19:33:42+00:00,786.0,9.68,9.11,9.15,0.0,0.0,2.0,119,0.13828376373291018,False,REGULAR,USD,2026-11-30,C
SPY261130C00787000,2026-09-28 17:20:15+00:00,787.0,9.91,8.71,8.74,0.0,0.0,6.0,215,0.1373377282714844,False,REGULAR,USD,2026-11-30,C
SPY261130C00788000,2026-09-29 16:10:23+00:00,788.0,7.82,8.33,8.37,-2.15,-21.564695,1.0,301,0.13666634826660157,False,REGULAR,USD,2026-11-30,C
SPY261130C00789000,2026-09-28 14:59:07+00:00,789.0,8.05,7.98,8.01,0.0,0.0,2.0,1376,0.13599496826171875,False,REGULAR,USD,2026-11-30,C
SPY261130C00790000,2026-09-29 18:22:43+00:00,790.0,7.42,7.62,7.65,-0.59000015,-7.3657947,1226.0,2076,0.1352320364379883,False,REGULAR,USD,2026-11-30,C
SPY261130C00791000,2026-09-29 18:44:47+00:00,791.0,7.36,7.29,7.31,-0.13999987,-1.8666649,4.0,188,0.1345759150695801,False,REGULAR,USD,2026-11-30,C
SPY261130C00792000,2026-09-29 18:22:43+00:00,792.0,6.79,6.96,6.99,-1.0999999,-13.941698,22.0,175,0.13401134552001953,False,REGULAR,USD,2026-11-30,C
SPY261130C00793000,2026-09-29 18:41:30+00:00,793.0,6.77,6.63,6.66,-0.010000229,-0.147496,1.0,478,0.13327893096923826,False,REGULAR,USD,2026-11-30,C
SPY261130C00794000,2026-09-29 17:09:55+00:00,794.0,5.74,6.32,6.35,-1.5100002,-20.82759,3.0,137,0.1326380682373047,False,REGULAR,USD,2026-11-30,C
SPY261130C00795000,2026-09-29 18:39:03+00:00,795.0,6.01,6.04,6.07,-1.2999997,-17.783854,20.0,884,0.13221082641601564,False,REGULAR,USD,2026-11-30,C
SPY261130C00796000,2026-09-29 15:28:20+00:00,796.0,5.35,5.74,5.77,-0.72000027,-11.861619,2.0,237,0.13147841186523437,False,REGULAR,USD,2026-11-30,C
SPY261130C00797000,2026-09-29 18:41:30+00:00,797.0,5.6,5.48,5.51,-2.3000002,-29.113926,60.0,411,0.1310816873168945,False,REGULAR,USD,2026-11-30,C
SPY261130C00798000,2026-09-29 18:22:43+00:00,798.0,5.07,5.21,5.24,-1.1099997,-17.96116,10.0,97,0.13047134185791015,False,REGULAR,USD,2026-11-30,C
SPY261130C00799000,2026-09-29 18:41:29+00:00,799.0,5.07,4.96,4.99,-0.21000004,-3.9772732,143.0,59,0.13001358276367186,False,REGULAR,USD,2026-11-30,C
SPY261130C00800000,2026-09-29 18:22:44+00:00,800.0,4.58,4.71,4.74,-0.4300003,-8.58284,292.0,2788,0.12943375457763673,False,REGULAR,USD,2026-11-30,C
SPY261130C00801000,2026-09-29 18:41:30+00:00,801.0,4.6,4.49,4.52,-1.5500002,-25.203255,13.0,303,0.1291133232116699,False,REGULAR,USD,2026-11-30,C
SPY261130C00802000,2026-09-29 18:41:30+00:00,802.0,4.36,4.26,4.29,-1.4699998,-25.214405,115.0,770,0.12857927093505855,False,REGULAR,USD,2026-11-30,C
SPY261130C00803000,2026-09-28 20:09:53+00:00,803.0,4.28,4.04,4.07,0.010000229,0.2341974,1.0,342,0.1280909945678711,False,REGULAR,USD,2026-11-30,C
SPY261130C00804000,2026-09-29 13:53:08+00:00,804.0,3.98,3.84,3.87,-0.52,-11.555555,3.0,178,0.1277247872924805,False,REGULAR,USD,2026-11-30,C
SPY261130C00805000,2026-09-29 17:37:23+00:00,805.0,3.74,3.64,3.67,-0.21000004,-5.316457,229.0,376,0.12728228683471682,False,REGULAR,USD,2026-11-30,C
SPY261130C00806000,2026-09-29 18:41:32+00:00,806.0,3.56,3.45,3.48,0.029999971,0.84985757,115.0,20937,0.12687030364990232,False,REGULAR,USD,2026-11-30,C
SPY261130C00807000,2026-09-29 18:22:43+00:00,807.0,3.17,3.27,3.3,-0.47000003,-12.912088,26.0,573,0.1264888377380371,False,REGULAR,USD,2026-11-30,C
SPY261130C00808000,2026-09-29 15:24:15+00:00,808.0,2.85,3.1,3.13,-0.74,-20.612814,6.0,943,0.12615314773559572,False,REGULAR,USD,2026-11-30,C
SPY261130C00809000,2026-09-29 18:41:30+00:00,809.0,3.03,2.94,2.97,-0.10000014,-3.1948926,210.0,175,0.12586323364257812,False,REGULAR,USD,2026-11-30,C
SPY261130C00810000,2026-09-29 18:44:06+00:00,810.0,2.81,2.79,2.81,-0.1500001,-5.0675707,188.0,584,0.12549702636718751,False,REGULAR,USD,2026-11-30,C
SPY261130C00811000,2026-09-29 18:41:31+00:00,811.0,2.72,2.64,2.66,-0.6099999,-18.318316,25.0,198,0.12516133636474608,False,REGULAR,USD,2026-11-30,C
SPY261130C00812000,2026-09-29 18:41:30+00:00,812.0,2.57,2.5,2.51,-0.13000011,-4.814819,1234.0,675,0.12473409454345702,False,REGULAR,USD,2026-11-30,C
SPY261130C00813000,2026-09-29 18:41:32+00:00,813.0,2.44,2.36,2.39,-0.19000006,-7.2243366,108.0,114,0.1246730599975586,False,REGULAR,USD,2026-11-30,C
SPY261130C00814000,2026-09-29 18:22:44+00:00,814.0,2.15,2.22,2.25,-0.4499998,-17.307686,11.0,85,0.12424581817626953,False,REGULAR,USD,2026-11-30,C
SPY261130C00815000,2026-09-29 18:41:33+00:00,815.0,2.18,2.1,2.12,-0.049999952,-2.2421503,76.0,513,0.12384909362792969,False,REGULAR,USD,2026-11-30,C
SPY261130C00816000,2026-09-29 14:52:33+00:00,816.0,2.06,1.99,2.01,-0.049999952,-2.369666,3.0,199,0.12372702453613281,False,REGULAR,USD,2026-11-30,C
SPY261130C00817000,2026-09-28 16:42:41+00:00,817.0,2.17,1.87,1.9,0.0,0.0,1.0,338,0.12348288635253907,False,REGULAR,USD,2026-11-30,C
SPY261130C00818000,2026-09-28 18:02:05+00:00,818.0,2.06,1.77,1.79,0.0,0.0,3.0,54,0.12317771362304689,False,REGULAR,USD,2026-11-30,C
SPY261130C00819000,2026-09-28 17:12:41+00:00,819.0,2.15,1.68,1.69,0.0,0.0,43.0,616,0.12296409271240236,False,REGULAR,USD,2026-11-30,C
SPY261130C00820000,2026-09-29 18:41:30+00:00,820.0,1.64,1.58,1.6,-0.060000062,-3.5294154,220.0,2054,0.12284202362060548,False,REGULAR,USD,2026-11-30,C
SPY261130C00825000,2026-09-29 17:58:20+00:00,825.0,1.21,1.18,1.2,-0.19999993,-14.184392,78.0,698,0.12214012634277345,False,REGULAR,USD,2026-11-30,C
SPY261130C00830000,2026-09-29 15:51:46+00:00,830.0,0.9,0.88,0.89,-0.08000004,-8.163269,82.0,2447,0.12146874633789062,False,REGULAR,USD,2026-11-30,C
SPY261130C00835000,2026-09-29 18:38:40+00:00,835.0,0.64,0.66,0.67,-0.16000003,-20.000002,124.0,1181,0.12146874633789062,False,REGULAR,USD,2026-11-30,C
SPY261130C00840000,2026-09-29 18:46:08+00:00,840.0,0.52,0.5,0.52,-0.08000004,-13.333339,10.0,688,0.1223842645263672,False,REGULAR,USD,2026-11-30,C
SPY261130C00845000,2026-09-29 15:38:58+00:00,845.0,0.36,0.39,0.4,-0.24000001,-40.0,7.0,425,0.12317771362304689,False,REGULAR,USD,2026-11-30,C
SPY261130C00850000,2026-09-29 17:32:34+00:00,850.0,0.26,0.3,0.31,-0.060000002,-18.75,88.0,4901,0.12415426635742188,False,REGULAR,USD,2026-11-30,C
SPY261130C00855000,2026-09-28 17:34:14+00:00,855.0,0.29,0.24,0.25,0.0,0.0,20.0,174,0.12586323364257812,False,REGULAR,USD,2026-11-30,C
SPY261130C00860000,2026-09-29 16:01:38+00:00,860.0,0.17,0.19,0.21,-0.06999999,-29.166664,1.0,667,0.12818254638671872,False,REGULAR,USD,2026-11-30,C
SPY261130C00865000,2026-09-29 16:22:39+00:00,865.0,0.14,0.16,0.17,-0.040000007,-22.222223,11.0,804,0.129891513671875,False,REGULAR,USD,2026-11-30,C
SPY261130C00870000,2026-09-28 17:34:14+00:00,870.0,0.15,0.13,0.14,0.0,0.0,15.0,1183,0.131844619140625,False,REGULAR,USD,2026-11-30,C
SPY261130C00875000,2026-09-23 16:45:38+00:00,875.0,0.16,0.11,0.12,0.0,0.0,680.0,722,0.13428600097656251,False,REGULAR,USD,2026-11-30,C
SPY261130C00880000,2026-09-29 17:37:49+00:00,880.0,0.08,0.09,0.1,-0.04,-33.333336,25.0,1162,0.1362391064453125,False,REGULAR,USD,2026-11-30,C
SPY261130C00885000,2026-09-17 20:06:51+00:00,885.0,0.11,0.08,0.09,0.0,0.0,6.0,240,0.13941290283203128,False,REGULAR,USD,2026-11-30,C
SPY261130C00890000,2026-09-25 19:12:31+00:00,890.0,0.1,0.07,0.08,0.0,0.0,6.0,259,0.14234256103515625,False,REGULAR,USD,2026-11-30,C
SPY261130C00895000,2026-09-25 18:52:33+00:00,895.0,0.09,0.06,0.07,0.0,0.0,12.0,3273,0.1450280810546875,False,REGULAR,USD,2026-11-30,C
SPY261130C00900000,2026-09-29 15:37:52+00:00,900.0,0.05,0.05,0.06,-0.009999998,-16.666662,20.0,4027,0.1469811865234375,False,REGULAR,USD,2026-11-30,C
SPY261130C00905000,2026-09-22 20:08:22+00:00,905.0,0.05,0.04,0.05,-0.040000003,-44.444447,1.0,145,0.148446015625,False,REGULAR,USD,2026-11-30,C
SPY261130C00910000,2026-09-28 20:10:27+00:00,910.0,0.04,0.04,0.05,0.0,0.0,27.0,140,0.15284050292968754,False,REGULAR,USD,2026-11-30,C
SPY261130C00915000,2026-09-29 17:22:41+00:00,915.0,0.03,0.03,0.04,-0.03,-50.0,24.0,140,0.1538170556640625,False,REGULAR,USD,2026-11-30,C
SPY261130C00920000,2026-09-29 18:22:15+00:00,920.0,0.03,0.02,0.03,0.0,0.0,34.0,540,0.15430533203125002,False,REGULAR,USD,2026-11-30,C
SPY261130P00475000,2026-09-29 15:30:51+00:00,475.0,0.24,0.22,0.23,0.00999999,4.3478217,301.0,1324,0.45898978515625005,False,REGULAR,USD,2026-11-30,P
SPY261130P00480000,2026-09-28 18:32:24+00:00,480.0,0.26,0.23,0.24,0.0,0.0,6.0,56,0.45166563964843753,False,REGULAR,USD,2026-11-30,P
SPY261130P00485000,2026-09-28 13:33:14+00:00,485.0,0.28,0.24,0.25,0.0,0.0,2.0,159,0.44482977050781247,False,REGULAR,USD,2026-11-30,P
SPY261130P00490000,2026-09-29 16:26:09+00:00,490.0,0.28,0.26,0.27,-0.02000001,-6.6666694,1.0,83,0.43945873046875,False,REGULAR,USD,2026-11-30,P
SPY261130P00495000,2026-09-29 17:57:40+00:00,495.0,0.3,0.27,0.28,-0.00999999,-3.2258034,4.0,18,0.4321345849609375,False,REGULAR,USD,2026-11-30,P
SPY261130P00500000,2026-09-29 18:38:18+00:00,500.0,0.3,0.29,0.3,-0.01999998,-6.2499943,63.0,470,0.42676354492187507,False,REGULAR,USD,2026-11-30,P
SPY261130P00505000,2026-09-29 14:44:51+00:00,505.0,0.31,0.31,0.32,-0.030000001,-8.823529,4.0,104,0.4211483666992188,False,REGULAR,USD,2026-11-30,P
SPY261130P00510000,2026-09-18 18:43:58+00:00,510.0,0.5,0.32,0.33,0.0,0.0,2.0,77,0.41358008300781246,False,REGULAR,USD,2026-11-30,P
SPY261130P00515000,2026-09-29 14:55:38+00:00,515.0,0.35,0.34,0.35,-0.030000001,-7.894737,1.0,82,0.40772076660156253,False,REGULAR,USD,2026-11-30,P
SPY261130P00520000,2026-09-28 19:43:06+00:00,520.0,0.41,0.36,0.37,0.0,0.0,2.0,39,0.40161731201171874,False,REGULAR,USD,2026-11-30,P
SPY261130P00525000,2026-09-29 16:08:49+00:00,525.0,0.41,0.38,0.39,0.0,0.0,1.0,369,0.3952697192382813,False,REGULAR,USD,2026-11-30,P
SPY261130P00530000,2026-09-29 16:26:29+00:00,530.0,0.43,0.4,0.41,-0.01999998,-4.4444404,1.0,587,0.38892212646484375,False,REGULAR,USD,2026-11-30,P
SPY261130P00535000,2026-09-29 17:49:51+00:00,535.0,0.45,0.43,0.44,-0.01000002,-2.1739173,9.0,291,0.38355108642578123,False,REGULAR,USD,2026-11-30,P
SPY261130P00540000,2026-09-29 18:10:25+00:00,540.0,0.48,0.46,0.47,-0.01000002,-2.0408204,230.0,199,0.37805797729492185,False,REGULAR,USD,2026-11-30,P
SPY261130P00545000,2026-09-29 14:03:42+00:00,545.0,0.49,0.48,0.49,-0.00999999,-1.9999981,1.0,250,0.37134417724609375,False,REGULAR,USD,2026-11-30,P
SPY261130P00550000,2026-09-29 15:58:15+00:00,550.0,0.54,0.51,0.52,-0.01999998,-3.5714252,100.0,840,0.3654848608398438,False,REGULAR,USD,2026-11-30,P
SPY261130P00555000,2026-09-28 13:32:21+00:00,555.0,0.59,0.54,0.55,0.0,0.0,4.0,757,0.35938140625,False,REGULAR,USD,2026-11-30,P
SPY261130P00560000,2026-09-25 18:51:05+00:00,560.0,0.6,0.57,0.58,0.0,0.0,6.0,962,0.3532779516601562,False,REGULAR,USD,2026-11-30,P
SPY261130P00565000,2026-09-29 13:55:55+00:00,565.0,0.6,0.6,0.61,-0.03999996,-6.2499943,4.0,593,0.3469303588867187,False,REGULAR,USD,2026-11-30,P
SPY261130P00570000,2026-09-28 16:10:13+00:00,570.0,0.7,0.64,0.65,0.0,0.0,301.0,1027,0.3413151806640625,False,REGULAR,USD,2026-11-30,P
SPY261130P00575000,2026-09-29 16:20:06+00:00,575.0,0.71,0.67,0.68,-0.050000012,-6.5789485,4.0,880,0.3347234497070312,False,REGULAR,USD,2026-11-30,P
SPY261130P00580000,2026-09-29 14:54:04+00:00,580.0,0.71,0.71,0.72,-0.04000002,-5.333336,10.0,557,0.32874206420898433,False,REGULAR,USD,2026-11-30,P
SPY261130P00581000,2026-08-28 15:36:21+00:00,581.0,1.35,0.72,0.73,0.0,0.0,,18,0.3276434423828125,False,REGULAR,USD,2026-11-30,P
SPY261130P00582000,2026-09-22 19:28:55+00:00,582.0,0.74,0.73,0.74,0.0,0.0,1.0,16,0.3265448205566406,False,REGULAR,USD,2026-11-30,P
SPY261130P00585000,2026-09-28 17:33:36+00:00,585.0,0.78,0.75,0.76,0.0,0.0,315.0,1100,0.32263860961914054,False,REGULAR,USD,2026-11-30,P
SPY261130P00586000,2026-09-04 18:43:03+00:00,586.0,1.22,0.77,0.78,0.0,0.0,2.0,2,0.3221503332519531,False,REGULAR,USD,2026-11-30,P
SPY261130P00587000,2026-09-04 18:47:19+00:00,587.0,1.23,0.77,0.78,0.0,0.0,1.0,1,0.32031929687499994,False,REGULAR,USD,2026-11-30,P
SPY261130P00588000,2026-09-04 18:46:23+00:00,588.0,1.24,0.78,0.79,0.0,0.0,1.0,1,0.319220675048828,False,REGULAR,USD,2026-11-30,P
SPY261130P00589000,2026-09-08 18:32:39+00:00,589.0,1.31,0.79,0.8,0.0,0.0,2.0,2,0.3181220532226562,False,REGULAR,USD,2026-11-30,P
SPY261130P00590000,2026-09-29 15:58:05+00:00,590.0,0.85,0.8,0.81,-0.049999952,-5.5555506,50.0,546,0.31690136230468746,False,REGULAR,USD,2026-11-30,P
SPY261130P00591000,2026-09-21 18:19:13+00:00,591.0,0.97,0.81,0.82,0.0,0.0,2.0,23,0.31580274047851553,False,REGULAR,USD,2026-11-30,P
SPY261130P00592000,2026-09-23 14:13:35+00:00,592.0,0.91,0.81,0.83,0.0,0.0,,1,0.3145820495605468,False,REGULAR,USD,2026-11-30,P
SPY261130P00593000,2026-09-28 18:37:27+00:00,593.0,0.86,0.82,0.84,0.0,0.0,10.0,11,0.313483427734375,False,REGULAR,USD,2026-11-30,P
SPY261130P00595000,2026-09-28 16:00:59+00:00,595.0,0.95,0.84,0.86,0.0,0.0,300.0,532,0.3110420458984374,False,REGULAR,USD,2026-11-30,P
SPY261130P00596000,2026-09-28 15:10:41+00:00,596.0,0.97,0.85,0.87,0.0,0.0,10.0,16,0.30982135498046875,False,REGULAR,USD,2026-11-30,P
SPY261130P00598000,2026-09-28 18:38:34+00:00,598.0,0.92,0.87,0.89,0.0,0.0,3.0,672,0.3074410076904296,False,REGULAR,USD,2026-11-30,P
SPY261130P00599000,2026-09-21 19:54:05+00:00,599.0,1.01,0.88,0.9,0.0,0.0,7.0,11,0.306220316772461,False,REGULAR,USD,2026-11-30,P
SPY261130P00600000,2026-09-28 19:50:25+00:00,600.0,0.97,0.9,0.92,0.0,0.0,32.0,1225,0.3055489367675781,False,REGULAR,USD,2026-11-30,P
SPY261130P00601000,2026-09-16 19:21:17+00:00,601.0,2.02,0.91,0.93,0.0,0.0,1.0,3,0.3043282458496094,False,REGULAR,USD,2026-11-30,P
SPY261130P00603000,2026-09-29 17:41:37+00:00,603.0,0.99,0.93,0.94,-0.81999993,-45.303864,6.0,17,0.3012765185546875,False,REGULAR,USD,2026-11-30,P
SPY261130P00604000,2026-09-17 13:30:03+00:00,604.0,1.39,0.94,0.95,0.0,0.0,,1,0.30005582763671873,False,REGULAR,USD,2026-11-30,P
SPY261130P00605000,2026-09-29 14:43:44+00:00,605.0,0.95,0.95,0.96,-0.050000012,-5.000001,9.0,823,0.29871306762695304,False,REGULAR,USD,2026-11-30,P
SPY261130P00606000,2026-09-25 17:40:58+00:00,606.0,1.02,0.96,0.97,0.0,0.0,4.0,57,0.2974923767089843,False,REGULAR,USD,2026-11-30,P
SPY261130P00607000,2026-09-23 13:46:08+00:00,607.0,1.01,0.97,0.99,0.0,0.0,1.0,13,0.2967599621582031,False,REGULAR,USD,2026-11-30,P
SPY261130P00608000,2026-09-23 19:19:15+00:00,608.0,1.13,0.98,1.0,0.0,0.0,360.0,361,0.2954172021484375,False,REGULAR,USD,2026-11-30,P
SPY261130P00609000,2026-09-25 19:24:28+00:00,609.0,1.04,1.0,1.01,0.0,0.0,103.0,106,0.2941965112304687,False,REGULAR,USD,2026-11-30,P
SPY261130P00610000,2026-09-29 14:27:38+00:00,610.0,0.99,1.01,1.03,-0.029999971,-2.9411738,102.0,867,0.2933420275878905,False,REGULAR,USD,2026-11-30,P
SPY261130P00611000,2026-09-23 17:32:53+00:00,611.0,1.21,1.02,1.03,0.0,0.0,1.0,7,0.29157202575683583,False,REGULAR,USD,2026-11-30,P
SPY261130P00612000,2026-09-24 19:59:42+00:00,612.0,1.21,1.04,1.05,0.0,0.0,90.0,20666,0.29077857666015616,False,REGULAR,USD,2026-11-30,P
SPY261130P00614000,2026-09-23 16:30:58+00:00,614.0,1.18,1.06,1.08,0.0,0.0,2.0,6,0.2885813330078124,False,REGULAR,USD,2026-11-30,P
SPY261130P00615000,2026-09-29 13:55:57+00:00,615.0,1.06,1.07,1.09,-0.19000006,-15.200005,32.0,623,0.2872385729980468,False,REGULAR,USD,2026-11-30,P
SPY261130P00616000,2026-09-25 14:33:21+00:00,616.0,1.28,1.08,1.1,0.0,0.0,100.0,108,0.2858958129882812,False,REGULAR,USD,2026-11-30,P
SPY261130P00617000,2026-09-25 18:33:32+00:00,617.0,1.13,1.1,1.12,0.0,0.0,1.0,2,0.28504132934570303,False,REGULAR,USD,2026-11-30,P
SPY261130P00618000,2026-09-21 14:37:38+00:00,618.0,1.3,1.11,1.13,0.0,0.0,3.0,8,0.2836985693359374,False,REGULAR,USD,2026-11-30,P
SPY261130P00619000,2026-09-21 13:40:15+00:00,619.0,1.37,1.12,1.14,0.0,0.0,1.0,8,0.2822947747802734,False,REGULAR,USD,2026-11-30,P
SPY261130P00620000,2026-09-25 14:33:21+00:00,620.0,1.34,1.14,1.16,0.0,0.0,100.0,410,0.28137925659179686,False,REGULAR,USD,2026-11-30,P
SPY261130P00621000,2026-09-22 19:26:57+00:00,621.0,1.13,1.15,1.17,0.0,0.0,,3,0.28003649658203117,False,REGULAR,USD,2026-11-30,P
SPY261130P00622000,2026-09-21 13:30:00+00:00,622.0,1.44,1.17,1.19,0.0,0.0,,3,0.2790599438476562,False,REGULAR,USD,2026-11-30,P
SPY261130P00624000,2026-09-24 15:40:27+00:00,624.0,1.58,1.2,1.22,0.0,0.0,2.0,13,0.2766795965576171,False,REGULAR,USD,2026-11-30,P
SPY261130P00625000,2026-09-25 19:30:05+00:00,625.0,1.26,1.22,1.23,0.0,0.0,7.0,409,0.2752758020019531,False,REGULAR,USD,2026-11-30,P
SPY261130P00626000,2026-09-25 19:30:10+00:00,626.0,1.28,1.23,1.24,0.0,0.0,6.0,5,0.27387200744628903,False,REGULAR,USD,2026-11-30,P
SPY261130P00627000,2026-09-21 13:30:02+00:00,627.0,1.5,1.24,1.26,0.0,0.0,1.0,21,0.272895454711914,False,REGULAR,USD,2026-11-30,P
SPY261130P00628000,2026-09-25 19:30:16+00:00,628.0,1.31,1.26,1.28,0.0,0.0,7.0,9,0.2718578674316406,False,REGULAR,USD,2026-11-30,P
SPY261130P00630000,2026-09-29 15:58:05+00:00,630.0,1.38,1.29,1.31,-0.01999998,-1.42857,50.0,277,0.2694164855957031,False,REGULAR,USD,2026-11-30,P
SPY261130P00631000,2026-09-28 19:00:02+00:00,631.0,1.34,1.31,1.33,0.0,0.0,2.0,534,0.2683178637695312,False,REGULAR,USD,2026-11-30,P
SPY261130P00632000,2026-09-25 14:46:24+00:00,632.0,1.54,1.33,1.34,0.0,0.0,2.0,5,0.2669140692138672,False,REGULAR,USD,2026-11-30,P
SPY261130P00633000,2026-09-18 18:57:16+00:00,633.0,1.88,1.35,1.36,0.0,0.0,1.0,12,0.26581544738769536,False,REGULAR,USD,2026-11-30,P
SPY261130P00634000,2026-09-25 17:01:47+00:00,634.0,1.42,1.37,1.38,0.0,0.0,115.0,121,0.26471682556152343,False,REGULAR,USD,2026-11-30,P
SPY261130P00635000,2026-09-24 16:20:20+00:00,635.0,1.58,1.38,1.4,0.0,0.0,100.0,223,0.2636182037353516,False,REGULAR,USD,2026-11-30,P
SPY261130P00636000,2026-09-28 13:57:18+00:00,636.0,1.49,1.4,1.41,0.0,0.0,1.0,138,0.26215337463378907,False,REGULAR,USD,2026-11-30,P
SPY261130P00637000,2026-09-25 18:27:56+00:00,637.0,1.48,1.41,1.43,0.0,0.0,103.0,203,0.26105475280761714,False,REGULAR,USD,2026-11-30,P
SPY261130P00638000,2026-09-23 14:41:36+00:00,638.0,1.55,1.43,1.45,0.0,0.0,1.0,45,0.25989509643554687,False,REGULAR,USD,2026-11-30,P
SPY261130P00639000,2026-09-22 15:53:07+00:00,639.0,1.49,1.45,1.47,0.0,0.0,3.0,27,0.25879647460937505,False,REGULAR,USD,2026-11-30,P
SPY261130P00640000,2026-09-29 15:00:21+00:00,640.0,1.47,1.47,1.49,-0.089999914,-5.7692256,6.0,559,0.25763681823730467,False,REGULAR,USD,2026-11-30,P
SPY261130P00641000,2026-09-22 16:15:36+00:00,641.0,1.48,1.5,1.51,0.0,0.0,2.0,8,0.2564771618652344,False,REGULAR,USD,2026-11-30,P
SPY261130P00642000,2026-09-25 14:33:21+00:00,642.0,1.75,1.51,1.53,0.0,0.0,100.0,121,0.25525647094726567,False,REGULAR,USD,2026-11-30,P
SPY261130P00643000,2026-09-17 15:13:48+00:00,643.0,2.35,1.53,1.55,0.0,0.0,18.0,20,0.2540968145751954,False,REGULAR,USD,2026-11-30,P
SPY261130P00644000,2026-09-28 19:24:02+00:00,644.0,1.63,1.56,1.58,0.0,0.0,1.0,5,0.25324233093261717,False,REGULAR,USD,2026-11-30,P
SPY261130P00645000,2026-09-25 15:33:40+00:00,645.0,1.7,1.57,1.59,0.0,0.0,1.0,76,0.25171646728515623,False,REGULAR,USD,2026-11-30,P
SPY261130P00646000,2026-09-25 14:33:21+00:00,646.0,1.84,1.6,1.61,0.0,0.0,51.0,54,0.25049577636718745,False,REGULAR,USD,2026-11-30,P
SPY261130P00647000,2026-09-25 14:20:19+00:00,647.0,1.91,1.62,1.63,0.0,0.0,3.0,371,0.2492140509033203,False,REGULAR,USD,2026-11-30,P
SPY261130P00648000,2026-09-16 18:33:29+00:00,648.0,2.97,1.64,1.66,0.0,0.0,1.0,20,0.24829853271484376,False,REGULAR,USD,2026-11-30,P
SPY261130P00649000,2026-09-22 17:22:55+00:00,649.0,1.63,1.66,1.69,0.0,0.0,1.0,64,0.24738301452636718,False,REGULAR,USD,2026-11-30,P
SPY261130P00650000,2026-09-29 15:54:09+00:00,650.0,1.78,1.69,1.71,0.059999943,3.4883687,3.0,482,0.2461012890625,False,REGULAR,USD,2026-11-30,P
SPY261130P00651000,2026-09-28 19:51:05+00:00,651.0,1.83,1.71,1.73,0.0,0.0,1.0,25,0.24481956359863283,False,REGULAR,USD,2026-11-30,P
SPY261130P00652000,2026-09-24 16:15:46+00:00,652.0,2.09,1.73,1.75,0.0,0.0,1.0,210,0.24353783813476562,False,REGULAR,USD,2026-11-30,P
SPY261130P00653000,2026-09-24 15:48:26+00:00,653.0,2.22,1.77,1.79,0.0,0.0,252.0,266,0.24286645812988278,False,REGULAR,USD,2026-11-30,P
SPY261130P00654000,2026-09-08 17:02:24+00:00,654.0,2.74,1.78,1.81,0.0,0.0,,2,0.2415236981201172,False,REGULAR,USD,2026-11-30,P
SPY261130P00655000,2026-09-28 19:34:30+00:00,655.0,1.77,1.82,1.84,-0.13,-6.8421054,2.0,772,0.24048611083984373,False,REGULAR,USD,2026-11-30,P
SPY261130P00656000,2026-09-28 13:50:34+00:00,656.0,1.92,1.84,1.85,0.0,0.0,1.0,8,0.23889921264648437,False,REGULAR,USD,2026-11-30,P
SPY261130P00657000,2026-09-29 15:32:21+00:00,657.0,1.97,1.87,1.89,-0.109999895,-5.288457,1.0,12,0.23810576354980467,False,REGULAR,USD,2026-11-30,P
SPY261130P00658000,2026-09-29 17:31:32+00:00,658.0,2.02,1.89,1.91,-0.049999952,-2.4154568,1.0,128,0.23676300354003904,False,REGULAR,USD,2026-11-30,P
SPY261130P00659000,2026-09-25 14:04:52+00:00,659.0,2.18,1.91,1.94,0.0,0.0,2.0,58,0.23566438171386717,False,REGULAR,USD,2026-11-30,P
SPY261130P00660000,2026-09-28 19:26:45+00:00,660.0,2.01,1.95,1.96,0.0,0.0,708.0,1660,0.23432162170410153,False,REGULAR,USD,2026-11-30,P
SPY261130P00661000,2026-09-24 15:48:59+00:00,661.0,2.5,1.97,2.0,0.0,0.0,117.0,128,0.23346713806152342,False,REGULAR,USD,2026-11-30,P
SPY261130P00662000,2026-09-25 15:28:11+00:00,662.0,2.18,2.01,2.02,0.0,0.0,1.0,1,0.23206334350585936,False,REGULAR,USD,2026-11-30,P
SPY261130P00663000,2026-09-28 19:24:06+00:00,663.0,2.11,2.03,2.06,0.0,0.0,1.0,2,0.23114782531738282,False,REGULAR,USD,2026-11-30,P
SPY261130P00664000,2026-09-24 17:15:20+00:00,664.0,2.25,2.06,2.09,0.0,0.0,50.0,61,0.2299881689453125,False,REGULAR,USD,2026-11-30,P
SPY261130P00665000,2026-09-28 19:59:20+00:00,665.0,2.2,2.1,2.11,0.0,0.0,5.0,766,0.22858437438964846,False,REGULAR,USD,2026-11-30,P
SPY261130P00666000,2026-09-29 17:16:08+00:00,666.0,2.3,2.12,2.15,0.06999993,3.1390104,2.0,15,0.22763833892822266,False,REGULAR,USD,2026-11-30,P
SPY261130P00667000,2026-09-29 14:38:41+00:00,667.0,2.13,2.15,2.18,-0.21999979,-9.361693,5.0,207,0.2264481652832031,False,REGULAR,USD,2026-11-30,P
SPY261130P00668000,2026-09-25 20:02:17+00:00,668.0,2.12,2.19,2.22,0.0,0.0,31.0,54,0.2254716125488281,False,REGULAR,USD,2026-11-30,P
SPY261130P00669000,2026-09-28 14:43:51+00:00,669.0,2.42,2.22,2.25,0.0,0.0,1.0,56,0.22425092163085933,False,REGULAR,USD,2026-11-30,P
SPY261130P00670000,2026-09-29 15:54:09+00:00,670.0,2.39,2.26,2.28,0.0,0.0,1.0,928,0.22296919616699218,False,REGULAR,USD,2026-11-30,P
SPY261130P00671000,2026-09-22 19:26:57+00:00,671.0,2.09,2.29,2.32,0.0,0.0,3.0,3,0.22196212615966793,False,REGULAR,USD,2026-11-30,P
SPY261130P00672000,2026-09-29 14:08:34+00:00,672.0,2.31,2.33,2.36,-0.1400001,-5.7142897,1.0,246,0.2209245388793945,False,REGULAR,USD,2026-11-30,P
SPY261130P00673000,2026-09-21 19:57:08+00:00,673.0,2.41,2.36,2.39,0.0,0.0,17.0,167,0.2196122961425781,False,REGULAR,USD,2026-11-30,P
SPY261130P00674000,2026-09-23 17:21:15+00:00,674.0,2.68,2.41,2.43,0.0,0.0,25.0,234,0.21857470886230468,False,REGULAR,USD,2026-11-30,P
SPY261130P00675000,2026-09-29 17:45:09+00:00,675.0,2.59,2.44,2.46,-0.01999998,-0.7662828,4.0,705,0.21723194885253905,False,REGULAR,USD,2026-11-30,P
SPY261130P00676000,2026-09-29 14:23:15+00:00,676.0,2.41,2.48,2.5,-0.40999985,-14.539002,2.0,144,0.21613332702636717,False,REGULAR,USD,2026-11-30,P
SPY261130P00677000,2026-09-25 14:04:01+00:00,677.0,2.74,2.52,2.54,0.0,0.0,69.0,212,0.21500418792724607,False,REGULAR,USD,2026-11-30,P
SPY261130P00678000,2026-09-28 18:02:05+00:00,678.0,2.57,2.56,2.59,0.0,0.0,1.0,184,0.2140581524658203,False,REGULAR,USD,2026-11-30,P
SPY261130P00679000,2026-09-25 16:36:59+00:00,679.0,2.54,2.6,2.63,0.0,0.0,364.0,737,0.21289849609375,False,REGULAR,USD,2026-11-30,P
SPY261130P00680000,2026-09-29 16:45:29+00:00,680.0,2.87,2.65,2.67,0.26999998,10.384615,13.0,686,0.21173883972167967,False,REGULAR,USD,2026-11-30,P
SPY261130P00681000,2026-09-28 14:47:12+00:00,681.0,3.04,2.69,2.71,0.0,0.0,3.0,503,0.21051814880371095,False,REGULAR,USD,2026-11-30,P
SPY261130P00682000,2026-09-22 14:05:09+00:00,682.0,2.78,2.74,2.76,0.17000008,6.513413,2.0,31,0.2095110787963867,False,REGULAR,USD,2026-11-30,P
SPY261130P00683000,2026-09-29 18:16:53+00:00,683.0,2.9,2.78,2.8,-0.13999987,-4.605259,9.0,305,0.20829038787841792,False,REGULAR,USD,2026-11-30,P
SPY261130P00684000,2026-09-23 15:29:32+00:00,684.0,2.9,2.83,2.85,0.0,0.0,3.0,18832,0.20722228332519527,False,REGULAR,USD,2026-11-30,P
SPY261130P00685000,2026-09-28 17:11:11+00:00,685.0,2.92,2.88,2.9,0.0,0.0,7.0,4309,0.20615417877197262,False,REGULAR,USD,2026-11-30,P
SPY261130P00686000,2026-09-28 15:11:44+00:00,686.0,3.11,2.93,2.95,0.0,0.0,14.0,258,0.20505555694580074,False,REGULAR,USD,2026-11-30,P
SPY261130P00687000,2026-09-28 19:59:19+00:00,687.0,3.08,2.98,3.0,0.0,0.0,26.0,34,0.20395693511962887,False,REGULAR,USD,2026-11-30,P
SPY261130P00688000,2026-09-28 17:11:11+00:00,688.0,3.09,3.03,3.05,0.0,0.0,2.0,269,0.20282779602050777,False,REGULAR,USD,2026-11-30,P
SPY261130P00689000,2026-09-29 14:21:48+00:00,689.0,3.03,3.08,3.11,0.31999993,11.808115,2.0,228,0.2018512432861328,False,REGULAR,USD,2026-11-30,P
SPY261130P00690000,2026-09-29 16:45:29+00:00,690.0,3.38,3.13,3.16,0.10000014,3.048785,8.0,565,0.20066106964111324,False,REGULAR,USD,2026-11-30,P
SPY261130P00691000,2026-09-28 14:47:12+00:00,691.0,3.55,3.19,3.21,0.0,0.0,3.0,45,0.19947089599609374,False,REGULAR,USD,2026-11-30,P
SPY261130P00692000,2026-09-29 18:13:44+00:00,692.0,3.39,3.24,3.27,0.05000019,1.4970118,3.0,1136,0.1984333087158203,False,REGULAR,USD,2026-11-30,P
SPY261130P00693000,2026-09-28 14:52:19+00:00,693.0,3.66,3.3,3.33,0.0,0.0,9.0,103,0.19739572143554687,False,REGULAR,USD,2026-11-30,P
SPY261130P00694000,2026-09-29 15:23:09+00:00,694.0,3.57,3.36,3.38,-0.09000015,-2.4590206,2.0,95,0.1961139959716797,False,REGULAR,USD,2026-11-30,P
SPY261130P00695000,2026-09-28 14:38:40+00:00,695.0,3.34,3.42,3.44,-0.19000006,-5.3824377,2.0,568,0.1950153741455078,False,REGULAR,USD,2026-11-30,P
SPY261130P00696000,2026-09-29 17:33:18+00:00,696.0,3.7,3.48,3.5,0.4000001,12.121215,2.0,16,0.19391675231933597,False,REGULAR,USD,2026-11-30,P
SPY261130P00697000,2026-09-29 14:10:02+00:00,697.0,3.48,3.54,3.56,-0.27999997,-7.4468074,1.0,174,0.19275709594726562,False,REGULAR,USD,2026-11-30,P
SPY261130P00698000,2026-09-29 18:47:52+00:00,698.0,3.65,3.61,3.64,0.10000014,2.8169055,34.0,261,0.19190261230468753,False,REGULAR,USD,2026-11-30,P
SPY261130P00699000,2026-09-29 17:17:28+00:00,699.0,4.0,3.67,3.69,-0.30999994,-7.192574,4.0,113,0.1905598522949219,False,REGULAR,USD,2026-11-30,P
SPY261130P00700000,2026-09-29 18:17:58+00:00,700.0,3.88,3.74,3.76,0.02000022,0.51814044,285.0,5146,0.18949174774169925,False,REGULAR,USD,2026-11-30,P
SPY261130P00701000,2026-09-29 18:39:18+00:00,701.0,3.81,3.8,3.83,-0.11000013,-2.8061259,7.0,56,0.18842364318847654,False,REGULAR,USD,2026-11-30,P
SPY261130P00702000,2026-09-29 15:19:59+00:00,702.0,4.07,3.87,3.9,0.20000029,5.1679664,13.0,117,0.1872945040893555,False,REGULAR,USD,2026-11-30,P
SPY261130P00703000,2026-09-29 17:04:15+00:00,703.0,4.27,3.95,3.98,0.26999998,6.7499995,2.0,24,0.18631795135498047,False,REGULAR,USD,2026-11-30,P
SPY261130P00704000,2026-09-29 14:02:11+00:00,704.0,3.94,4.02,4.05,-0.36000013,-8.372096,1.0,202,0.18515829498291014,False,REGULAR,USD,2026-11-30,P
SPY261130P00705000,2026-09-29 16:51:42+00:00,705.0,4.31,4.1,4.12,-0.059999943,-1.3729964,8.0,709,0.18399863861083982,False,REGULAR,USD,2026-11-30,P
SPY261130P00706000,2026-09-29 15:19:59+00:00,706.0,4.37,4.17,4.2,0.21000004,5.048078,1.0,250,0.18293053405761717,False,REGULAR,USD,2026-11-30,P
SPY261130P00707000,2026-09-29 16:09:33+00:00,707.0,4.44,4.25,4.29,0.23000002,5.4631834,2.0,197,0.18198449859619142,False,REGULAR,USD,2026-11-30,P
SPY261130P00708000,2026-09-25 14:04:36+00:00,708.0,4.58,4.33,4.36,0.0,0.0,1.0,49,0.18073329040527342,False,REGULAR,USD,2026-11-30,P
SPY261130P00709000,2026-09-28 15:03:51+00:00,709.0,4.78,4.41,4.45,0.0,0.0,1.0,471,0.17972622039794922,False,REGULAR,USD,2026-11-30,P
SPY261130P00710000,2026-09-29 18:25:00+00:00,710.0,4.66,4.5,4.53,0.059999943,1.3043466,6.0,430,0.1785665640258789,False,REGULAR,USD,2026-11-30,P
SPY261130P00711000,2026-09-28 15:36:47+00:00,711.0,4.75,4.59,4.61,-0.05000019,-1.0416706,1.0,268,0.17737639038085937,False,REGULAR,USD,2026-11-30,P
SPY261130P00712000,2026-09-28 15:36:47+00:00,712.0,4.89,4.68,4.71,0.0,0.0,10.0,1265,0.1763998376464844,False,REGULAR,USD,2026-11-30,P
SPY261130P00713000,2026-09-28 19:50:04+00:00,713.0,4.93,4.77,4.79,0.0,0.0,13.0,197,0.17516388809204103,False,REGULAR,USD,2026-11-30,P
SPY261130P00714000,2026-09-29 17:45:23+00:00,714.0,5.11,4.86,4.89,0.07999992,1.5904557,1.0,396,0.17414155944824222,False,REGULAR,USD,2026-11-30,P
SPY261130P00715000,2026-09-29 16:53:51+00:00,715.0,5.27,4.96,4.98,0.5,10.482181,16.0,435,0.1729819030761719,False,REGULAR,USD,2026-11-30,P
SPY261130P00716000,2026-09-28 17:18:49+00:00,716.0,4.86,5.05,5.09,0.0,0.0,3.0,197,0.1720358676147461,False,REGULAR,USD,2026-11-30,P
SPY261130P00717000,2026-09-28 16:26:45+00:00,717.0,4.75,5.16,5.18,0.0,0.0,1.0,243,0.17078465942382814,False,REGULAR,USD,2026-11-30,P
SPY261130P00718000,2026-09-29 16:19:08+00:00,718.0,5.53,5.26,5.29,0.0,0.0,15.0,1589,0.16977758941650395,False,REGULAR,USD,2026-11-30,P
SPY261130P00719000,2026-09-29 16:18:39+00:00,719.0,5.65,5.37,5.4,0.25,4.6296296,21.0,44,0.16874000213623053,False,REGULAR,USD,2026-11-30,P
SPY261130P00720000,2026-09-29 17:25:13+00:00,720.0,5.84,5.47,5.51,0.53999996,10.188678,61.0,2594,0.1676413803100586,False,REGULAR,USD,2026-11-30,P
SPY261130P00721000,2026-09-28 17:41:38+00:00,721.0,5.42,5.58,5.62,0.0,0.0,33.0,233,0.16654275848388678,False,REGULAR,USD,2026-11-30,P
SPY261130P00722000,2026-09-28 16:41:02+00:00,722.0,5.91,5.7,5.74,0.37999964,6.871602,1.0,67,0.1655051712036133,False,REGULAR,USD,2026-11-30,P
SPY261130P00723000,2026-09-28 17:02:38+00:00,723.0,5.75,5.82,5.85,0.0,0.0,6.0,312,0.16433025619506836,False,REGULAR,USD,2026-11-30,P
SPY261130P00724000,2026-09-29 17:16:08+00:00,724.0,6.4,5.95,5.98,0.3000002,4.918036,4.0,406,0.16333844482421878,False,REGULAR,USD,2026-11-30,P
SPY261130P00725000,2026-09-29 18:16:04+00:00,725.0,6.29,6.07,6.1,0.50999975,8.823525,49.0,4262,0.16220930572509767,False,REGULAR,USD,2026-11-30,P
SPY261130P00726000,2026-09-29 17:20:33+00:00,726.0,6.72,6.19,6.22,0.73,12.186978,25.0,506,0.16103439071655273,False,REGULAR,USD,2026-11-30,P
SPY261130P00727000,2026-09-29 18:29:21+00:00,727.0,6.51,6.32,6.35,0.21000004,3.3333337,4.0,20692,0.15995102752685547,False,REGULAR,USD,2026-11-30,P
SPY261130P00728000,2026-09-29 14:20:37+00:00,728.0,6.26,6.45,6.49,-0.3499999,-5.2950063,1.0,722,0.15891344024658205,False,REGULAR,USD,2026-11-30,P
SPY261130P00729000,2026-09-28 16:28:21+00:00,729.0,6.55,6.59,6.63,0.53999996,8.985024,1.0,589,0.15786059432983396,False,REGULAR,USD,2026-11-30,P
SPY261130P00730000,2026-09-29 18:31:36+00:00,730.0,7.0,6.74,6.76,0.17000008,2.48902,67.0,1169,0.15665516204833985,False,REGULAR,USD,2026-11-30,P
SPY261130P00731000,2026-09-28 14:41:36+00:00,731.0,6.84,6.87,6.91,0.0,0.0,15.0,99,0.15561757476806642,False,REGULAR,USD,2026-11-30,P
SPY261130P00732000,2026-09-28 16:16:04+00:00,732.0,7.14,7.03,7.06,0.0,0.0,64.0,105,0.15454947021484378,False,REGULAR,USD,2026-11-30,P
SPY261130P00733000,2026-09-28 16:55:45+00:00,733.0,6.94,7.17,7.21,0.0,0.0,3.0,527,0.15342033111572267,False,REGULAR,USD,2026-11-30,P
SPY261130P00734000,2026-09-29 14:44:01+00:00,734.0,7.27,7.33,7.36,0.21999979,3.1205642,1.0,106,0.15226067474365235,False,REGULAR,USD,2026-11-30,P
SPY261130P00735000,2026-09-29 18:20:53+00:00,735.0,7.7,7.5,7.53,0.23999977,3.217155,28.0,813,0.15126886337280276,False,REGULAR,USD,2026-11-30,P
SPY261130P00736000,2026-09-29 17:42:44+00:00,736.0,8.18,7.66,7.7,0.31000042,3.9390142,7.0,335,0.15023127609252934,False,REGULAR,USD,2026-11-30,P
SPY261130P00737000,2026-09-29 18:29:21+00:00,737.0,8.05,7.82,7.86,0.05000019,0.6250024,4.0,187,0.1490411024475098,False,REGULAR,USD,2026-11-30,P
SPY261130P00738000,2026-09-29 16:07:22+00:00,738.0,8.18,8.0,8.03,0.11000061,1.3630807,3.0,408,0.1479119633483887,False,REGULAR,USD,2026-11-30,P
SPY261130P00739000,2026-09-29 17:28:11+00:00,739.0,8.65,8.18,8.21,0.48999977,6.0048995,3.0,367,0.14682860015869142,False,REGULAR,USD,2026-11-30,P
SPY261130P00740000,2026-09-29 18:34:49+00:00,740.0,8.65,8.37,8.4,0.23999977,2.8537428,27.0,2618,0.14580627151489256,False,REGULAR,USD,2026-11-30,P
SPY261130P00741000,2026-09-29 13:59:33+00:00,741.0,8.47,8.56,8.6,-0.60999966,-6.718058,24.0,139,0.14481446014404298,False,REGULAR,USD,2026-11-30,P
SPY261130P00742000,2026-09-29 14:48:07+00:00,742.0,8.61,8.75,8.79,-0.27000046,-3.0405457,12.0,542,0.14368532104492188,False,REGULAR,USD,2026-11-30,P
SPY261130P00743000,2026-09-28 16:24:38+00:00,743.0,8.42,8.95,8.99,0.0,0.0,2.0,275,0.14260195785522461,False,REGULAR,USD,2026-11-30,P
SPY261130P00744000,2026-09-29 16:12:20+00:00,744.0,9.59,9.15,9.18,0.8600006,9.851096,2.0,503,0.1413812669372559,False,REGULAR,USD,2026-11-30,P
SPY261130P00745000,2026-09-29 18:38:35+00:00,745.0,9.49,9.36,9.4,0.069999695,0.74309653,145.0,682,0.14037419692993164,False,REGULAR,USD,2026-11-30,P
SPY261130P00746000,2026-09-29 17:42:44+00:00,746.0,10.2,9.58,9.62,1.0699997,11.719603,18.0,1021,0.139306092376709,False,REGULAR,USD,2026-11-30,P
SPY261130P00747000,2026-09-29 18:47:08+00:00,747.0,9.84,9.8,9.83,-0.10999966,-1.1055242,9.0,242,0.13810066009521482,False,REGULAR,USD,2026-11-30,P
SPY261130P00748000,2026-09-29 17:03:14+00:00,748.0,10.87,10.02,10.06,0.9499998,9.5766115,1.0,440,0.13703255554199223,False,REGULAR,USD,2026-11-30,P
SPY261130P00749000,2026-09-28 17:21:20+00:00,749.0,9.82,10.26,10.3,0.0,0.0,3.0,454,0.13597970962524414,False,REGULAR,USD,2026-11-30,P
SPY261130P00750000,2026-09-29 18:20:53+00:00,750.0,10.78,10.5,10.55,0.25,2.374169,36.0,3548,0.13495738098144533,False,REGULAR,USD,2026-11-30,P
SPY261130P00751000,2026-09-29 18:05:10+00:00,751.0,11.21,10.75,10.79,0.59000015,5.5555573,3.0,115,0.133797724609375,False,REGULAR,USD,2026-11-30,P
SPY261130P00752000,2026-09-29 18:03:12+00:00,752.0,11.57,11.02,11.06,1.0799999,10.295519,4.0,260,0.132821171875,False,REGULAR,USD,2026-11-30,P
SPY261130P00753000,2026-09-29 18:45:01+00:00,753.0,11.24,11.27,11.31,-0.06000042,-0.53097713,3.0,80,0.13161573959350586,False,REGULAR,USD,2026-11-30,P
SPY261130P00754000,2026-09-29 14:14:53+00:00,754.0,11.76,11.54,11.58,0.94000053,8.687621,2.0,84,0.13053237640380855,False,REGULAR,USD,2026-11-30,P
SPY261130P00755000,2026-09-29 18:43:36+00:00,755.0,11.84,11.81,11.86,-0.03999996,-0.33670002,57.0,357,0.12944901321411134,False,REGULAR,USD,2026-11-30,P
SPY261130P00756000,2026-09-29 16:45:31+00:00,756.0,12.99,12.1,12.14,1.5500002,13.548953,12.0,70,0.1283046154785156,False,REGULAR,USD,2026-11-30,P
SPY261130P00757000,2026-09-29 18:43:37+00:00,757.0,12.42,12.39,12.44,-0.72999954,-5.5513277,1.0,366,0.1272670281982422,False,REGULAR,USD,2026-11-30,P
SPY261130P00758000,2026-09-29 18:36:41+00:00,758.0,13.01,12.69,12.74,0.40999985,3.253967,5.0,208,0.12615314773559572,False,REGULAR,USD,2026-11-30,P
SPY261130P00759000,2026-09-29 14:33:07+00:00,759.0,12.87,13.01,13.06,-0.03999996,-0.30983704,3.0,215,0.12513081909179688,False,REGULAR,USD,2026-11-30,P
SPY261130P00760000,2026-09-29 18:41:34+00:00,760.0,13.25,13.35,13.39,-0.25,-1.8518518,243.0,2507,0.12412374908447266,False,REGULAR,USD,2026-11-30,P
SPY261130P00761000,2026-09-29 18:30:16+00:00,761.0,13.91,13.66,13.71,0.9899998,7.662537,4.0,1115,0.12296409271240236,False,REGULAR,USD,2026-11-30,P
SPY261130P00762000,2026-09-29 18:38:50+00:00,762.0,14.15,14.0,14.06,0.17000008,1.2160234,37.0,452,0.12195702270507813,False,REGULAR,USD,2026-11-30,P
SPY261130P00763000,2026-09-29 18:32:37+00:00,763.0,14.82,14.34,14.4,0.6999998,4.957506,32.0,180,0.12079736633300782,False,REGULAR,USD,2026-11-30,P
SPY261130P00764000,2026-09-29 18:30:16+00:00,764.0,14.97,14.7,14.76,0.35000038,2.3939834,13.0,112,0.11972926177978514,False,REGULAR,USD,2026-11-30,P
SPY261130P00765000,2026-09-29 18:52:01+00:00,765.0,15.15,15.07,15.13,0.09999943,0.664448,235.0,654,0.1186458985900879,True,REGULAR,USD,2026-11-30,P
SPY261130P00766000,2026-09-29 18:24:22+00:00,766.0,15.84,15.46,15.52,0.23999977,1.53846,155.0,720,0.11763882858276367,True,REGULAR,USD,2026-11-30,P
SPY261130P00767000,2026-09-29 18:32:48+00:00,767.0,16.35,15.85,15.91,0.3800001,2.3794622,16.0,578,0.11655546539306641,True,REGULAR,USD,2026-11-30,P
SPY261130P00768000,2026-09-29 18:38:50+00:00,768.0,16.42,16.25,16.32,0.059999466,0.36674488,93.0,473,0.1155483953857422,True,REGULAR,USD,2026-11-30,P
SPY261130P00769000,2026-09-28 19:27:50+00:00,769.0,16.27,16.66,16.72,0.0,0.0,21.0,843,0.11435822174072266,True,REGULAR,USD,2026-11-30,P
SPY261130P00770000,2026-09-29 18:53:36+00:00,770.0,17.12,17.11,17.18,0.050001144,0.29291826,44.0,1174,0.11356477264404297,True,REGULAR,USD,2026-11-30,P
SPY261130P00771000,2026-09-29 18:28:23+00:00,771.0,17.94,17.52,17.59,0.62000084,3.5796816,22.0,301,0.11226778854370115,True,REGULAR,USD,2026-11-30,P
SPY261130P00772000,2026-09-29 18:17:32+00:00,772.0,18.55,18.01,18.07,-0.07999992,-0.42941454,13.0,268,0.11144382217407225,True,REGULAR,USD,2026-11-30,P
SPY261130P00773000,2026-09-29 15:30:59+00:00,773.0,19.51,18.47,18.52,2.0,11.422045,8.0,499,0.11028416580200195,True,REGULAR,USD,2026-11-30,P
SPY261130P00774000,2026-09-25 14:12:53+00:00,774.0,18.49,18.93,18.98,0.19000053,1.0382544,1.0,391,0.1090939921569824,True,REGULAR,USD,2026-11-30,P
SPY261130P00775000,2026-09-29 15:58:08+00:00,775.0,20.37,19.4,19.47,2.9000015,16.599895,12.0,1425,0.10805640487670898,True,REGULAR,USD,2026-11-30,P
SPY261130P00776000,2026-09-28 13:32:59+00:00,776.0,18.48,19.91,19.98,0.0,0.0,9.0,112,0.10706459350585937,True,REGULAR,USD,2026-11-30,P
SPY261130P00777000,2026-09-29 15:28:34+00:00,777.0,21.59,20.36,20.53,1.9899998,10.153059,1.0,189,0.1063016616821289,True,REGULAR,USD,2026-11-30,P
SPY261130P00778000,2026-09-24 15:14:05+00:00,778.0,22.5,20.9,21.07,0.0,0.0,1.0,158,0.10534036758422852,True,REGULAR,USD,2026-11-30,P
SPY261130P00779000,2026-09-21 19:48:43+00:00,779.0,17.55,21.44,21.61,0.0,0.0,10.0,766,0.10427226303100584,True,REGULAR,USD,2026-11-30,P
SPY261130P00780000,2026-09-29 13:52:24+00:00,780.0,23.35,21.97,22.2,2.2299995,10.558709,131.0,840,0.10350933120727537,True,REGULAR,USD,2026-11-30,P
SPY261130P00781000,2026-09-28 19:05:23+00:00,781.0,22.21,22.54,22.76,0.54999924,2.5392394,1.0,624,0.10238019210815427,True,REGULAR,USD,2026-11-30,P
SPY261130P00782000,2026-09-21 20:10:45+00:00,782.0,19.24,23.14,23.34,0.0,0.0,369.0,360,0.10129682891845701,True,REGULAR,USD,2026-11-30,P
SPY261130P00783000,2026-09-22 13:40:35+00:00,783.0,19.06,23.71,23.92,0.0,0.0,3.0,168,0.10007613800048829,True,REGULAR,USD,2026-11-30,P
SPY261130P00784000,2026-09-21 18:55:44+00:00,784.0,19.81,24.31,24.55,0.0,0.0,470.0,469,0.09917587844848633,True,REGULAR,USD,2026-11-30,P
SPY261130P00785000,2026-09-28 13:34:08+00:00,785.0,23.6,24.94,25.19,0.0,0.0,2.0,299,0.09824510162353516,True,REGULAR,USD,2026-11-30,P
SPY261130P00786000,2026-08-28 13:50:15+00:00,786.0,25.63,25.58,25.81,0.0,0.0,,65,0.09696337615966799,True,REGULAR,USD,2026-11-30,P
SPY261130P00787000,2026-09-08 18:48:58+00:00,787.0,28.52,26.2,26.52,0.0,0.0,,1,0.09644458251953125,True,REGULAR,USD,2026-11-30,P
SPY261130P00788000,2026-09-29 18:05:51+00:00,788.0,27.67,26.89,27.14,6.01,27.747,40.0,281,0.09485768432617189,True,REGULAR,USD,2026-11-30,P
SPY261130P00789000,2026-09-08 15:26:42+00:00,789.0,28.59,27.6,27.87,0.0,0.0,31.0,32,0.09427785614013673,True,REGULAR,USD,2026-11-30,P
SPY261130P00790000,2026-09-29 15:36:24+00:00,790.0,28.77,28.27,28.59,0.5699997,2.0212755,2.0,301,0.09342337249755861,True,REGULAR,USD,2026-11-30,P
SPY261130P00791000,2026-09-08 17:00:24+00:00,791.0,30.26,29.0,29.3,0.0,0.0,,1,0.09232475067138671,True,REGULAR,USD,2026-11-30,P
SPY261130P00792000,2026-09-28 15:25:13+00:00,792.0,30.05,29.69,31.34,0.0,0.0,1.0,6,0.10590493713378905,True,REGULAR,USD,2026-11-30,P
SPY261130P00794000,2026-09-10 15:12:25+00:00,794.0,38.55,31.17,32.71,0.0,0.0,10.0,22,0.10329571029663084,True,REGULAR,USD,2026-11-30,P
SPY261130P00795000,2026-09-28 13:30:18+00:00,795.0,30.0,30.81,33.44,0.0,0.0,1.0,67,0.10227338165283201,True,REGULAR,USD,2026-11-30,P
SPY261130P00796000,2026-09-08 13:53:48+00:00,796.0,34.2,31.38,33.1,0.0,0.0,,10,0.08710629699707033,True,REGULAR,USD,2026-11-30,P
SPY261130P00800000,2026-09-25 16:11:09+00:00,800.0,30.76,34.54,38.0,0.0,0.0,18.0,52,0.10685097259521485,True,REGULAR,USD,2026-11-30,P
SPY261130P00805000,2026-09-28 13:36:04+00:00,805.0,38.54,39.06,42.55,0.0,0.0,1.0,7,0.11011632080078124,True,REGULAR,USD,2026-11-30,P
SPY261130P00807000,2026-09-23 14:53:42+00:00,807.0,37.53,40.96,43.9,0.0,0.0,,2,0.10361614166259764,True,REGULAR,USD,2026-11-30,P
SPY261130P00810000,2026-09-28 13:32:26+00:00,810.0,42.0,43.88,46.74,0.0,0.0,1.0,322,0.10590493713378905,True,REGULAR,USD,2026-11-30,P
SPY261130P00812000,2026-09-23 13:48:42+00:00,812.0,40.87,45.77,48.72,0.0,0.0,,0,0.10883459533691406,True,REGULAR,USD,2026-11-30,P
SPY261130P00813000,2026-09-23 13:48:42+00:00,813.0,41.8,46.76,49.74,0.0,0.0,2.0,0,0.11084873535156249,True,REGULAR,USD,2026-11-30,P
SPY261130P00814000,2026-09-23 13:48:42+00:00,814.0,42.74,47.76,50.73,0.0,0.0,,0,0.11228304718017576,True,REGULAR,USD,2026-11-30,P
SPY261130P00815000,2026-09-28 13:30:31+00:00,815.0,47.28,48.74,51.72,0.0,0.0,5.0,5,0.11371735900878906,True,REGULAR,USD,2026-11-30,P
SPY261130P00816000,2026-09-25 16:34:04+00:00,816.0,45.2,49.74,52.74,0.0,0.0,1.0,0,0.11570098175048829,True,REGULAR,USD,2026-11-30,P
SPY261130P00820000,2026-09-28 13:30:31+00:00,820.0,52.08,53.65,57.25,0.0,0.0,2.0,0,0.13141737731933595,True,REGULAR,USD,2026-11-30,P
SPY261130P00825000,2026-08-28 19:48:15+00:00,825.0,56.18,58.45,62.38,0.0,0.0,1.0,0,0.14191531921386719,True,REGULAR,USD,2026-11-30,P
SPY261130P00830000,2026-09-04 14:49:44+00:00,830.0,61.0,63.45,67.15,0.0,0.0,15.0,0,0.14579101287841795,True,REGULAR,USD,2026-11-30,P
SPY261130P00835000,2026-09-29 14:35:13+00:00,835.0,69.68,68.45,72.38,-29.269997,-29.580595,1.0,1,0.15796740478515625,True,REGULAR,USD,2026-11-30,P
SPY261130P00840000,2026-08-13 19:09:53+00:00,840.0,61.99,0.0,0.0,0.0,0.0,26.0,0,1.0000000000000003e-05,True,REGULAR,USD,2026-11-30,P
SPY261130P00845000,2026-07-29 15:40:59+00:00,845.0,110.81,74.45,77.97,0.0,0.0,1.0,0,1.0000000000000003e-05,True,REGULAR,USD,2026-11-30,P
SPY261130P00850000,2026-07-23 20:10:27+00:00,850.0,110.88,84.61,87.82,0.0,0.0,1.0,0,0.18946123046875002,True,REGULAR,USD,2026-11-30,P
SPY261130P00860000,2026-09-28 16:12:07+00:00,860.0,94.34,93.45,97.15,0.0,0.0,2.0,2,0.19080399047851562,True,REGULAR,USD,2026-11-30,P
SPY261130P00865000,2026-09-23 19:49:47+00:00,865.0,97.23,98.45,102.25,0.0,0.0,,0,0.20014227600097656,True,REGULAR,USD,2026-11-30,P
SPY261130P00870000,2026-08-06 16:02:26+00:00,870.0,100.21,0.0,0.0,0.0,0.0,,0,1.0000000000000003e-05,True,REGULAR,USD,2026-11-30,P
SPY261130P00885000,2026-08-17 19:39:03+00:00,885.0,112.05,0.0,0.0,0.0,0.0,,0,1.0000000000000003e-05,True,REGULAR,USD,2026-11-30,P
SPY261130P00900000,2026-08-21 15:30:21+00:00,900.0,133.42,0.0,0.0,0.0,0.0,1.0,0,1.0000000000000003e-05,True,REGULAR,USD,2026-11-30,P
SPY261130P00920000,2026-09-18 19:48:50+00:00,920.0,158.41,153.45,157.38,0.0,0.0,1.0,0,0.27674063110351554,True,REGULAR,USD,2026-11-30,P
SPY261218C00150000,2026-09-22 13:40:57+00:00,150.0,626.0,614.36,618.04,0.0,0.0,2.0,3,1.6127949047851562,True,REGULAR,USD,2026-12-18,C
SPY261218C00200000,2026-09-23 18:43:51+00:00,200.0,570.2,564.77,568.38,0.0,0.0,2.0,754,1.382327307128906,True,REGULAR,USD,2026-12-18,C
SPY261218C00210000,2026-09-18 17:58:12+00:00,210.0,551.8,554.92,558.63,0.0,0.0,1.0,382,1.3562043908691406,True,REGULAR,USD,2026-12-18,C
SPY261218C00220000,2026-05-07 13:51:31+00:00,220.0,515.9,519.23,522.72,0.0,0.0,71.0,82,1.0000000000000003e-05,True,REGULAR,USD,2026-12-18,C
SPY261218C00230000,2026-09-08 19:56:56+00:00,230.0,536.7,535.09,538.82,0.0,0.0,2.0,14,1.2829625695800781,True,REGULAR,USD,2026-12-18,C
SPY261218C00240000,2026-07-21 17:15:29+00:00,240.0,511.4,523.79,526.89,0.0,0.0,1.0,27,1.0200244311523439,True,REGULAR,USD,2026-12-18,C
SPY261218C00245000,2025-09-16 17:55:22+00:00,245.0,422.0,424.91,428.79,0.0,0.0,4.0,21,1.0000000000000003e-05,True,REGULAR,USD,2026-12-18,C
SPY261218C00250000,2026-09-23 17:43:57+00:00,250.0,520.47,515.32,518.87,0.0,0.0,1.0,147,1.2110635150146483,True,REGULAR,USD,2026-12-18,C
SPY261218C00255000,2026-09-23 18:41:28+00:00,255.0,515.69,510.38,514.06,0.0,0.0,3.0,4,1.2014200085449218,True,REGULAR,USD,2026-12-18,C
SPY261218C00260000,2026-08-24 14:03:45+00:00,260.0,504.85,505.37,508.97,0.0,0.0,1.0,15,1.1774943469238282,True,REGULAR,USD,2026-12-18,C
SPY261218C00265000,2026-01-02 15:03:32+00:00,265.0,427.58,430.6,434.44,0.0,0.0,2.0,120,1.0000000000000003e-05,True,REGULAR,USD,2026-12-18,C
SPY261218C00270000,2026-06-15 14:47:51+00:00,270.0,486.29,486.36,489.87,0.0,0.0,2.0,65,1.0000000000000003e-05,True,REGULAR,USD,2026-12-18,C
SPY261218C00275000,2026-08-24 14:03:16+00:00,275.0,490.09,490.57,494.06,0.0,0.0,2.0,124,1.1314740692138672,True,REGULAR,USD,2026-12-18,C
SPY261218C00280000,2026-09-08 19:33:29+00:00,280.0,488.33,485.6,489.3,0.0,0.0,2.0,56,1.1229291900634766,True,REGULAR,USD,2026-12-18,C
SPY261218C00285000,2025-08-05 14:43:07+00:00,285.0,353.65,385.58,389.46,0.0,0.0,2.0,103,1.0000000000000003e-05,True,REGULAR,USD,2026-12-18,C
SPY261218C00290000,2026-09-08 19:40:11+00:00,290.0,478.48,475.97,479.27,0.0,0.0,2.0,16,1.0983931799316409,True,REGULAR,USD,2026-12-18,C
SPY261218C00295000,2026-01-13 20:24:47+00:00,295.0,404.0,393.0,397.73,0.0,0.0,1.0,78,1.0000000000000003e-05,True,REGULAR,USD,2026-12-18,C
SPY261218C00300000,2026-09-25 15:50:05+00:00,300.0,468.41,465.81,469.5,-0.9299927,-0.19814904,1.0,240,1.0653122906494141,True,REGULAR,USD,2026-12-18,C
SPY261218C00305000,2026-09-14 14:41:43+00:00,305.0,454.68,460.87,464.55,0.0,0.0,1.0,6,1.0516404840087892,True,REGULAR,USD,2026-12-18,C
SPY261218C00310000,2026-09-23 18:43:14+00:00,310.0,461.42,455.88,459.6,0.0,0.0,2.0,69,1.0365038409423832,True,REGULAR,USD,2026-12-18,C
SPY261218C00315000,2026-09-09 14:25:57+00:00,315.0,449.87,450.96,454.53,0.0,0.0,1.0,147,1.0200244311523439,True,REGULAR,USD,2026-12-18,C
SPY261218C00320000,2026-09-09 15:02:06+00:00,320.0,445.4,445.82,449.59,0.0,0.0,18.0,29,1.0012256970214843,True,REGULAR,USD,2026-12-18,C
SPY261218C00325000,2026-09-21 14:14:01+00:00,325.0,445.5,441.08,444.75,0.0,0.0,1.0,57,0.9973144799804687,True,REGULAR,USD,2026-12-18,C
SPY261218C00330000,2026-09-16 18:00:16+00:00,330.0,432.07,435.98,439.8,0.0,0.0,7.0,16,0.9798585998535156,True,REGULAR,USD,2026-12-18,C
SPY261218C00335000,2026-06-08 14:47:47+00:00,335.0,414.01,422.77,426.28,0.0,0.0,1.0,11,1.0000000000000003e-05,True,REGULAR,USD,2026-12-18,C
SPY261218C00340000,2026-03-27 16:37:41+00:00,340.0,308.13,0.0,0.0,0.0,0.0,11.0,0,1.0000000000000003e-05,True,REGULAR,USD,2026-12-18,C
SPY261218C00345000,2026-05-29 14:19:42+00:00,345.0,416.84,0.0,0.0,0.0,0.0,2.0,0,1.0000000000000003e-05,True,REGULAR,USD,2026-12-18,C
SPY261218C00350000,2026-09-21 14:16:09+00:00,350.0,421.5,416.2,420.01,0.0,0.0,2.0,72,0.9291999267578125,True,REGULAR,USD,2026-12-18,C
SPY261218C00355000,2026-09-22 14:41:37+00:00,355.0,422.18,411.4,415.06,0.0,0.0,1.0,13,0.9204109521484375,True,REGULAR,USD,2026-12-18,C
SPY261218C00360000,2026-07-13 14:16:47+00:00,360.0,396.38,405.64,408.74,0.0,0.0,10.0,21,0.848634326171875,True,REGULAR,USD,2026-12-18,C
SPY261218C00365000,2026-08-14 20:09:33+00:00,365.0,414.5,0.0,0.0,0.0,0.0,1.0,0,1.0000000000000003e-05,True,REGULAR,USD,2026-12-18,C
SPY261218C00370000,2026-09-17 13:54:05+00:00,370.0,393.76,396.56,400.12,0.0,0.0,1.0,109,0.8814098773193357,True,REGULAR,USD,2026-12-18,C
SPY261218C00375000,2026-09-21 14:17:27+00:00,375.0,397.44,391.61,395.28,0.0,0.0,2.0,14,0.8718274536132812,True,REGULAR,USD,2026-12-18,C
SPY261218C00380000,2026-09-17 17:19:53+00:00,380.0,384.83,386.51,390.23,0.0,0.0,2.0,39,0.8540664007568359,True,REGULAR,USD,2026-12-18,C
SPY261218C00385000,2026-09-10 14:20:35+00:00,385.0,375.75,381.58,385.39,0.0,0.0,7.0,26,0.8450943225097656,True,REGULAR,USD,2026-12-18,C
SPY261218C00390000,2026-09-14 15:22:43+00:00,390.0,372.09,376.78,380.44,0.0,0.0,4.0,143,0.8365494860839842,True,REGULAR,USD,2026-12-18,C
SPY261218C00395000,2026-08-20 13:34:46+00:00,395.0,375.82,0.0,0.0,0.0,0.0,100.0,0,1.0000000000000003e-05,True,REGULAR,USD,2026-12-18,C
SPY261218C00400000,2026-09-29 15:05:51+00:00,400.0,368.16,366.9,370.55,-10.139984,-2.6804082,12.0,13714,0.8137225659179688,True,REGULAR,USD,2026-12-18,C
SPY261218C00405000,2026-09-01 15:30:49+00:00,405.0,362.09,361.74,365.61,0.0,0.0,4.0,254,0.7980366876220704,True,REGULAR,USD,2026-12-18,C
SPY261218C00410000,2026-08-24 13:40:14+00:00,410.0,357.69,356.79,360.67,0.0,0.0,2.0,183,0.7868063311767577,True,REGULAR,USD,2026-12-18,C
SPY261218C00415000,2026-09-17 18:04:35+00:00,415.0,350.57,352.04,355.72,0.0,0.0,1.0,329,0.7793601165771484,True,REGULAR,USD,2026-12-18,C
SPY261218C00420000,2026-09-11 14:01:13+00:00,420.0,348.95,346.91,350.78,0.0,0.0,1.0,173,0.764772860107422,True,REGULAR,USD,2026-12-18,C
SPY261218C00425000,2026-09-24 19:29:44+00:00,425.0,347.12,341.96,345.77,0.0,0.0,3.0,280,0.7524438818359375,True,REGULAR,USD,2026-12-18,C
SPY261218C00430000,2026-08-21 20:06:49+00:00,430.0,340.18,0.0,0.0,0.0,0.0,54.0,0,1.0000000000000003e-05,True,REGULAR,USD,2026-12-18,C
SPY261218C00435000,2026-09-10 14:12:39+00:00,435.0,325.92,332.32,335.88,0.0,0.0,7.0,145,0.7351711053466796,True,REGULAR,USD,2026-12-18,C
SPY261218C00440000,2026-09-11 17:57:00+00:00,440.0,329.36,327.37,331.02,0.0,0.0,1.0,336,0.7257107507324219,True,REGULAR,USD,2026-12-18,C
SPY261218C00445000,2026-09-25 16:51:13+00:00,445.0,330.24,322.21,326.08,0.0,0.0,7.0,117,0.7113065979003907,True,REGULAR,USD,2026-12-18,C
SPY261218C00450000,2026-09-29 14:11:25+00:00,450.0,319.85,317.28,321.15,-2.5400085,-0.78786826,6.0,465,0.70117486328125,True,REGULAR,USD,2026-12-18,C
SPY261218C00455000,2026-09-21 13:30:30+00:00,455.0,316.54,312.54,316.21,0.0,0.0,2.0,84,0.6939117523193359,True,REGULAR,USD,2026-12-18,C
SPY261218C00460000,2026-08-26 14:36:50+00:00,460.0,310.16,307.41,311.27,0.0,0.0,2.0,224,0.6804231176757813,True,REGULAR,USD,2026-12-18,C
SPY261218C00465000,2026-09-10 19:54:35+00:00,465.0,297.1,302.68,306.34,0.0,0.0,2.0,92,0.6735262139892579,True,REGULAR,USD,2026-12-18,C
SPY261218C00470000,2026-09-10 19:14:10+00:00,470.0,292.17,297.77,301.4,0.0,0.0,2.0,246,0.6635775830078127,True,REGULAR,USD,2026-12-18,C
SPY261218C00475000,2026-09-22 17:01:40+00:00,475.0,303.89,292.81,296.47,0.0,0.0,1.0,1084,0.6530796411132813,True,REGULAR,USD,2026-12-18,C
SPY261218C00480000,2026-09-17 17:15:28+00:00,480.0,290.55,287.67,291.53,4.3499756,1.5199076,1.0,193,0.6398961791992188,True,REGULAR,USD,2026-12-18,C
SPY261218C00485000,2026-09-24 16:25:36+00:00,485.0,285.68,282.96,286.6,-1.0599976,-0.36967203,1.0,877,0.6331213446044923,True,REGULAR,USD,2026-12-18,C
SPY261218C00490000,2026-09-28 17:36:44+00:00,490.0,282.65,278.04,281.67,0.0,0.0,1.0,820,0.6233558172607423,True,REGULAR,USD,2026-12-18,C
SPY261218C00495000,2026-09-21 14:32:01+00:00,495.0,279.93,273.11,276.75,0.0,0.0,1.0,1960,0.6135902899169923,True,REGULAR,USD,2026-12-18,C
SPY261218C00500000,2026-09-25 19:28:54+00:00,500.0,275.67,268.17,271.75,0.0,0.0,1.0,3699,0.6026651062011721,True,REGULAR,USD,2026-12-18,C
SPY261218C00505000,2026-09-23 15:00:05+00:00,505.0,271.09,263.27,266.79,0.0,0.0,3.0,1432,0.5928385443115236,True,REGULAR,USD,2026-12-18,C
SPY261218C00510000,2026-09-23 15:00:05+00:00,510.0,266.15,258.11,261.97,0.0,0.0,3.0,1963,0.5815471533203125,True,REGULAR,USD,2026-12-18,C
SPY261218C00515000,2026-09-22 19:03:47+00:00,515.0,255.92,253.42,256.93,-8.580002,-3.243857,1.0,2045,0.5734600759887696,True,REGULAR,USD,2026-12-18,C
SPY261218C00520000,2026-09-28 19:26:23+00:00,520.0,251.83,248.27,252.12,0.0,0.0,2.0,3019,0.5625043750000001,True,REGULAR,USD,2026-12-18,C
SPY261218C00525000,2026-09-18 16:26:33+00:00,525.0,239.78,243.56,247.15,0.0,0.0,1.0,853,0.5549971258544923,True,REGULAR,USD,2026-12-18,C
SPY261218C00530000,2026-09-29 14:58:58+00:00,530.0,240.78,238.42,242.28,-5.2400055,-2.1299102,1.0,2121,0.5435226312255861,True,REGULAR,USD,2026-12-18,C
SPY261218C00535000,2026-09-22 18:21:19+00:00,535.0,245.34,233.51,237.36,0.0,0.0,1.0,2370,0.5342453802490235,True,REGULAR,USD,2026-12-18,C
SPY261218C00540000,2026-09-28 14:45:18+00:00,540.0,231.32,228.81,232.43,0.0,0.0,1.0,3483,0.5271958901977539,True,REGULAR,USD,2026-12-18,C
SPY261218C00545000,2026-09-25 14:28:26+00:00,545.0,228.28,223.74,227.53,0.0,0.0,1.0,1686,0.5163622583007812,True,REGULAR,USD,2026-12-18,C
SPY261218C00550000,2026-09-29 16:30:57+00:00,550.0,219.65,218.84,222.62,-1.8200073,-0.82178503,1.0,3962,0.5072681109619142,True,REGULAR,USD,2026-12-18,C
SPY261218C00555000,2026-09-18 20:11:13+00:00,555.0,215.0,214.06,217.71,0.0,0.0,3.0,1649,0.5351608984375,True,REGULAR,USD,2026-12-18,C
SPY261218C00560000,2026-09-28 19:26:23+00:00,560.0,212.55,209.01,212.8,0.0,0.0,4.0,1917,0.5251817501831054,True,REGULAR,USD,2026-12-18,C
SPY261218C00565000,2026-09-25 13:39:00+00:00,565.0,211.21,204.02,207.9,0.0,0.0,18.0,1684,0.5154162228393554,True,REGULAR,USD,2026-12-18,C
SPY261218C00570000,2026-09-22 19:38:11+00:00,570.0,211.7,199.37,202.9,0.0,0.0,12.0,5213,0.5038806936645508,True,REGULAR,USD,2026-12-18,C
SPY261218C00575000,2026-09-25 18:24:27+00:00,575.0,202.78,194.31,198.1,0.0,0.0,2.0,845,0.4958546508789063,True,REGULAR,USD,2026-12-18,C
SPY261218C00580000,2026-09-23 19:46:43+00:00,580.0,194.93,189.34,193.17,0.0,0.0,3.0,1988,0.48560084716796875,True,REGULAR,USD,2026-12-18,C
SPY261218C00585000,2026-09-29 15:04:21+00:00,585.0,184.86,184.47,188.31,-4.649994,-2.4536932,8.0,942,0.47650669982910154,True,REGULAR,USD,2026-12-18,C
SPY261218C00590000,2026-09-24 19:32:42+00:00,590.0,184.86,179.58,183.43,0.0,0.0,4.0,2434,0.4670463452148438,True,REGULAR,USD,2026-12-18,C
SPY261218C00595000,2026-09-24 17:03:19+00:00,595.0,180.4,174.75,178.54,0.0,0.0,1.0,1512,0.45740288696289066,True,REGULAR,USD,2026-12-18,C
SPY261218C00600000,2026-09-28 18:41:16+00:00,600.0,173.74,170.03,173.6,0.0,0.0,28.0,4502,0.446996496887207,True,REGULAR,USD,2026-12-18,C
SPY261218C00605000,2026-09-28 17:35:40+00:00,605.0,168.95,164.93,168.75,0.0,0.0,18.0,2746,0.4379633840942383,True,REGULAR,USD,2026-12-18,C
SPY261218C00610000,2026-09-29 18:46:20+00:00,610.0,162.05,160.08,163.92,4.0899963,2.5892606,2.0,1357,0.4291744094848633,True,REGULAR,USD,2026-12-18,C
SPY261218C00615000,2026-09-25 14:26:50+00:00,615.0,160.65,155.22,159.06,0.0,0.0,95.0,1467,0.4198971585083008,True,REGULAR,USD,2026-12-18,C
SPY261218C00620000,2026-09-25 17:39:15+00:00,620.0,158.61,150.38,154.16,0.0,0.0,1.0,2731,0.4100400793457031,True,REGULAR,USD,2026-12-18,C
SPY261218C00625000,2026-09-24 18:04:00+00:00,625.0,149.37,145.62,149.36,0.0,0.0,3.0,1624,0.4015105015563965,True,REGULAR,USD,2026-12-18,C
SPY261218C00630000,2026-09-29 16:07:38+00:00,630.0,141.1,140.83,144.52,-3.2399902,-2.2446933,3.0,904,0.3923705783081054,True,REGULAR,USD,2026-12-18,C
SPY261218C00635000,2026-09-29 15:26:56+00:00,635.0,136.09,136.56,139.55,0.769989,0.5690134,1.0,1766,0.38147591186523433,True,REGULAR,USD,2026-12-18,C
SPY261218C00640000,2026-09-21 16:32:53+00:00,640.0,141.65,131.75,134.73,0.0,0.0,16.0,2240,0.3725038336181641,True,REGULAR,USD,2026-12-18,C
SPY261218C00645000,2026-09-18 19:32:55+00:00,645.0,127.75,126.92,129.86,0.0,0.0,19.0,1155,0.36284511672973635,True,REGULAR,USD,2026-12-18,C
SPY261218C00650000,2026-09-29 18:15:49+00:00,650.0,122.51,121.62,124.36,-0.8299942,-0.6729319,8.0,3525,0.34534346069335936,True,REGULAR,USD,2026-12-18,C
SPY261218C00655000,2026-09-29 15:52:33+00:00,655.0,117.39,116.8,120.48,-6.959999,-5.597104,328.0,1090,0.34763225616455073,True,REGULAR,USD,2026-12-18,C
SPY261218C00660000,2026-09-28 16:50:50+00:00,660.0,116.69,112.04,115.52,0.0,0.0,4.0,1385,0.33667655517578127,True,REGULAR,USD,2026-12-18,C
SPY261218C00665000,2026-09-25 18:17:23+00:00,665.0,115.88,107.83,110.82,0.0,0.0,7.0,1647,0.3286199951171874,True,REGULAR,USD,2026-12-18,C
SPY261218C00670000,2026-09-28 19:26:23+00:00,670.0,106.08,102.58,105.77,0.0,0.0,7.0,2360,0.3165656723022461,True,REGULAR,USD,2026-12-18,C
SPY261218C00675000,2026-09-29 13:50:17+00:00,675.0,100.47,97.84,101.33,-0.9000015,-0.8878381,1.0,4289,0.31107256317138665,True,REGULAR,USD,2026-12-18,C
SPY261218C00680000,2026-09-29 13:33:03+00:00,680.0,93.94,93.2,96.65,-2.0799942,-2.1662095,8.0,4708,0.30277186492919916,True,REGULAR,USD,2026-12-18,C
SPY261218C00685000,2026-09-29 15:14:19+00:00,685.0,91.0,88.57,92.11,-0.19999695,-0.2192949,3.0,2825,0.2956918576049804,True,REGULAR,USD,2026-12-18,C
SPY261218C00690000,2026-09-29 18:39:28+00:00,690.0,85.09,83.94,85.96,-3.380005,-3.8205097,4.0,3473,0.2723156265258788,True,REGULAR,USD,2026-12-18,C
SPY261218C00695000,2026-09-28 15:45:11+00:00,695.0,81.66,80.88,82.87,0.0,0.0,1.0,2166,0.2791820129394531,True,REGULAR,USD,2026-12-18,C
SPY261218C00700000,2026-09-29 17:23:05+00:00,700.0,75.19,75.02,78.07,-3.649994,-4.629622,4.0,10096,0.26891295059204096,True,REGULAR,USD,2026-12-18,C
SPY261218C00705000,2026-09-29 15:12:33+00:00,705.0,71.33,70.59,73.44,-2.3799973,-3.228866,1.0,3574,0.2600171655273438,True,REGULAR,USD,2026-12-18,C
SPY261218C00710000,2026-09-29 15:22:42+00:00,710.0,66.26,66.24,68.89,-2.959999,-4.2762194,1.0,7392,0.25157913955688477,True,REGULAR,USD,2026-12-18,C
SPY261218C00715000,2026-09-28 18:45:39+00:00,715.0,64.73,61.91,63.38,0.0,0.0,20.0,2504,0.2345657598876953,True,REGULAR,USD,2026-12-18,C
SPY261218C00720000,2026-09-29 17:14:07+00:00,720.0,57.18,57.29,58.99,-3.579998,-5.892031,56.0,4486,0.2270890280151367,True,REGULAR,USD,2026-12-18,C
SPY261218C00721000,2026-09-24 16:16:41+00:00,721.0,60.93,56.69,58.08,0.0,0.0,,1,0.22527325027465817,True,REGULAR,USD,2026-12-18,C
SPY261218C00725000,2026-09-28 17:11:32+00:00,725.0,57.65,54.36,54.67,0.0,0.0,5.0,5045,0.21974962387084956,True,REGULAR,USD,2026-12-18,C
SPY261218C00730000,2026-09-28 19:12:00+00:00,730.0,49.05,50.12,50.42,-2.709999,-5.2357016,3.0,8449,0.21250177154541017,True,REGULAR,USD,2026-12-18,C
SPY261218C00735000,2026-09-29 18:31:18+00:00,735.0,45.5,45.99,46.24,-3.0699997,-6.3207736,2.0,4548,0.20526917785644527,True,REGULAR,USD,2026-12-18,C
SPY261218C00740000,2026-09-29 18:14:28+00:00,740.0,41.43,41.96,42.19,-1.4099998,-3.2913163,2.0,6887,0.19844856735229488,True,REGULAR,USD,2026-12-18,C
SPY261218C00742000,2026-09-28 20:13:42+00:00,742.0,41.24,40.38,40.6,0.0,0.0,1.0,3,0.19576304733276367,True,REGULAR,USD,2026-12-18,C
SPY261218C00745000,2026-09-29 15:12:33+00:00,745.0,36.88,38.06,38.24,-2.0200005,-5.192803,2.0,8246,0.1917042500305176,True,REGULAR,USD,2026-12-18,C
SPY261218C00750000,2026-09-29 18:38:23+00:00,750.0,34.03,34.24,34.43,-1.2700005,-3.5977352,71.0,29814,0.18523458816528315,True,REGULAR,USD,2026-12-18,C
SPY261218C00753000,2026-09-29 14:21:17+00:00,753.0,32.28,32.01,32.19,-3.0600014,-8.658747,5.0,19,0.18129785995483394,True,REGULAR,USD,2026-12-18,C
SPY261218C00754000,2026-09-24 20:12:45+00:00,754.0,33.81,31.29,31.5,0.0,0.0,,1,0.18032130722045897,True,REGULAR,USD,2026-12-18,C
SPY261218C00755000,2026-09-29 17:04:09+00:00,755.0,29.39,30.62,30.75,-1.8600006,-5.952002,16.0,10558,0.1788793660736084,True,REGULAR,USD,2026-12-18,C
SPY261218C00758000,2026-09-29 13:47:22+00:00,758.0,28.89,28.48,28.62,-0.73000145,-2.4645557,17.0,17,0.17517914672851562,True,REGULAR,USD,2026-12-18,C
SPY261218C00760000,2026-09-29 18:41:14+00:00,760.0,27.5,27.11,27.27,-0.39999962,-1.4336904,92.0,15303,0.17301242034912112,True,REGULAR,USD,2026-12-18,C
SPY261218C00763000,2026-09-29 17:41:31+00:00,763.0,24.08,25.08,25.23,-1.8199997,-7.027026,19.0,2,0.16935797691345214,True,REGULAR,USD,2026-12-18,C
SPY261218C00764000,2026-09-29 18:39:33+00:00,764.0,24.54,24.42,24.55,-0.65999985,-2.619047,37.0,21,0.1680533634948731,True,REGULAR,USD,2026-12-18,C
SPY261218C00765000,2026-09-29 18:41:13+00:00,765.0,24.19,23.81,23.89,-0.43999863,-1.7864338,436.0,13278,0.16684793121337893,False,REGULAR,USD,2026-12-18,C
SPY261218C00766000,2026-09-29 18:23:09+00:00,766.0,23.08,23.18,23.22,-0.9200001,-3.8333337,11.0,353,0.1655204298400879,False,REGULAR,USD,2026-12-18,C
SPY261218C00767000,2026-09-29 18:29:15+00:00,767.0,22.2,22.55,22.58,-1.0299988,-4.4339166,66.0,360,0.16436077346801758,False,REGULAR,USD,2026-12-18,C
SPY261218C00768000,2026-09-29 17:08:47+00:00,768.0,20.88,21.94,21.98,-2.0700016,-9.019614,18.0,103,0.16342999664306646,False,REGULAR,USD,2026-12-18,C
SPY261218C00769000,2026-09-29 18:41:51+00:00,769.0,21.56,21.33,21.37,-0.5699997,-2.575688,30.0,49,0.16239240936279298,False,REGULAR,USD,2026-12-18,C
SPY261218C00770000,2026-09-29 18:43:09+00:00,770.0,20.83,20.72,20.77,-0.6700001,-3.1162794,111.0,16300,0.1613700807189941,False,REGULAR,USD,2026-12-18,C
SPY261218C00771000,2026-09-29 18:22:43+00:00,771.0,19.86,20.12,20.15,-1.0699997,-5.1122775,25.0,1048,0.1601493898010254,False,REGULAR,USD,2026-12-18,C
SPY261218C00772000,2026-09-29 18:41:55+00:00,772.0,19.78,19.55,19.58,-1.5299988,-7.1797223,18.0,129,0.15923387161254882,False,REGULAR,USD,2026-12-18,C
SPY261218C00773000,2026-09-29 18:42:04+00:00,773.0,19.22,18.97,19.01,-1.1200008,-5.5063953,17.0,338,0.15827257751464846,False,REGULAR,USD,2026-12-18,C
SPY261218C00774000,2026-09-29 18:22:55+00:00,774.0,18.08,18.41,18.44,-2.7399998,-13.160421,113.0,86,0.1572655075073242,False,REGULAR,USD,2026-12-18,C
SPY261218C00775000,2026-09-29 18:41:37+00:00,775.0,18.04,17.85,17.9,-0.76999855,-4.0935597,106.0,12209,0.1564110238647461,False,REGULAR,USD,2026-12-18,C
SPY261218C00776000,2026-09-29 17:51:30+00:00,776.0,16.48,17.29,17.33,-2.25,-12.012814,44.0,61,0.15528188476562502,False,REGULAR,USD,2026-12-18,C
SPY261218C00777000,2026-09-29 18:47:41+00:00,777.0,16.66,16.75,16.8,-1.6200008,-8.862149,793.0,811,0.1543968838500977,False,REGULAR,USD,2026-12-18,C
SPY261218C00778000,2026-09-29 18:51:52+00:00,778.0,16.22,16.21,16.25,-1.5,-8.465012,31.0,455,0.15329826202392582,False,REGULAR,USD,2026-12-18,C
SPY261218C00779000,2026-09-29 18:52:02+00:00,779.0,15.72,15.72,15.76,-1.3399992,-7.8546267,62.0,174,0.15258110610961917,False,REGULAR,USD,2026-12-18,C
SPY261218C00780000,2026-09-29 18:49:33+00:00,780.0,15.17,15.21,15.26,-0.75,-4.7110553,477.0,29975,0.15174188110351564,False,REGULAR,USD,2026-12-18,C
SPY261218C00781000,2026-09-29 18:26:05+00:00,781.0,14.43,14.71,14.74,-0.9399996,-6.115807,22.0,328,0.15068903518676763,False,REGULAR,USD,2026-12-18,C
SPY261218C00782000,2026-09-29 18:22:43+00:00,782.0,13.99,14.21,14.24,-0.82000065,-5.5368032,62.0,174,0.14972774108886722,False,REGULAR,USD,2026-12-18,C
SPY261218C00783000,2026-09-29 18:22:43+00:00,783.0,13.52,13.72,13.76,-1.4199991,-9.50468,19.0,127,0.14885799880981443,False,REGULAR,USD,2026-12-18,C
SPY261218C00784000,2026-09-29 18:22:57+00:00,784.0,13.15,13.26,13.3,-0.6300001,-4.571844,16.0,71,0.14806454971313482,False,REGULAR,USD,2026-12-18,C
SPY261218C00785000,2026-09-29 17:57:10+00:00,785.0,12.3,12.81,12.85,-1.3999996,-10.218976,40.0,18108,0.1472863592529297,False,REGULAR,USD,2026-12-18,C
SPY261218C00786000,2026-09-29 18:49:33+00:00,786.0,12.35,12.38,12.42,-1.3999996,-10.181816,37.0,63,0.14659972061157228,False,REGULAR,USD,2026-12-18,C
SPY261218C00787000,2026-09-29 18:42:39+00:00,787.0,12.09,11.94,11.98,-1.5299997,-11.233478,18.0,87,0.14579101287841795,False,REGULAR,USD,2026-12-18,C
SPY261218C00788000,2026-09-29 15:02:15+00:00,788.0,11.42,11.52,11.56,-0.5799999,-4.8333325,9.0,139,0.14505859832763673,False,REGULAR,USD,2026-12-18,C
SPY261218C00789000,2026-09-29 18:51:39+00:00,789.0,11.1,11.09,11.13,-1.3199997,-10.628016,32.0,33,0.14418885604858395,False,REGULAR,USD,2026-12-18,C
SPY261218C00790000,2026-09-29 18:48:03+00:00,790.0,10.65,10.71,10.74,-0.4800005,-4.312673,260.0,13803,0.1435479933166504,False,REGULAR,USD,2026-12-18,C
SPY261218C00791000,2026-09-29 18:22:43+00:00,791.0,10.12,10.31,10.34,-0.7300005,-6.7281146,9.0,35,0.14278506149291992,False,REGULAR,USD,2026-12-18,C
SPY261218C00792000,2026-09-29 15:58:25+00:00,792.0,9.42,9.93,9.97,-2.4899998,-20.9068,11.0,195,0.14218997467041017,False,REGULAR,USD,2026-12-18,C
SPY261218C00793000,2026-09-29 17:57:43+00:00,793.0,8.88,9.55,9.58,-1.7200003,-16.226418,13.0,37,0.14136600830078128,False,REGULAR,USD,2026-12-18,C
SPY261218C00794000,2026-09-29 18:22:43+00:00,794.0,9.03,9.2,9.22,-0.72000027,-7.3846183,22.0,156,0.14070988693237307,False,REGULAR,USD,2026-12-18,C
SPY261218C00795000,2026-09-29 18:52:04+00:00,795.0,8.86,8.84,8.88,-0.46000004,-4.9356227,38.0,10524,0.1401605760192871,False,REGULAR,USD,2026-12-18,C
SPY261218C00796000,2026-09-29 18:40:56+00:00,796.0,8.6,8.51,8.55,-0.019999504,-0.23201281,16.0,1039,0.1396265237426758,False,REGULAR,USD,2026-12-18,C
SPY261218C00797000,2026-09-29 18:28:53+00:00,797.0,8.02,8.18,8.22,-1.1099997,-12.157719,23.0,443,0.13903143692016606,False,REGULAR,USD,2026-12-18,C
SPY261218C00798000,2026-09-29 18:28:12+00:00,798.0,7.68,7.86,7.88,-1.6600003,-17.773022,1171.0,360,0.13828376373291018,False,REGULAR,USD,2026-12-18,C
SPY261218C00799000,2026-09-29 18:34:58+00:00,799.0,7.32,7.55,7.58,-0.5899997,-7.458909,42.0,73,0.13779548736572267,False,REGULAR,USD,2026-12-18,C
SPY261218C00800000,2026-09-29 18:44:24+00:00,800.0,7.3,7.26,7.28,-0.2999997,-3.9473648,830.0,70700,0.13724617645263676,False,REGULAR,USD,2026-12-18,C
SPY261218C00801000,2026-09-29 18:22:43+00:00,801.0,6.81,6.96,6.99,-0.3699999,-5.153202,47.0,271,0.13672738281250002,False,REGULAR,USD,2026-12-18,C
SPY261218C00802000,2026-09-29 17:31:16+00:00,802.0,6.7,6.69,6.71,-0.77,-10.3078985,14.0,188,0.1362238478088379,False,REGULAR,USD,2026-12-18,C
SPY261218C00803000,2026-09-29 18:28:12+00:00,803.0,6.25,6.41,6.45,-1.0799999,-14.733969,220.0,35,0.13584238189697267,False,REGULAR,USD,2026-12-18,C
SPY261218C00804000,2026-09-29 18:22:41+00:00,804.0,6.28,6.16,6.19,-0.52999973,-7.7826686,474.0,222,0.13538462280273442,False,REGULAR,USD,2026-12-18,C
SPY261218C00805000,2026-09-29 18:28:48+00:00,805.0,5.77,5.9,5.93,-0.42000008,-6.7851386,466.0,16336,0.1348658291625977,False,REGULAR,USD,2026-12-18,C
SPY261218C00806000,2026-09-29 18:40:26+00:00,806.0,5.67,5.65,5.68,-0.42000008,-6.896553,201.0,28,0.1343775527954102,False,REGULAR,USD,2026-12-18,C
SPY261218C00807000,2026-09-29 18:28:12+00:00,807.0,5.28,5.42,5.45,-0.33999968,-6.0498166,313.0,45,0.13401134552001953,False,REGULAR,USD,2026-12-18,C
SPY261218C00808000,2026-09-29 18:28:51+00:00,808.0,5.07,5.2,5.22,-1.1599998,-18.61958,839.0,24,0.13358410369873047,False,REGULAR,USD,2026-12-18,C
SPY261218C00809000,2026-09-29 16:10:51+00:00,809.0,4.59,4.97,4.99,-0.53999996,-10.526315,9.0,38,0.13308056869506835,False,REGULAR,USD,2026-12-18,C
SPY261218C00810000,2026-09-29 18:40:44+00:00,810.0,4.77,4.75,4.77,-0.25,-4.9800797,422.0,23483,0.1326075509643555,False,REGULAR,USD,2026-12-18,C
SPY261218C00811000,2026-09-29 18:22:44+00:00,811.0,4.44,4.55,4.57,-0.38999987,-8.074532,72.0,57,0.13227186096191407,False,REGULAR,USD,2026-12-18,C
SPY261218C00812000,2026-09-29 18:28:12+00:00,812.0,4.24,4.35,4.37,-0.61000013,-12.577323,292.0,145,0.13187513641357423,False,REGULAR,USD,2026-12-18,C
SPY261218C00813000,2026-09-29 18:23:19+00:00,813.0,4.13,4.16,4.19,-0.089999676,-2.1326938,325.0,76,0.13163099822998048,False,REGULAR,USD,2026-12-18,C
SPY261218C00814000,2026-09-29 18:41:32+00:00,814.0,4.08,3.98,4.01,-0.8000002,-16.393446,93.0,60,0.13132582550048827,False,REGULAR,USD,2026-12-18,C
SPY261218C00815000,2026-09-29 18:52:17+00:00,815.0,3.8,3.8,3.82,-0.20000005,-5.000001,181.0,17614,0.13083754913330076,False,REGULAR,USD,2026-12-18,C
SPY261218C00816000,2026-09-29 18:49:29+00:00,816.0,3.62,3.64,3.66,-0.27000022,-6.94088,72.0,262,0.13062392822265623,False,REGULAR,USD,2026-12-18,C
SPY261218C00817000,2026-09-29 18:22:46+00:00,817.0,3.38,3.47,3.5,-0.3699999,-9.866664,49.0,111,0.13034927276611324,False,REGULAR,USD,2026-12-18,C
SPY261218C00818000,2026-09-29 18:22:43+00:00,818.0,3.22,3.31,3.33,-0.24000001,-6.936416,12.0,28,0.129891513671875,False,REGULAR,USD,2026-12-18,C
SPY261218C00819000,2026-09-29 16:23:19+00:00,819.0,2.92,3.17,3.19,-0.5,-14.619883,15.0,152,0.12973892730712888,False,REGULAR,USD,2026-12-18,C
SPY261218C00820000,2026-09-29 18:41:30+00:00,820.0,3.09,3.02,3.05,-0.10000014,-3.1348007,1011.0,15225,0.12952530639648438,False,REGULAR,USD,2026-12-18,C
SPY261218C00821000,2026-09-29 15:18:16+00:00,821.0,2.73,2.88,2.91,-0.26,-8.695652,9.0,221,0.1292201336669922,False,REGULAR,USD,2026-12-18,C
SPY261218C00822000,2026-09-29 15:12:34+00:00,822.0,2.56,2.74,2.76,-0.43000007,-14.381273,27.0,337,0.1287318572998047,False,REGULAR,USD,2026-12-18,C
SPY261218C00823000,2026-09-29 15:12:32+00:00,823.0,2.49,2.61,2.63,-0.3499999,-12.323941,6.0,380,0.1284572018432617,False,REGULAR,USD,2026-12-18,C
SPY261218C00824000,2026-09-29 18:22:43+00:00,824.0,2.42,2.5,2.52,-0.41999984,-14.788728,8.0,27,0.12839616729736325,False,REGULAR,USD,2026-12-18,C
SPY261218C00825000,2026-09-29 18:39:33+00:00,825.0,2.37,2.39,2.41,-0.09000015,-3.6585426,29.0,15417,0.1282740982055664,False,REGULAR,USD,2026-12-18,C
SPY261218C00830000,2026-09-29 18:50:42+00:00,830.0,1.86,1.87,1.89,-0.13,-6.5326633,965.0,57183,0.12720599365234375,False,REGULAR,USD,2026-12-18,C
SPY261218C00835000,2026-09-29 18:44:39+00:00,835.0,1.48,1.46,1.47,-0.09000003,-5.7324862,339.0,10792,0.12622944091796873,False,REGULAR,USD,2026-12-18,C
SPY261218C00840000,2026-09-29 18:46:08+00:00,840.0,1.15,1.14,1.15,-0.09000003,-7.2580676,791.0,7100,0.1257716818237305,False,REGULAR,USD,2026-12-18,C
SPY261218C00845000,2026-09-29 16:42:43+00:00,845.0,0.79,0.9,0.91,-0.16999996,-17.70833,567.0,5403,0.1258021990966797,False,REGULAR,USD,2026-12-18,C
SPY261218C00850000,2026-09-29 18:29:15+00:00,850.0,0.69,0.7,0.72,-0.050000012,-6.7567577,711.0,11894,0.125985302734375,False,REGULAR,USD,2026-12-18,C
SPY261218C00855000,2026-09-29 18:22:43+00:00,855.0,0.54,0.56,0.58,-0.109999955,-16.92307,111.0,5609,0.12671771728515624,False,REGULAR,USD,2026-12-18,C
SPY261218C00860000,2026-09-29 18:22:43+00:00,860.0,0.43,0.45,0.46,-0.06999999,-13.999998,23.0,3213,0.12708392456054687,False,REGULAR,USD,2026-12-18,C
SPY261218C00865000,2026-09-29 18:22:45+00:00,865.0,0.35,0.36,0.37,-0.120000005,-25.531916,27.0,4102,0.12787737365722657,False,REGULAR,USD,2026-12-18,C
SPY261218C00870000,2026-09-29 18:22:46+00:00,870.0,0.29,0.3,0.31,-0.050000012,-14.705885,1102.0,3012,0.1294032373046875,False,REGULAR,USD,2026-12-18,C
SPY261218C00875000,2026-09-29 16:28:39+00:00,875.0,0.22,0.25,0.26,-0.050000012,-18.518522,2.0,3341,0.13099013549804686,False,REGULAR,USD,2026-12-18,C
SPY261218C00880000,2026-09-28 19:50:03+00:00,880.0,0.22,0.21,0.22,0.0,0.0,138.0,5540,0.13257703369140628,False,REGULAR,USD,2026-12-18,C
SPY261218C00885000,2026-09-29 16:41:02+00:00,885.0,0.16,0.18,0.19,-0.02000001,-11.111116,100.0,4543,0.13453013916015627,False,REGULAR,USD,2026-12-18,C
SPY261218C00890000,2026-09-28 17:41:57+00:00,890.0,0.16,0.15,0.16,-0.02000001,-11.111116,8.0,2288,0.13599496826171875,False,REGULAR,USD,2026-12-18,C
SPY261218C00895000,2026-09-29 17:45:05+00:00,895.0,0.12,0.13,0.14,-0.020000003,-14.285716,3.0,1488,0.1381922119140625,False,REGULAR,USD,2026-12-18,C
SPY261218C00900000,2026-09-29 15:27:16+00:00,900.0,0.11,0.11,0.12,-0.009999998,-8.333331,13.0,8435,0.13990117919921874,False,REGULAR,USD,2026-12-18,C
SPY261218C00905000,2026-09-29 13:30:03+00:00,905.0,0.1,0.1,0.11,-0.029999994,-23.076918,1.0,2626,0.14258669921875,False,REGULAR,USD,2026-12-18,C
SPY261218C00910000,2026-09-28 19:59:36+00:00,910.0,0.09,0.09,0.1,0.0,0.0,35.0,4026,0.1450280810546875,False,REGULAR,USD,2026-12-18,C
SPY261218C00915000,2026-09-28 17:09:05+00:00,915.0,0.08,0.08,0.09,0.0,0.0,1.0,2367,0.147469462890625,False,REGULAR,USD,2026-12-18,C
SPY261218C00920000,2026-09-25 16:44:12+00:00,920.0,0.11,0.07,0.08,0.0,0.0,1.0,704,0.149422568359375,False,REGULAR,USD,2026-12-18,C
SPY261218C00925000,2026-09-28 15:39:09+00:00,925.0,0.06,0.06,0.07,0.0,0.0,1.0,1229,0.15137567382812503,False,REGULAR,USD,2026-12-18,C
SPY261218C00930000,2026-09-29 16:56:59+00:00,930.0,0.05,0.05,0.06,-0.02,-28.571428,28.0,1724,0.15235222656250003,False,REGULAR,USD,2026-12-18,C
SPY261218C00935000,2026-09-21 19:17:31+00:00,935.0,0.12,0.05,0.06,0.0,0.0,2.0,2011,0.1562584375,False,REGULAR,USD,2026-12-18,C
SPY261218C00940000,2026-09-28 18:15:06+00:00,940.0,0.05,0.05,0.06,0.0,0.0,4.0,433,0.1601646484375,False,REGULAR,USD,2026-12-18,C
SPY261218C00945000,2026-09-29 15:53:19+00:00,945.0,0.04,0.04,0.05,-0.030000001,-42.857143,23.0,57,0.1606529248046875,False,REGULAR,USD,2026-12-18,C
SPY261218C00950000,2026-09-29 15:53:22+00:00,950.0,0.04,0.04,0.05,0.0,0.0,23.0,11218,0.16407085937500002,False,REGULAR,USD,2026-12-18,C
SPY261218C00955000,2026-09-25 17:21:26+00:00,955.0,0.04,0.03,0.04,0.0,0.0,2.0,148,0.16407085937500002,False,REGULAR,USD,2026-12-18,C
SPY261218C00960000,2026-09-24 17:34:10+00:00,960.0,0.04,0.03,0.04,0.0,0.0,24.0,945,0.16797707031250003,False,REGULAR,USD,2026-12-18,C
SPY261218C00965000,2026-09-25 18:34:40+00:00,965.0,0.03,0.03,0.04,0.0,0.0,1.0,571,0.17090672851562502,False,REGULAR,USD,2026-12-18,C
SPY261218C00970000,2026-09-28 18:59:00+00:00,970.0,0.03,0.02,0.03,0.0,0.0,100.0,1388,0.16993017578125003,False,REGULAR,USD,2026-12-18,C
SPY261218C00975000,2026-09-29 13:48:06+00:00,975.0,0.03,0.02,0.03,0.0,0.0,1.0,1098,0.17383638671875,False,REGULAR,USD,2026-12-18,C
SPY261218C00980000,2026-09-22 19:20:05+00:00,980.0,0.04,0.02,0.03,0.0,0.0,24.0,1322,0.176766044921875,False,REGULAR,USD,2026-12-18,C
SPY261218C00985000,2026-09-16 15:47:36+00:00,985.0,0.03,0.02,0.03,0.0,0.0,100.0,640,0.179695703125,False,REGULAR,USD,2026-12-18,C
SPY261218C00990000,2026-09-08 19:15:25+00:00,990.0,0.05,0.02,0.03,0.0,0.0,3.0,868,0.18360191406249998,False,REGULAR,USD,2026-12-18,C
SPY261218C00995000,2026-09-25 18:34:55+00:00,995.0,0.02,0.02,0.03,-0.01,-33.333336,13.0,2337,0.186531572265625,False,REGULAR,USD,2026-12-18,C
SPY261218C01000000,2026-09-29 14:11:49+00:00,1000.0,0.02,0.02,0.03,-0.01,-33.333336,10.0,2913,0.18946123046875002,False,REGULAR,USD,2026-12-18,C
SPY261218P00150000,2026-09-29 15:16:31+00:00,150.0,0.01,0.0,0.01,0.0,0.0,1.0,35477,0.9531254687499999,False,REGULAR,USD,2026-12-18,P
SPY261218P00200000,2026-09-29 15:26:28+00:00,200.0,0.02,0.01,0.02,0.0,0.0,1.0,32336,0.8437515624999999,False,REGULAR,USD,2026-12-18,P
SPY261218P00210000,2026-09-17 19:59:19+00:00,210.0,0.02,0.01,0.02,0.0,0.0,6.0,4816,0.8125018749999999,False,REGULAR,USD,2026-12-18,P
SPY261218P00220000,2026-09-24 15:57:18+00:00,220.0,0.03,0.02,0.03,0.0,0.0,400.0,3304,0.8164080859374999,False,REGULAR,USD,2026-12-18,P
SPY261218P00230000,2026-09-28 16:16:03+00:00,230.0,0.03,0.02,0.03,0.0,0.0,900.0,8617,0.789064609375,False,REGULAR,USD,2026-12-18,P
SPY261218P00240000,2026-09-29 13:30:01+00:00,240.0,0.03,0.02,0.03,-0.01,-25.0,2.0,49942,0.7617211328125001,False,REGULAR,USD,2026-12-18,P
SPY261218P00245000,2026-09-29 13:34:53+00:00,245.0,0.03,0.03,0.04,-0.01,-25.0,400.0,520,0.7695335546875001,False,REGULAR,USD,2026-12-18,P
SPY261218P00250000,2026-09-28 14:45:22+00:00,250.0,0.04,0.03,0.04,0.0,0.0,800.0,4936,0.7539087109375,False,REGULAR,USD,2026-12-18,P
SPY261218P00255000,2026-09-28 15:57:28+00:00,255.0,0.04,0.03,0.04,0.0,0.0,20.0,1645,0.7421900781249999,False,REGULAR,USD,2026-12-18,P
SPY261218P00260000,2026-09-23 15:15:21+00:00,260.0,0.04,0.03,0.04,0.0,0.0,4.0,5243,0.7304714453125,False,REGULAR,USD,2026-12-18,P
SPY261218P00265000,2026-09-25 16:06:08+00:00,265.0,0.05,0.04,0.05,0.0,0.0,3.0,255,0.7324245507812499,False,REGULAR,USD,2026-12-18,P
SPY261218P00270000,2026-09-24 14:23:23+00:00,270.0,0.06,0.04,0.05,0.0,0.0,2.0,686,0.7187528125,False,REGULAR,USD,2026-12-18,P
SPY261218P00275000,2026-09-29 17:28:34+00:00,275.0,0.05,0.04,0.05,0.0,0.0,6.0,5553,0.7070341796875,False,REGULAR,USD,2026-12-18,P
SPY261218P00280000,2026-09-29 14:50:19+00:00,280.0,0.06,0.05,0.06,0.0,0.0,100.0,4638,0.7070341796875,False,REGULAR,USD,2026-12-18,P
SPY261218P00285000,2026-09-24 15:59:34+00:00,285.0,0.08,0.05,0.06,0.0,0.0,2.0,749,0.6953155468750001,False,REGULAR,USD,2026-12-18,P
SPY261218P00290000,2026-09-25 18:33:34+00:00,290.0,0.07,0.05,0.06,0.0,0.0,1.0,14826,0.6835969140625001,False,REGULAR,USD,2026-12-18,P
SPY261218P00295000,2026-09-24 15:59:57+00:00,295.0,0.08,0.06,0.07,0.0,0.0,5.0,2503,0.6816438085937502,False,REGULAR,USD,2026-12-18,P
SPY261218P00300000,2026-09-25 18:17:44+00:00,300.0,0.07,0.06,0.07,0.0,0.0,12.0,9219,0.6699251757812501,False,REGULAR,USD,2026-12-18,P
SPY261218P00305000,2026-09-28 16:37:13+00:00,305.0,0.07,0.06,0.07,0.0,0.0,7.0,668,0.65820654296875,False,REGULAR,USD,2026-12-18,P
SPY261218P00310000,2026-09-28 19:53:41+00:00,310.0,0.08,0.07,0.08,0.0,0.0,5.0,2214,0.6562534375000001,False,REGULAR,USD,2026-12-18,P
SPY261218P00315000,2026-09-29 16:49:38+00:00,315.0,0.08,0.07,0.08,0.0,0.0,5.0,1038,0.6445348046875,False,REGULAR,USD,2026-12-18,P
SPY261218P00320000,2026-09-29 18:27:52+00:00,320.0,0.08,0.08,0.09,-0.010000005,-11.111116,5.0,1671,0.641605146484375,False,REGULAR,USD,2026-12-18,P
SPY261218P00325000,2026-09-25 19:47:39+00:00,325.0,0.09,0.08,0.09,0.0,0.0,6.0,3251,0.63086306640625,False,REGULAR,USD,2026-12-18,P
SPY261218P00330000,2026-09-25 18:48:50+00:00,330.0,0.1,0.09,0.1,0.0,0.0,6.0,1114,0.6269568554687501,False,REGULAR,USD,2026-12-18,P
SPY261218P00335000,2026-09-25 13:36:40+00:00,335.0,0.12,0.09,0.1,0.0,0.0,5.0,328,0.6162147753906251,False,REGULAR,USD,2026-12-18,P
SPY261218P00340000,2026-09-29 14:00:37+00:00,340.0,0.1,0.1,0.11,-0.019999996,-16.666662,10.0,2400,0.6113320117187502,False,REGULAR,USD,2026-12-18,P
SPY261218P00345000,2026-09-29 14:00:48+00:00,345.0,0.11,0.1,0.11,-0.009999998,-8.333331,10.0,3147,0.6005899316406251,False,REGULAR,USD,2026-12-18,P
SPY261218P00350000,2026-09-29 18:43:08+00:00,350.0,0.11,0.11,0.12,-0.009999998,-8.333331,510.0,157579,0.59570716796875,False,REGULAR,USD,2026-12-18,P
SPY261218P00355000,2026-09-29 15:27:36+00:00,355.0,0.14,0.12,0.13,0.0,0.0,5.0,1935,0.5903361279296876,False,REGULAR,USD,2026-12-18,P
SPY261218P00360000,2026-09-29 15:28:09+00:00,360.0,0.13,0.12,0.13,-0.010000005,-7.1428604,6.0,3481,0.5800823242187501,False,REGULAR,USD,2026-12-18,P
SPY261218P00365000,2026-09-28 13:41:18+00:00,365.0,0.16,0.13,0.14,0.0,0.0,15.0,1952,0.5742230078125,False,REGULAR,USD,2026-12-18,P
SPY261218P00370000,2026-09-29 15:20:55+00:00,370.0,0.16,0.14,0.15,-0.010000005,-5.8823557,1.0,2869,0.56836369140625,False,REGULAR,USD,2026-12-18,P
SPY261218P00375000,2026-09-29 18:04:21+00:00,375.0,0.15,0.15,0.16,-0.00999999,-6.2499943,3.0,8308,0.5625043750000001,False,REGULAR,USD,2026-12-18,P
SPY261218P00380000,2026-09-29 15:52:46+00:00,380.0,0.16,0.15,0.16,-0.010000005,-5.8823557,11.0,9647,0.55273884765625,False,REGULAR,USD,2026-12-18,P
SPY261218P00385000,2026-09-29 15:52:54+00:00,385.0,0.17,0.16,0.17,-0.019999996,-10.526314,21.0,3417,0.5468795312500001,False,REGULAR,USD,2026-12-18,P
SPY261218P00390000,2026-09-29 15:53:11+00:00,390.0,0.18,0.17,0.18,-0.019999996,-9.999997,11.0,3999,0.5405319384765627,False,REGULAR,USD,2026-12-18,P
SPY261218P00395000,2026-09-29 13:59:12+00:00,395.0,0.19,0.18,0.19,-0.010000005,-5.0000024,10.0,7627,0.534184345703125,False,REGULAR,USD,2026-12-18,P
SPY261218P00400000,2026-09-29 18:04:06+00:00,400.0,0.2,0.19,0.2,-0.030000001,-13.043478,12.0,28775,0.5273484765625001,False,REGULAR,USD,2026-12-18,P
SPY261218P00405000,2026-09-28 17:29:41+00:00,405.0,0.23,0.2,0.21,0.0,0.0,11.0,1263,0.5210008837890624,False,REGULAR,USD,2026-12-18,P
SPY261218P00410000,2026-09-29 15:21:19+00:00,410.0,0.23,0.22,0.23,0.0,0.0,1.0,16342,0.5170946728515625,False,REGULAR,USD,2026-12-18,P
SPY261218P00415000,2026-09-29 16:34:22+00:00,415.0,0.24,0.23,0.24,-0.010000005,-4.000002,2.0,5040,0.5102588037109376,False,REGULAR,USD,2026-12-18,P
SPY261218P00420000,2026-09-25 18:37:36+00:00,420.0,0.27,0.24,0.25,0.0,0.0,4.0,4638,0.5034229345703125,False,REGULAR,USD,2026-12-18,P
SPY261218P00425000,2026-09-29 18:03:51+00:00,425.0,0.26,0.26,0.27,-0.02000001,-7.1428604,1.0,8142,0.4995167236328125,False,REGULAR,USD,2026-12-18,P
SPY261218P00430000,2026-09-28 16:10:24+00:00,430.0,0.3,0.27,0.28,0.0,0.0,10.0,2438,0.4924367163085938,False,REGULAR,USD,2026-12-18,P
SPY261218P00435000,2026-09-21 14:28:39+00:00,435.0,0.35,0.28,0.29,0.0,0.0,19.0,1128,0.485356708984375,False,REGULAR,USD,2026-12-18,P
SPY261218P00440000,2026-09-15 20:00:32+00:00,440.0,0.52,0.3,0.31,0.0,0.0,46.0,672,0.47998566894531247,False,REGULAR,USD,2026-12-18,P
SPY261218P00445000,2026-09-22 18:41:16+00:00,445.0,0.33,0.31,0.32,0.0,0.0,8.0,1850,0.47290566162109376,False,REGULAR,USD,2026-12-18,P
SPY261218P00450000,2026-09-29 18:03:46+00:00,450.0,0.36,0.33,0.34,-0.00999999,-2.7027001,1.0,26248,0.4672904833984375,False,REGULAR,USD,2026-12-18,P
SPY261218P00455000,2026-09-25 17:04:01+00:00,455.0,0.39,0.35,0.36,0.0,0.0,1.0,819,0.4616753051757813,False,REGULAR,USD,2026-12-18,P
SPY261218P00460000,2026-09-28 13:29:59+00:00,460.0,0.39,0.37,0.38,0.0,0.0,5.0,2779,0.4558159887695313,False,REGULAR,USD,2026-12-18,P
SPY261218P00465000,2026-09-29 16:21:47+00:00,465.0,0.4,0.39,0.4,-0.01999998,-4.7619004,5.0,1235,0.44995667236328124,False,REGULAR,USD,2026-12-18,P
SPY261218P00470000,2026-09-29 14:14:54+00:00,470.0,0.41,0.41,0.42,-0.03999999,-8.888887,2.0,6896,0.44385321777343745,False,REGULAR,USD,2026-12-18,P
SPY261218P00475000,2026-09-28 15:15:04+00:00,475.0,0.46,0.43,0.44,-0.03999999,-7.999998,3.0,4489,0.43774976318359377,False,REGULAR,USD,2026-12-18,P
SPY261218P00480000,2026-09-29 16:56:10+00:00,480.0,0.48,0.45,0.46,-0.01000002,-2.0408204,9.0,311398,0.43140217041015627,False,REGULAR,USD,2026-12-18,P
SPY261218P00485000,2026-09-28 19:26:23+00:00,485.0,0.52,0.47,0.48,0.0,0.0,2.0,3689,0.42529871582031253,False,REGULAR,USD,2026-12-18,P
SPY261218P00490000,2026-09-29 15:52:36+00:00,490.0,0.52,0.5,0.51,-0.02000004,-3.703711,23.0,10968,0.41992767578125,False,REGULAR,USD,2026-12-18,P
SPY261218P00495000,2026-09-29 15:29:38+00:00,495.0,0.56,0.53,0.54,0.0,0.0,3.0,1815,0.4145566357421875,False,REGULAR,USD,2026-12-18,P
SPY261218P00500000,2026-09-29 15:05:04+00:00,500.0,0.56,0.55,0.56,-0.029999971,-5.084741,108.0,19632,0.40796490478515623,False,REGULAR,USD,2026-12-18,P
SPY261218P00505000,2026-09-25 19:28:54+00:00,505.0,0.63,0.58,0.59,0.0,0.0,14.0,1848,0.4023497265625,False,REGULAR,USD,2026-12-18,P
SPY261218P00510000,2026-09-29 14:49:09+00:00,510.0,0.61,0.61,0.62,-0.099999964,-14.084502,1.0,3925,0.39649041015625003,False,REGULAR,USD,2026-12-18,P
SPY261218P00515000,2026-09-29 18:09:51+00:00,515.0,0.67,0.64,0.65,-0.00999999,-1.4705868,18.0,4560,0.39063109375,False,REGULAR,USD,2026-12-18,P
SPY261218P00520000,2026-09-29 15:53:33+00:00,520.0,0.7,0.68,0.69,-0.02000004,-2.7777834,1.0,11795,0.38550419189453117,False,REGULAR,USD,2026-12-18,P
SPY261218P00525000,2026-09-29 13:47:39+00:00,525.0,0.72,0.71,0.72,-0.03999996,-5.263153,20.0,5664,0.3794007373046875,False,REGULAR,USD,2026-12-18,P
SPY261218P00530000,2026-09-29 18:03:33+00:00,530.0,0.78,0.75,0.76,-0.030000031,-3.7037075,31.0,6194,0.37390762817382805,False,REGULAR,USD,2026-12-18,P
SPY261218P00535000,2026-09-28 14:55:13+00:00,535.0,0.93,0.78,0.79,0.0,0.0,3.0,3351,0.3676821044921875,False,REGULAR,USD,2026-12-18,P
SPY261218P00540000,2026-09-29 18:06:38+00:00,540.0,0.85,0.83,0.84,0.0,0.0,11.0,5778,0.3626772717285156,False,REGULAR,USD,2026-12-18,P
SPY261218P00545000,2026-09-29 16:27:58+00:00,545.0,0.9,0.87,0.88,0.0,0.0,72.0,5881,0.35681795532226557,False,REGULAR,USD,2026-12-18,P
SPY261218P00550000,2026-09-29 15:54:32+00:00,550.0,0.96,0.91,0.92,-0.02000004,-2.0408204,56.0,15314,0.3508365698242187,False,REGULAR,USD,2026-12-18,P
SPY261218P00555000,2026-09-29 18:40:34+00:00,555.0,0.96,0.96,0.97,-0.089999974,-8.571426,121.0,4144,0.34534346069335936,False,REGULAR,USD,2026-12-18,P
SPY261218P00560000,2026-09-29 14:49:42+00:00,560.0,1.01,1.01,1.02,-0.07000005,-6.481486,44.0,12189,0.3397282824707031,False,REGULAR,USD,2026-12-18,P
SPY261218P00565000,2026-09-29 13:49:16+00:00,565.0,1.07,1.06,1.07,-0.109999895,-9.322025,25.0,3188,0.33399103515625,False,REGULAR,USD,2026-12-18,P
SPY261218P00570000,2026-09-25 19:38:36+00:00,570.0,1.15,1.12,1.13,0.0,0.0,12.0,5608,0.3286199951171874,False,REGULAR,USD,2026-12-18,P
SPY261218P00575000,2026-09-29 18:52:57+00:00,575.0,1.17,1.17,1.18,-0.07000005,-5.3435154,11.0,7729,0.32263860961914054,False,REGULAR,USD,2026-12-18,P
SPY261218P00580000,2026-09-29 17:13:57+00:00,580.0,1.32,1.24,1.25,0.08000004,6.451616,14.0,10307,0.317389638671875,False,REGULAR,USD,2026-12-18,P
SPY261218P00585000,2026-09-29 17:18:48+00:00,585.0,1.39,1.31,1.32,0.09000003,6.92308,20.0,5910,0.31201859863281245,False,REGULAR,USD,2026-12-18,P
SPY261218P00590000,2026-09-29 17:22:19+00:00,590.0,1.46,1.38,1.39,0.0,0.0,10.0,11801,0.3064644549560547,False,REGULAR,USD,2026-12-18,P
SPY261218P00595000,2026-09-29 16:06:30+00:00,595.0,1.51,1.44,1.46,-0.01999998,-1.3071883,1487.0,4073,0.3007882421875,False,REGULAR,USD,2026-12-18,P
SPY261218P00600000,2026-09-29 18:15:31+00:00,600.0,1.57,1.52,1.54,-0.059999943,-3.680978,263.0,29618,0.2952340985107421,False,REGULAR,USD,2026-12-18,P
SPY261218P00605000,2026-09-25 17:42:53+00:00,605.0,1.64,1.61,1.62,0.0,0.0,15.0,9343,0.2896189202880859,False,REGULAR,USD,2026-12-18,P
SPY261218P00610000,2026-09-29 17:55:04+00:00,610.0,1.81,1.7,1.71,0.059999943,3.4285681,126.0,158113,0.28412581115722646,False,REGULAR,USD,2026-12-18,P
SPY261218P00615000,2026-09-29 17:51:12+00:00,615.0,1.89,1.81,1.82,0.06999993,3.8461502,1.0,6762,0.2790599438476562,False,REGULAR,USD,2026-12-18,P
SPY261218P00620000,2026-09-29 17:42:03+00:00,620.0,2.01,1.9,1.92,-0.00999999,-0.49504903,20.0,26066,0.2735058001708984,False,REGULAR,USD,2026-12-18,P
SPY261218P00625000,2026-09-29 18:17:56+00:00,625.0,2.09,2.02,2.03,-0.029999971,-1.4150931,65.0,24408,0.268012691040039,False,REGULAR,USD,2026-12-18,P
SPY261218P00630000,2026-09-29 18:22:43+00:00,630.0,2.19,2.14,2.15,-0.06999993,-3.0973423,14.0,62328,0.26258061645507813,False,REGULAR,USD,2026-12-18,P
SPY261218P00635000,2026-09-29 18:09:15+00:00,635.0,2.36,2.27,2.29,-0.02000022,-0.8403453,302.0,6601,0.2574537145996094,False,REGULAR,USD,2026-12-18,P
SPY261218P00640000,2026-09-29 18:10:21+00:00,640.0,2.52,2.41,2.43,0.0,0.0,192.0,7943,0.2520826745605469,False,REGULAR,USD,2026-12-18,P
SPY261218P00645000,2026-09-29 18:22:43+00:00,645.0,2.63,2.57,2.59,-0.03999996,-1.4981259,24.0,8290,0.24695577270507812,False,REGULAR,USD,2026-12-18,P
SPY261218P00650000,2026-09-29 18:31:30+00:00,650.0,2.82,2.73,2.75,-0.01999998,-0.7042247,20035.0,19610,0.2415236981201172,False,REGULAR,USD,2026-12-18,P
SPY261218P00655000,2026-09-29 18:00:20+00:00,655.0,3.05,2.92,2.93,0.01999998,0.6600654,94.0,5800,0.2362136926269531,False,REGULAR,USD,2026-12-18,P
SPY261218P00660000,2026-09-29 18:10:21+00:00,660.0,3.25,3.11,3.13,0.049999952,1.5624985,426.0,16889,0.2310562734985352,False,REGULAR,USD,2026-12-18,P
SPY261218P00665000,2026-09-29 18:37:02+00:00,665.0,3.41,3.33,3.35,-0.029999971,-0.8720922,288.0,17925,0.22592937164306642,False,REGULAR,USD,2026-12-18,P
SPY261218P00670000,2026-09-29 18:22:43+00:00,670.0,3.65,3.57,3.58,-0.049999952,-1.3513501,387.0,35673,0.22064988342285152,False,REGULAR,USD,2026-12-18,P
SPY261218P00675000,2026-09-29 18:32:57+00:00,675.0,3.95,3.82,3.84,0.029999971,0.7653054,565.0,10770,0.2155229815673828,False,REGULAR,USD,2026-12-18,P
SPY261218P00680000,2026-09-29 18:17:56+00:00,680.0,4.22,4.11,4.13,0.009999752,0.2375238,416.0,13134,0.21051814880371095,False,REGULAR,USD,2026-12-18,P
SPY261218P00685000,2026-09-29 17:56:50+00:00,685.0,4.7,4.42,4.44,0.17999983,3.9822972,195.0,6874,0.20539124694824218,False,REGULAR,USD,2026-12-18,P
SPY261218P00690000,2026-09-29 18:52:42+00:00,690.0,4.77,4.76,4.78,-0.09000015,-1.8518549,357.0,11123,0.2002643450927734,False,REGULAR,USD,2026-12-18,P
SPY261218P00695000,2026-09-29 18:41:10+00:00,695.0,5.09,5.14,5.16,-0.13999987,-2.6768618,144.0,13285,0.19522899505615232,False,REGULAR,USD,2026-12-18,P
SPY261218P00700000,2026-09-29 18:50:40+00:00,700.0,5.58,5.55,5.57,-0.01999998,-0.3571425,371.0,40205,0.190086834564209,False,REGULAR,USD,2026-12-18,P
SPY261218P00701000,2026-09-29 15:02:49+00:00,701.0,5.67,5.64,5.65,-0.03999996,-0.70052475,10.0,40,0.1889729541015625,False,REGULAR,USD,2026-12-18,P
SPY261218P00702000,2026-09-29 15:05:24+00:00,702.0,5.78,5.73,5.74,0.01999998,0.34722188,19.0,107,0.18796588409423826,False,REGULAR,USD,2026-12-18,P
SPY261218P00703000,2026-09-29 16:09:50+00:00,703.0,5.99,5.81,5.83,0.5,9.107469,24.0,33,0.18692829681396483,False,REGULAR,USD,2026-12-18,P
SPY261218P00704000,2026-09-29 16:44:00+00:00,704.0,6.19,5.91,5.93,0.22000027,3.6850967,9.0,34,0.18601277862548826,False,REGULAR,USD,2026-12-18,P
SPY261218P00705000,2026-09-29 18:24:41+00:00,705.0,6.17,6.0,6.02,0.11000013,1.8151838,160.0,4453,0.184929415435791,False,REGULAR,USD,2026-12-18,P
SPY261218P00706000,2026-09-29 17:01:24+00:00,706.0,6.46,6.11,6.13,0.6799998,11.764703,10.0,171,0.18405967315673827,False,REGULAR,USD,2026-12-18,P
SPY261218P00707000,2026-09-29 16:50:21+00:00,707.0,6.5,6.2,6.23,0.42999983,7.0840173,56.0,34,0.18305260314941402,False,REGULAR,USD,2026-12-18,P
SPY261218P00708000,2026-09-29 17:00:15+00:00,708.0,6.63,6.29,6.31,0.59000015,9.768214,25.0,30,0.18180139495849607,False,REGULAR,USD,2026-12-18,P
SPY261218P00709000,2026-09-29 16:50:21+00:00,709.0,6.71,6.41,6.42,0.49000025,7.8778176,12.0,96,0.18087061813354488,False,REGULAR,USD,2026-12-18,P
SPY261218P00710000,2026-09-29 18:41:41+00:00,710.0,6.49,6.52,6.53,-0.09000015,-1.3677835,160.0,19193,0.17990932403564452,False,REGULAR,USD,2026-12-18,P
SPY261218P00711000,2026-09-29 18:43:05+00:00,711.0,6.61,6.62,6.63,0.1500001,2.3219829,33.0,219,0.17881070220947265,False,REGULAR,USD,2026-12-18,P
SPY261218P00712000,2026-09-29 17:32:22+00:00,712.0,7.04,6.72,6.74,0.19999981,2.9239738,453.0,173,0.17780363220214845,False,REGULAR,USD,2026-12-18,P
SPY261218P00713000,2026-09-29 17:08:16+00:00,713.0,7.26,6.84,6.86,0.5300002,7.8751893,9.0,142,0.17688811401367188,False,REGULAR,USD,2026-12-18,P
SPY261218P00714000,2026-09-29 18:22:43+00:00,714.0,7.09,6.96,6.97,0.34000015,5.0370393,63.0,152,0.17582000946044923,False,REGULAR,USD,2026-12-18,P
SPY261218P00715000,2026-09-29 18:48:58+00:00,715.0,7.1,7.07,7.08,0.009999752,0.14104022,146.0,5251,0.17473664627075197,False,REGULAR,USD,2026-12-18,P
SPY261218P00716000,2026-09-29 18:00:09+00:00,716.0,7.49,7.18,7.2,0.5799999,8.393632,12.0,72,0.17374483489990233,False,REGULAR,USD,2026-12-18,P
SPY261218P00717000,2026-09-29 17:32:58+00:00,717.0,7.66,7.31,7.34,0.3499999,4.7879605,124.0,149,0.17290560989379883,False,REGULAR,USD,2026-12-18,P
SPY261218P00718000,2026-09-29 18:00:09+00:00,718.0,7.74,7.44,7.46,0.27999973,3.7533476,11.0,45,0.1718527639770508,False,REGULAR,USD,2026-12-18,P
SPY261218P00719000,2026-09-29 15:02:03+00:00,719.0,7.94,7.56,7.58,0.30999994,4.0629086,10.0,340,0.17076940078735353,False,REGULAR,USD,2026-12-18,P
SPY261218P00720000,2026-09-29 18:48:58+00:00,720.0,7.73,7.68,7.71,-0.03000021,-0.38660064,1635.0,7258,0.16974707214355472,False,REGULAR,USD,2026-12-18,P
SPY261218P00721000,2026-09-29 17:23:31+00:00,721.0,8.3,7.82,7.84,0.48000002,6.1381073,16.0,52,0.1687247434997559,False,REGULAR,USD,2026-12-18,P
SPY261218P00722000,2026-09-29 17:56:50+00:00,722.0,8.45,7.95,7.98,0.6199999,7.9182615,34.0,30,0.1677481907653809,False,REGULAR,USD,2026-12-18,P
SPY261218P00723000,2026-09-29 17:08:27+00:00,723.0,8.59,8.09,8.11,0.5100002,6.311884,14.0,25,0.16666482757568363,False,REGULAR,USD,2026-12-18,P
SPY261218P00724000,2026-09-29 17:56:38+00:00,724.0,8.62,8.24,8.26,0.5,6.1576357,38.0,118,0.16571879211425783,False,REGULAR,USD,2026-12-18,P
SPY261218P00725000,2026-09-29 18:39:16+00:00,725.0,8.38,8.37,8.4,-0.119999886,-1.4117633,114.0,6496,0.16468120483398438,False,REGULAR,USD,2026-12-18,P
SPY261218P00726000,2026-09-29 17:08:28+00:00,726.0,8.92,8.53,8.55,0.48999977,5.812571,16.0,45,0.1636741348266602,False,REGULAR,USD,2026-12-18,P
SPY261218P00727000,2026-09-29 17:49:01+00:00,727.0,9.09,8.67,8.69,0.64000034,7.5739684,13.0,98,0.16257551300048828,False,REGULAR,USD,2026-12-18,P
SPY261218P00728000,2026-09-29 17:02:44+00:00,728.0,9.36,8.83,8.86,0.52999973,6.002262,82.0,244,0.16170577072143555,False,REGULAR,USD,2026-12-18,P
SPY261218P00729000,2026-09-29 17:56:38+00:00,729.0,9.52,8.98,9.0,0.5800009,6.4877057,12.0,60,0.16053085571289064,False,REGULAR,USD,2026-12-18,P
SPY261218P00730000,2026-09-29 18:47:26+00:00,730.0,9.19,9.13,9.16,-0.020000458,-0.21716024,157.0,15768,0.1595085270690918,False,REGULAR,USD,2026-12-18,P
SPY261218P00731000,2026-09-29 18:09:54+00:00,731.0,9.75,9.31,9.34,0.4499998,4.8387074,21.0,155,0.15862352615356445,False,REGULAR,USD,2026-12-18,P
SPY261218P00732000,2026-09-29 18:35:16+00:00,732.0,9.74,9.48,9.5,0.6399994,7.03296,26.0,71,0.1575401629638672,False,REGULAR,USD,2026-12-18,P
SPY261218P00733000,2026-09-29 18:22:43+00:00,733.0,9.82,9.65,9.68,-0.1800003,-1.800003,75.0,151,0.15659412750244145,False,REGULAR,USD,2026-12-18,P
SPY261218P00734000,2026-09-29 18:40:54+00:00,734.0,9.75,9.81,9.84,0.05000019,0.5154659,17.0,271,0.15544972976684573,False,REGULAR,USD,2026-12-18,P
SPY261218P00735000,2026-09-29 18:44:22+00:00,735.0,10.03,9.99,10.01,0.07999992,0.80401933,62.0,49683,0.15435110794067386,False,REGULAR,USD,2026-12-18,P
SPY261218P00736000,2026-09-29 18:22:43+00:00,736.0,10.37,10.17,10.2,0.8000002,8.359459,35.0,99,0.15338981384277345,False,REGULAR,USD,2026-12-18,P
SPY261218P00737000,2026-09-29 17:34:44+00:00,737.0,10.82,10.35,10.38,0.59000015,5.7673526,14.0,205,0.1523064506530762,False,REGULAR,USD,2026-12-18,P
SPY261218P00738000,2026-09-29 18:22:43+00:00,738.0,10.75,10.57,10.59,0.21000004,1.9924102,12.0,55,0.15143670837402345,False,REGULAR,USD,2026-12-18,P
SPY261218P00739000,2026-09-29 17:34:44+00:00,739.0,11.22,10.74,10.77,0.84000015,8.092487,13.0,47,0.15029231063842774,False,REGULAR,USD,2026-12-18,P
SPY261218P00740000,2026-09-29 18:38:56+00:00,740.0,11.02,10.94,10.98,0.10000038,0.9157544,308.0,17723,0.14934627517700194,False,REGULAR,USD,2026-12-18,P
SPY261218P00741000,2026-09-29 16:46:10+00:00,741.0,11.8,11.15,11.17,0.7600002,6.88406,35.0,143,0.14820187744140628,False,REGULAR,USD,2026-12-18,P
SPY261218P00742000,2026-09-29 18:22:43+00:00,742.0,11.57,11.35,11.38,0.32999992,2.9359424,22.0,91,0.14717954879760742,False,REGULAR,USD,2026-12-18,P
SPY261218P00743000,2026-09-29 16:46:16+00:00,743.0,12.26,11.59,11.62,0.84000015,7.355518,10.0,377,0.14635558242797853,False,REGULAR,USD,2026-12-18,P
SPY261218P00744000,2026-09-29 18:23:19+00:00,744.0,11.96,11.79,11.82,0.14000034,1.1844361,20.0,227,0.14518066741943358,False,REGULAR,USD,2026-12-18,P
SPY261218P00745000,2026-09-29 18:39:17+00:00,745.0,12.0,12.01,12.04,0.05000019,0.41841164,50.0,5495,0.14411256286621094,False,REGULAR,USD,2026-12-18,P
SPY261218P00746000,2026-09-29 18:23:31+00:00,746.0,12.44,12.24,12.27,0.65999985,5.6027155,177.0,227,0.14309023422241213,False,REGULAR,USD,2026-12-18,P
SPY261218P00747000,2026-09-29 16:46:14+00:00,747.0,13.2,12.48,12.51,1.2799997,10.738253,10.0,38,0.1420984228515625,False,REGULAR,USD,2026-12-18,P
SPY261218P00748000,2026-09-29 18:50:40+00:00,748.0,12.81,12.72,12.74,0.78999996,6.572379,101.0,33,0.14099980102539064,False,REGULAR,USD,2026-12-18,P
SPY261218P00749000,2026-09-29 18:22:58+00:00,749.0,13.16,12.97,13.0,0.21000004,1.621622,73.0,239,0.14006902420043943,False,REGULAR,USD,2026-12-18,P
SPY261218P00750000,2026-09-29 18:52:27+00:00,750.0,13.27,13.22,13.25,0.07000065,0.53030795,240.0,21971,0.13902380760192876,False,REGULAR,USD,2026-12-18,P
SPY261218P00751000,2026-09-29 18:28:51+00:00,751.0,13.74,13.47,13.5,0.8000002,6.1823816,16.0,160,0.13793281509399413,False,REGULAR,USD,2026-12-18,P
SPY261218P00752000,2026-09-29 18:23:18+00:00,752.0,13.93,13.74,13.77,0.75,5.6904397,12.0,162,0.13694100372314455,False,REGULAR,USD,2026-12-18,P
SPY261218P00753000,2026-09-29 18:23:26+00:00,753.0,14.22,14.01,14.05,0.15000057,1.0661021,80.0,68,0.13597970962524414,False,REGULAR,USD,2026-12-18,P
SPY261218P00754000,2026-09-29 18:23:25+00:00,754.0,14.5,14.28,14.32,0.15999985,1.115759,29.0,63,0.1349116050720215,False,REGULAR,USD,2026-12-18,P
SPY261218P00755000,2026-09-29 18:52:13+00:00,755.0,14.63,14.57,14.6,0.0,0.0,500.0,7568,0.13384350051879884,False,REGULAR,USD,2026-12-18,P
SPY261218P00756000,2026-09-29 18:24:02+00:00,756.0,15.12,14.88,14.91,0.5100002,3.4907615,45.0,88,0.1329584996032715,False,REGULAR,USD,2026-12-18,P
SPY261218P00757000,2026-09-29 18:23:19+00:00,757.0,15.36,15.15,15.19,0.46000004,3.0872486,19.0,277,0.13179884323120117,False,REGULAR,USD,2026-12-18,P
SPY261218P00758000,2026-09-29 18:28:51+00:00,758.0,15.76,15.46,15.5,0.77000046,5.136761,12.0,146,0.13080703186035153,False,REGULAR,USD,2026-12-18,P
SPY261218P00759000,2026-09-29 18:23:26+00:00,759.0,16.01,15.79,15.82,0.5100002,3.290324,35.0,253,0.12983047912597656,False,REGULAR,USD,2026-12-18,P
SPY261218P00760000,2026-09-29 18:47:34+00:00,760.0,16.22,16.09,16.13,0.21999931,1.3749957,822.0,19171,0.1287318572998047,False,REGULAR,USD,2026-12-18,P
SPY261218P00761000,2026-09-29 18:23:18+00:00,761.0,16.65,16.44,16.49,0.539999,3.351949,71.0,300,0.1279231495666504,False,REGULAR,USD,2026-12-18,P
SPY261218P00762000,2026-09-29 18:23:26+00:00,762.0,17.01,16.78,16.81,0.55000114,3.341441,62.0,141,0.126786381149292,False,REGULAR,USD,2026-12-18,P
SPY261218P00763000,2026-09-29 18:34:36+00:00,763.0,17.58,17.12,17.15,0.37000084,2.1499178,53.0,127,0.12572590591430666,False,REGULAR,USD,2026-12-18,P
SPY261218P00764000,2026-09-29 18:26:22+00:00,764.0,17.87,17.47,17.51,0.52000046,2.9971206,110.0,152,0.12474935317993163,False,REGULAR,USD,2026-12-18,P
SPY261218P00765000,2026-09-29 18:43:52+00:00,765.0,17.88,17.83,17.86,0.11999893,0.67566967,139.0,7324,0.12365073135375976,True,REGULAR,USD,2026-12-18,P
SPY261218P00766000,2026-09-29 18:22:51+00:00,766.0,18.51,18.2,18.24,0.45000076,2.4916987,51.0,530,0.12268943725585937,True,REGULAR,USD,2026-12-18,P
SPY261218P00767000,2026-09-29 18:38:21+00:00,767.0,18.88,18.61,18.64,0.4699993,2.5529566,94.0,285,0.12180443634033203,True,REGULAR,USD,2026-12-18,P
SPY261218P00768000,2026-09-29 18:29:31+00:00,768.0,19.39,19.0,19.05,0.48999977,2.5925915,22.0,119,0.1209346940612793,True,REGULAR,USD,2026-12-18,P
SPY261218P00769000,2026-09-29 18:23:25+00:00,769.0,19.63,19.4,19.44,0.5299988,2.7748628,55.0,281,0.119851330871582,True,REGULAR,USD,2026-12-18,P
SPY261218P00770000,2026-09-29 18:38:36+00:00,770.0,19.74,19.78,19.83,0.059999466,0.30487534,324.0,10209,0.11870693313598632,True,REGULAR,USD,2026-12-18,P
SPY261218P00771000,2026-09-29 18:29:18+00:00,771.0,20.62,20.22,20.25,0.6000004,2.9970047,114.0,345,0.1176998631286621,True,REGULAR,USD,2026-12-18,P
SPY261218P00772000,2026-09-29 18:29:18+00:00,772.0,21.06,20.65,20.68,0.80999947,3.9999974,35.0,111,0.1166927931213379,True,REGULAR,USD,2026-12-18,P
SPY261218P00773000,2026-09-29 18:29:31+00:00,773.0,21.53,21.08,21.13,0.5300007,2.5238128,204.0,230,0.11576201629638672,True,REGULAR,USD,2026-12-18,P
SPY261218P00774000,2026-09-29 18:27:50+00:00,774.0,22.01,21.57,21.62,1.6000004,7.839296,218.0,540,0.11502960174560548,True,REGULAR,USD,2026-12-18,P
SPY261218P00775000,2026-09-29 18:43:47+00:00,775.0,22.07,22.02,22.06,0.21999931,1.0068618,377.0,3979,0.11386994537353515,True,REGULAR,USD,2026-12-18,P
SPY261218P00776000,2026-09-29 18:40:42+00:00,776.0,22.38,22.47,22.52,0.15999985,0.7200713,117.0,25,0.11278658218383789,True,REGULAR,USD,2026-12-18,P
SPY261218P00777000,2026-09-29 18:39:49+00:00,777.0,22.92,22.98,23.02,0.13999939,0.6145715,105.0,50,0.11190158126831054,True,REGULAR,USD,2026-12-18,P
SPY261218P00778000,2026-09-29 14:44:22+00:00,778.0,23.34,23.36,23.5,0.5100002,2.233904,35.0,15,0.11078770080566405,True,REGULAR,USD,2026-12-18,P
SPY261218P00779000,2026-09-28 16:52:23+00:00,779.0,23.06,23.86,24.05,0.0,0.0,1.0,102,0.11011632080078124,True,REGULAR,USD,2026-12-18,P
SPY261218P00780000,2026-09-29 18:06:37+00:00,780.0,25.04,24.39,24.54,0.7200012,2.9605315,23.0,12452,0.1089108885192871,True,REGULAR,USD,2026-12-18,P
SPY261218P00781000,2026-09-28 20:07:57+00:00,781.0,24.65,24.92,25.1,0.0,0.0,48.0,39,0.10813269805908202,True,REGULAR,USD,2026-12-18,P
SPY261218P00782000,2026-09-25 19:26:33+00:00,782.0,22.77,25.45,25.61,0.0,0.0,12.0,11,0.10689674850463868,True,REGULAR,USD,2026-12-18,P
SPY261218P00783000,2026-09-28 19:48:12+00:00,783.0,25.79,26.04,26.19,0.0,0.0,14.0,16,0.10610329940795898,True,REGULAR,USD,2026-12-18,P
SPY261218P00784000,2026-09-28 16:00:07+00:00,784.0,26.42,26.59,26.76,0.0,0.0,1.0,4,0.1051420053100586,True,REGULAR,USD,2026-12-18,P
SPY261218P00785000,2026-09-28 16:50:13+00:00,785.0,26.07,27.15,27.32,0.0,0.0,2.0,1487,0.10399760757446289,True,REGULAR,USD,2026-12-18,P
SPY261218P00787000,2026-09-25 16:34:00+00:00,787.0,24.71,28.36,28.54,0.0,0.0,37.0,37,0.10219708847045897,True,REGULAR,USD,2026-12-18,P
SPY261218P00790000,2026-09-29 16:36:10+00:00,790.0,31.26,30.22,30.46,2.1599998,7.42268,1.0,1223,0.09949630981445312,True,REGULAR,USD,2026-12-18,P
SPY261218P00795000,2026-09-25 17:03:38+00:00,795.0,29.63,33.56,33.88,0.0,0.0,1.0,787,0.09467458068847658,True,REGULAR,USD,2026-12-18,P
SPY261218P00800000,2026-09-29 18:21:57+00:00,800.0,37.87,37.25,37.57,1.9399986,5.399384,9.0,2571,0.08924250610351564,True,REGULAR,USD,2026-12-18,P
SPY261218P00805000,2026-09-29 15:17:00+00:00,805.0,41.65,39.86,43.0,4.9400024,13.456831,6.0,176,0.10267010620117187,True,REGULAR,USD,2026-12-18,P
SPY261218P00808000,2026-09-25 19:28:03+00:00,808.0,40.0,42.51,45.84,0.0,0.0,1.0,1,0.10563028167724609,True,REGULAR,USD,2026-12-18,P
SPY261218P00810000,2026-09-29 14:08:54+00:00,810.0,45.41,44.07,47.61,1.3699989,3.1108057,56.0,274,0.10587441986083984,True,REGULAR,USD,2026-12-18,P
SPY261218P00811000,2026-09-25 16:03:57+00:00,811.0,41.07,45.18,48.68,0.0,0.0,5.0,5,0.10837683624267577,True,REGULAR,USD,2026-12-18,P
SPY261218P00812000,2026-09-25 16:02:39+00:00,812.0,42.24,46.1,49.6,0.0,0.0,75.0,75,0.1088803712463379,True,REGULAR,USD,2026-12-18,P
SPY261218P00813000,2026-09-25 16:05:45+00:00,813.0,42.58,47.02,49.97,0.0,0.0,14.0,14,0.10141889801025389,True,REGULAR,USD,2026-12-18,P
SPY261218P00814000,2026-09-25 16:06:14+00:00,814.0,43.64,47.96,50.91,0.0,0.0,35.0,35,0.10196820892333984,True,REGULAR,USD,2026-12-18,P
SPY261218P00815000,2026-09-25 16:07:50+00:00,815.0,44.41,48.67,51.85,0.0,0.0,5.0,531,0.10245648529052734,True,REGULAR,USD,2026-12-18,P
SPY261218P00820000,2026-09-28 14:47:12+00:00,820.0,56.0,53.56,56.73,0.0,0.0,25.0,26,0.1075833871459961,True,REGULAR,USD,2026-12-18,P
SPY261218P00825000,2026-09-23 14:35:11+00:00,825.0,55.84,58.74,61.73,0.0,0.0,2.0,0,0.11448029083251954,True,REGULAR,USD,2026-12-18,P
SPY261218P00830000,2026-09-28 16:26:41+00:00,830.0,60.95,63.31,66.97,0.0,0.0,1.0,8,0.12555806091308597,True,REGULAR,USD,2026-12-18,P
SPY261218P00835000,2026-09-21 16:06:10+00:00,835.0,63.94,68.27,71.98,0.0,0.0,325.0,0,0.13254651641845705,True,REGULAR,USD,2026-12-18,P
SPY261218P00840000,2026-09-21 16:00:17+00:00,840.0,69.21,73.31,77.0,0.0,0.0,1.0,0,0.13959600646972659,True,REGULAR,USD,2026-12-18,P
SPY261218P00845000,2026-09-03 18:25:28+00:00,845.0,71.74,78.27,82.02,0.0,0.0,2.0,0,0.14655394470214844,True,REGULAR,USD,2026-12-18,P
SPY261218P00850000,2026-09-28 14:14:22+00:00,850.0,82.5,83.31,87.04,0.0,0.0,2.0,3,0.1534508483886719,True,REGULAR,USD,2026-12-18,P
SPY261218P00855000,2026-08-20 17:22:33+00:00,855.0,89.72,0.0,0.0,0.0,0.0,2.0,0,1.0000000000000003e-05,True,REGULAR,USD,2026-12-18,P
SPY261218P00860000,2026-09-21 16:19:13+00:00,860.0,88.71,93.33,97.14,0.0,0.0,112.0,0,0.16816017395019534,True,REGULAR,USD,2026-12-18,P
SPY261218P00865000,2026-08-20 17:22:33+00:00,865.0,99.71,0.0,0.0,0.0,0.0,2.0,0,1.0000000000000003e-05,True,REGULAR,USD,2026-12-18,P
SPY261218P00870000,2026-09-21 16:32:13+00:00,870.0,98.06,103.31,107.14,0.0,0.0,88.0,0,0.18061122131347657,True,REGULAR,USD,2026-12-18,P
SPY261218P00875000,2026-08-20 17:22:33+00:00,875.0,109.71,0.0,0.0,0.0,0.0,2.0,0,1.0000000000000003e-05,True,REGULAR,USD,2026-12-18,P
SPY261218P00880000,2026-08-20 17:22:34+00:00,880.0,114.71,0.0,0.0,0.0,0.0,2.0,0,1.0000000000000003e-05,True,REGULAR,USD,2026-12-18,P
SPY261218P00885000,2026-08-20 17:22:34+00:00,885.0,119.69,0.0,0.0,0.0,0.0,,0,1.0000000000000003e-05,True,REGULAR,USD,2026-12-18,P
SPY261218P00900000,2026-09-04 14:26:11+00:00,900.0,129.64,133.33,137.15,0.0,0.0,5.0,0,0.21631643066406248,True,REGULAR,USD,2026-12-18,P
SPY261218P00905000,2026-08-13 20:05:54+00:00,905.0,127.09,0.0,0.0,0.0,0.0,1.0,0,1.0000000000000003e-05,True,REGULAR,USD,2026-12-18,P
SPY261218P00910000,2025-09-17 19:56:46+00:00,910.0,252.32,242.52,247.5,0.0,0.0,1.0,0,1.0436144010925297,True,REGULAR,USD,2026-12-18,P
SPY261218P00925000,2025-11-06 18:51:45+00:00,925.0,253.05,230.21,235.46,0.0,0.0,,0,0.8794720304870605,True,REGULAR,USD,2026-12-18,P
SPY261218P00930000,2026-05-15 20:00:49+00:00,930.0,191.5,176.39,179.69,0.0,0.0,1.0,0,0.4235744898986816,True,REGULAR,USD,2026-12-18,P
SPY261218P00935000,2025-12-30 20:54:05+00:00,935.0,247.55,241.25,245.25,0.0,0.0,1.0,0,0.9003916210937499,True,REGULAR,USD,2026-12-18,P
SPY261218P00965000,2026-08-21 19:50:12+00:00,965.0,198.43,0.0,0.0,0.0,0.0,5.0,0,1.0000000000000003e-05,True,REGULAR,USD,2026-12-18,P
SPY261218P00970000,2026-08-21 19:50:12+00:00,970.0,203.41,0.0,0.0,0.0,0.0,10.0,0,1.0000000000000003e-05,True,REGULAR,USD,2026-12-18,P
SPY261218P00980000,2026-08-20 14:39:35+00:00,980.0,213.07,0.0,0.0,0.0,0.0,,0,1.0000000000000003e-05,True,REGULAR,USD,2026-12-18,P
SPY261218P01000000,2026-09-21 16:09:11+00:00,1000.0,228.91,233.56,236.96,0.0,0.0,11.0,0,0.31409377319335935,True,REGULAR,USD,2026-12-18,P
SPY261231C00460000,2026-09-21 18:14:04+00:00,460.0,318.54,307.21,311.5,0.0,0.0,1.0,22,0.632816171875,True,REGULAR,USD,2026-12-31,C
SPY261231C00470000,2026-04-29 19:11:01+00:00,470.0,253.11,277.2,280.59,0.0,0.0,,0,1.0000000000000003e-05,True,REGULAR,USD,2026-12-31,C
SPY261231C00475000,2026-07-09 15:19:48+00:00,475.0,283.28,292.87,295.99,0.0,0.0,,0,0.6010782080078126,True,REGULAR,USD,2026-12-31,C
SPY261231C00480000,2026-09-21 14:16:49+00:00,480.0,294.0,287.98,291.82,0.0,0.0,20.0,20,0.6026651062011721,True,REGULAR,USD,2026-12-31,C
SPY261231C00485000,2026-07-13 16:29:16+00:00,485.0,274.52,283.11,286.22,0.0,0.0,1.0,1,0.5853312951660157,True,REGULAR,USD,2026-12-31,C
SPY261231C00490000,2026-08-20 15:10:58+00:00,490.0,282.57,0.0,0.0,0.0,0.0,1.0,0,1.0000000000000003e-05,True,REGULAR,USD,2026-12-31,C
SPY261231C00495000,2026-03-23 13:30:37+00:00,495.0,182.97,0.0,0.0,0.0,0.0,,0,1.0000000000000003e-05,True,REGULAR,USD,2026-12-31,C
SPY261231C00500000,2026-09-29 14:44:39+00:00,500.0,270.59,268.31,272.13,-2.2399902,-0.82102054,1.0,200,0.5663800686645508,True,REGULAR,USD,2026-12-31,C
SPY261231C00505000,2026-04-01 13:42:28+00:00,505.0,170.06,0.0,0.0,0.0,0.0,10.0,0,1.0000000000000003e-05,True,REGULAR,USD,2026-12-31,C
SPY261231C00510000,2026-08-10 19:30:04+00:00,510.0,270.42,0.0,0.0,0.0,0.0,10.0,0,1.0000000000000003e-05,True,REGULAR,USD,2026-12-31,C
SPY261231C00515000,2026-06-23 16:03:56+00:00,515.0,234.89,232.62,236.05,0.0,0.0,2.0,2,1.0000000000000003e-05,True,REGULAR,USD,2026-12-31,C
SPY261231C00520000,2026-09-11 15:05:03+00:00,520.0,249.56,248.5,252.32,0.0,0.0,2.0,18,0.5275315802001954,True,REGULAR,USD,2026-12-31,C
SPY261231C00525000,2026-09-15 13:49:31+00:00,525.0,239.76,243.72,247.51,0.0,0.0,1.0,7,0.5213976083374022,True,REGULAR,USD,2026-12-31,C
SPY261231C00530000,2026-06-05 14:20:10+00:00,530.0,233.06,0.0,0.0,0.0,0.0,2.0,0,1.0000000000000003e-05,True,REGULAR,USD,2026-12-31,C
SPY261231C00535000,2026-09-18 16:08:41+00:00,535.0,230.87,233.9,237.69,0.0,0.0,1.0,2,0.5039722454833984,True,REGULAR,USD,2026-12-31,C
SPY261231C00540000,2026-09-24 20:10:26+00:00,540.0,233.34,228.63,232.78,0.0,0.0,1.0,22,0.5311936529541017,True,REGULAR,USD,2026-12-31,C
SPY261231C00545000,2026-06-15 16:17:00+00:00,545.0,223.7,219.11,222.62,0.0,0.0,3.0,4,0.4076597320556641,True,REGULAR,USD,2026-12-31,C
SPY261231C00550000,2026-08-10 15:07:16+00:00,550.0,232.09,0.0,0.0,0.0,0.0,1.0,0,1.0000000000000003e-05,True,REGULAR,USD,2026-12-31,C
SPY261231C00555000,2026-08-10 15:52:59+00:00,555.0,227.69,0.0,0.0,0.0,0.0,2.0,0,1.0000000000000003e-05,True,REGULAR,USD,2026-12-31,C
SPY261231C00560000,2026-08-28 14:24:04+00:00,560.0,218.54,209.08,213.2,0.0,0.0,11.0,24,0.49454240814208983,True,REGULAR,USD,2026-12-31,C
SPY261231C00565000,2026-08-26 18:47:03+00:00,565.0,208.9,204.0,208.3,0.0,0.0,1.0,70,0.48532619171142577,True,REGULAR,USD,2026-12-31,C
SPY261231C00570000,2026-08-10 16:54:16+00:00,570.0,212.43,0.0,0.0,0.0,0.0,1.0,0,1.0000000000000003e-05,True,REGULAR,USD,2026-12-31,C
SPY261231C00575000,2026-09-24 18:55:51+00:00,575.0,199.9,194.48,198.53,0.0,0.0,1.0,792,0.46738203521728516,True,REGULAR,USD,2026-12-31,C
SPY261231C00580000,2026-09-10 13:42:40+00:00,580.0,185.42,189.69,193.52,0.0,0.0,6.0,26,0.4564873687744141,True,REGULAR,USD,2026-12-31,C
SPY261231C00585000,2026-08-31 17:33:02+00:00,585.0,187.61,184.95,188.64,0.0,0.0,1.0,21,0.4476068423461914,True,REGULAR,USD,2026-12-31,C
SPY261231C00590000,2026-09-14 16:32:46+00:00,590.0,178.82,179.71,183.89,0.0,0.0,1.0,35,0.44061838684082033,True,REGULAR,USD,2026-12-31,C
SPY261231C00595000,2026-08-13 13:51:57+00:00,595.0,191.78,0.0,0.0,0.0,0.0,1.0,0,1.0000000000000003e-05,True,REGULAR,USD,2026-12-31,C
SPY261231C00600000,2026-09-23 17:01:13+00:00,600.0,175.6,169.97,174.14,0.0,0.0,1.0,441,0.422857333984375,True,REGULAR,USD,2026-12-31,C
SPY261231C00605000,2026-09-29 14:36:21+00:00,605.0,168.15,165.02,168.97,-1.480011,-0.8724936,1.0,2179,0.40991801025390623,True,REGULAR,USD,2026-12-31,C
SPY261231C00610000,2026-09-24 16:41:09+00:00,610.0,166.5,160.1,164.43,0.0,0.0,1.0,387,0.4055540402221679,True,REGULAR,USD,2026-12-31,C
SPY261231C00615000,2026-09-09 15:47:21+00:00,615.0,155.33,155.42,159.43,0.0,0.0,1.0,205,0.3949645465087891,True,REGULAR,USD,2026-12-31,C
SPY261231C00620000,2026-09-25 16:08:57+00:00,620.0,159.66,150.77,154.61,0.0,0.0,1.0,268,0.38670962417602534,True,REGULAR,USD,2026-12-31,C
SPY261231C00621000,2026-06-05 15:00:32+00:00,621.0,148.58,0.0,0.0,0.0,0.0,1.0,0,1.0000000000000003e-05,True,REGULAR,USD,2026-12-31,C
SPY261231C00622000,2026-06-05 15:00:32+00:00,622.0,147.68,0.0,0.0,0.0,0.0,1.0,0,1.0000000000000003e-05,True,REGULAR,USD,2026-12-31,C
SPY261231C00623000,2026-06-05 15:02:29+00:00,623.0,146.9,0.0,0.0,0.0,0.0,1.0,0,1.0000000000000003e-05,True,REGULAR,USD,2026-12-31,C
SPY261231C00624000,2026-06-12 16:13:09+00:00,624.0,137.76,144.94,148.4,0.0,0.0,1.0,785,0.34909708526611327,True,REGULAR,USD,2026-12-31,C
SPY261231C00625000,2026-09-01 18:37:16+00:00,625.0,145.4,146.29,149.71,0.0,0.0,2.0,78,0.377386597290039,True,REGULAR,USD,2026-12-31,C
SPY261231C00626000,2026-06-05 15:02:47+00:00,626.0,143.8,0.0,0.0,0.0,0.0,1.0,0,1.0000000000000003e-05,True,REGULAR,USD,2026-12-31,C
SPY261231C00627000,2026-06-05 15:04:58+00:00,627.0,143.61,0.0,0.0,0.0,0.0,2.0,0,1.0000000000000003e-05,True,REGULAR,USD,2026-12-31,C
SPY261231C00628000,2026-09-11 14:38:37+00:00,628.0,145.51,143.69,146.66,0.0,0.0,2.0,179,0.37044391769409174,True,REGULAR,USD,2026-12-31,C
SPY261231C00629000,2026-08-06 17:26:41+00:00,629.0,152.97,0.0,0.0,0.0,0.0,1.0,0,1.0000000000000003e-05,True,REGULAR,USD,2026-12-31,C
SPY261231C00630000,2026-08-18 15:42:31+00:00,630.0,149.79,0.0,0.0,0.0,0.0,10.0,0,1.0000000000000003e-05,True,REGULAR,USD,2026-12-31,C
SPY261231C00631000,2026-06-05 15:05:26+00:00,631.0,139.73,0.0,0.0,0.0,0.0,1.0,0,1.0000000000000003e-05,True,REGULAR,USD,2026-12-31,C
SPY261231C00632000,2026-07-08 15:46:10+00:00,632.0,128.67,141.32,144.51,0.0,0.0,4.0,6,0.38396306961059573,True,REGULAR,USD,2026-12-31,C
SPY261231C00633000,2026-09-15 15:24:49+00:00,633.0,133.6,138.87,141.85,0.0,0.0,1.0,32,0.3622195126342773,True,REGULAR,USD,2026-12-31,C
SPY261231C00634000,2026-09-04 20:00:16+00:00,634.0,144.95,137.91,140.84,0.0,0.0,3.0,5,0.35999175170898434,True,REGULAR,USD,2026-12-31,C
SPY261231C00635000,2026-09-14 14:22:17+00:00,635.0,133.98,136.95,139.88,0.0,0.0,2.0,50,0.3583743362426758,True,REGULAR,USD,2026-12-31,C
SPY261231C00636000,2026-07-23 16:26:35+00:00,636.0,121.71,137.56,140.76,0.0,0.0,2.0,33,0.3780884945678711,True,REGULAR,USD,2026-12-31,C
SPY261231C00637000,2026-05-04 15:19:55+00:00,637.0,111.3,123.0,126.52,0.0,0.0,2.0,14,1.0000000000000003e-05,True,REGULAR,USD,2026-12-31,C
SPY261231C00638000,2026-07-30 19:59:12+00:00,638.0,120.33,138.96,142.49,0.0,0.0,1.0,4,0.4137479280090332,True,REGULAR,USD,2026-12-31,C
SPY261231C00639000,2026-09-08 19:23:12+00:00,639.0,136.94,133.11,136.05,0.0,0.0,6.0,22,0.35193519165039056,True,REGULAR,USD,2026-12-31,C
SPY261231C00640000,2026-09-03 15:52:20+00:00,640.0,142.47,132.15,135.08,0.0,0.0,1.0,346,0.35016518981933586,True,REGULAR,USD,2026-12-31,C
SPY261231C00641000,2026-08-11 14:33:38+00:00,641.0,145.58,0.0,0.0,0.0,0.0,1.0,0,1.0000000000000003e-05,True,REGULAR,USD,2026-12-31,C
SPY261231C00642000,2026-08-28 13:51:13+00:00,642.0,139.9,130.23,133.17,0.0,0.0,19.0,57,0.3469913934326171,True,REGULAR,USD,2026-12-31,C
SPY261231C00643000,2026-08-19 13:45:48+00:00,643.0,139.39,0.0,0.0,0.0,0.0,5.0,0,1.0000000000000003e-05,True,REGULAR,USD,2026-12-31,C
SPY261231C00644000,2026-04-17 14:25:42+00:00,644.0,98.1,116.99,120.51,0.0,0.0,1.0,0,1.0000000000000003e-05,True,REGULAR,USD,2026-12-31,C
SPY261231C00645000,2026-09-03 15:32:32+00:00,645.0,137.71,127.36,130.3,0.0,0.0,2.0,59,0.3421391470336914,True,REGULAR,USD,2026-12-31,C
SPY261231C00646000,2026-06-11 14:25:41+00:00,646.0,109.11,124.97,128.43,0.0,0.0,1.0,14,0.32996275512695306,True,REGULAR,USD,2026-12-31,C
SPY261231C00647000,2026-08-03 20:14:07+00:00,647.0,126.25,130.44,133.96,0.0,0.0,1.0,17,0.39765006652832036,True,REGULAR,USD,2026-12-31,C
SPY261231C00648000,2026-08-28 13:44:45+00:00,648.0,135.04,124.49,127.44,0.0,0.0,10.0,33,0.3373479351806641,True,REGULAR,USD,2026-12-31,C
SPY261231C00649000,2026-08-10 17:04:51+00:00,649.0,137.2,0.0,0.0,0.0,0.0,2.0,0,1.0000000000000003e-05,True,REGULAR,USD,2026-12-31,C
SPY261231C00650000,2026-09-29 17:21:26+00:00,650.0,121.23,122.13,125.73,4.050003,3.4562237,3.0,673,0.33634086517333983,True,REGULAR,USD,2026-12-31,C
SPY261231C00651000,2026-07-07 13:44:49+00:00,651.0,118.6,123.59,126.79,0.0,0.0,100.0,74,0.35629916168212883,True,REGULAR,USD,2026-12-31,C
SPY261231C00652000,2026-08-31 18:39:24+00:00,652.0,124.58,120.69,123.63,0.0,0.0,1.0,8,0.3309698251342773,True,REGULAR,USD,2026-12-31,C
SPY261231C00653000,2026-09-28 14:35:06+00:00,653.0,123.76,119.23,122.67,0.0,0.0,1.0,6,0.32926085784912107,True,REGULAR,USD,2026-12-31,C
SPY261231C00654000,2026-06-23 19:48:12+00:00,654.0,106.61,103.96,107.29,0.0,0.0,6.0,8,1.0000000000000003e-05,True,REGULAR,USD,2026-12-31,C
SPY261231C00655000,2026-09-16 19:08:29+00:00,655.0,109.02,117.37,120.77,0.0,0.0,50.0,193,0.3260870614624023,True,REGULAR,USD,2026-12-31,C
SPY261231C00656000,2026-05-11 13:48:56+00:00,656.0,111.5,117.66,119.68,0.0,0.0,1.0,11,0.32298955825805653,True,REGULAR,USD,2026-12-31,C
SPY261231C00657000,2026-09-21 16:13:38+00:00,657.0,125.04,115.39,118.88,0.0,0.0,1.0,9,0.32300481689453114,True,REGULAR,USD,2026-12-31,C
SPY261231C00658000,2026-07-29 16:10:32+00:00,658.0,95.62,120.09,123.61,0.0,0.0,2.0,10,0.3783478913879394,True,REGULAR,USD,2026-12-31,C
SPY261231C00659000,2026-08-18 14:29:16+00:00,659.0,123.49,0.0,0.0,0.0,0.0,1.0,0,1.0000000000000003e-05,True,REGULAR,USD,2026-12-31,C
SPY261231C00660000,2026-09-29 13:30:01+00:00,660.0,116.48,112.61,116.04,0.48000336,0.413796,1.0,119,0.31828989822387693,True,REGULAR,USD,2026-12-31,C
SPY261231C00661000,2026-06-10 15:43:30+00:00,661.0,98.58,111.6,115.03,0.0,0.0,2.0,13,0.31604687866210934,True,REGULAR,USD,2026-12-31,C
SPY261231C00662000,2026-06-12 16:39:42+00:00,662.0,104.43,110.72,114.14,0.0,0.0,2.0,9,0.3150398086547851,True,REGULAR,USD,2026-12-31,C
SPY261231C00663000,2026-09-09 20:06:09+00:00,663.0,110.48,109.82,113.21,0.0,0.0,5.0,16,0.3136360140991211,True,REGULAR,USD,2026-12-31,C
SPY261231C00664000,2026-08-20 14:44:09+00:00,664.0,116.63,0.0,0.0,0.0,0.0,1.0,0,1.0000000000000003e-05,True,REGULAR,USD,2026-12-31,C
SPY261231C00665000,2026-09-16 18:59:53+00:00,665.0,100.27,107.91,111.33,0.0,0.0,4.0,275,0.31055376953124997,True,REGULAR,USD,2026-12-31,C
SPY261231C00666000,2026-09-15 14:20:24+00:00,666.0,103.66,106.93,110.39,0.0,0.0,1.0,9,0.30902790588378903,True,REGULAR,USD,2026-12-31,C
SPY261231C00667000,2026-08-25 14:49:04+00:00,667.0,110.87,106.04,109.45,0.0,0.0,1.0,19,0.3074715249633788,True,REGULAR,USD,2026-12-31,C
SPY261231C00668000,2026-06-10 18:41:03+00:00,668.0,91.32,105.44,108.86,0.0,0.0,2.0,23,0.3094551477050781,True,REGULAR,USD,2026-12-31,C
SPY261231C00669000,2026-07-21 16:04:00+00:00,669.0,100.0,107.04,110.26,0.0,0.0,2.0,213,0.33067991104125977,True,REGULAR,USD,2026-12-31,C
SPY261231C00670000,2026-09-25 15:04:23+00:00,670.0,110.0,103.22,106.64,0.0,0.0,5.0,626,0.30289393402099607,True,REGULAR,USD,2026-12-31,C
SPY261231C00671000,2026-09-16 19:15:41+00:00,671.0,93.14,102.29,105.7,0.0,0.0,24.0,240,0.30132229446411135,True,REGULAR,USD,2026-12-31,C
SPY261231C00672000,2026-06-09 16:37:06+00:00,672.0,86.78,101.95,105.42,0.0,0.0,1.0,8,0.3062355754089356,True,REGULAR,USD,2026-12-31,C
SPY261231C00673000,2026-07-17 18:18:58+00:00,673.0,94.73,103.4,106.63,0.0,0.0,2.0,9,0.32507999145507804,True,REGULAR,USD,2026-12-31,C
SPY261231C00674000,2026-07-07 14:10:24+00:00,674.0,97.65,102.5,105.73,0.0,0.0,1.0,12,0.3237372314453124,True,REGULAR,USD,2026-12-31,C
SPY261231C00675000,2026-09-24 16:50:29+00:00,675.0,105.89,98.56,101.96,0.0,0.0,1.0,757,0.2951730639648437,True,REGULAR,USD,2026-12-31,C
SPY261231C00676000,2026-08-03 17:30:51+00:00,676.0,99.4,103.34,106.87,0.0,0.0,1.0,62,0.3474186352539062,True,REGULAR,USD,2026-12-31,C
SPY261231C00677000,2026-08-17 18:59:51+00:00,677.0,111.54,0.0,0.0,0.0,0.0,1.0,0,1.0000000000000003e-05,True,REGULAR,USD,2026-12-31,C
SPY261231C00678000,2026-09-09 19:49:01+00:00,678.0,97.08,95.73,99.17,0.0,0.0,2.0,166,0.29062599029541014,True,REGULAR,USD,2026-12-31,C
SPY261231C00679000,2026-09-22 14:41:25+00:00,679.0,105.65,94.82,98.24,0.0,0.0,1.0,13,0.28910012664794915,True,REGULAR,USD,2026-12-31,C
SPY261231C00680000,2026-09-28 15:50:31+00:00,680.0,96.62,93.84,97.31,0.0,0.0,3.0,995,0.28755900436401355,True,REGULAR,USD,2026-12-31,C
SPY261231C00681000,2026-09-21 17:29:11+00:00,681.0,103.25,92.93,95.0,0.0,0.0,3.0,135,0.2727733856201171,True,REGULAR,USD,2026-12-31,C
SPY261231C00682000,2026-09-03 15:13:32+00:00,682.0,101.53,92.02,95.46,0.0,0.0,88.0,56,0.28456831161499013,True,REGULAR,USD,2026-12-31,C
SPY261231C00683000,2026-09-17 19:53:52+00:00,683.0,91.71,91.09,94.37,0.0,0.0,1.0,23,0.2815013256835937,True,REGULAR,USD,2026-12-31,C
SPY261231C00684000,2026-08-10 16:31:59+00:00,684.0,104.6,0.0,0.0,0.0,0.0,1.0,0,1.0000000000000003e-05,True,REGULAR,USD,2026-12-31,C
SPY261231C00685000,2026-09-21 16:41:17+00:00,685.0,98.98,89.22,92.69,0.0,0.0,1.0,436,0.2800517552185058,True,REGULAR,USD,2026-12-31,C
SPY261231C00686000,2026-06-26 17:30:58+00:00,686.0,78.89,91.67,94.96,0.0,0.0,4.0,113,0.3070900590515136,True,REGULAR,USD,2026-12-31,C
SPY261231C00687000,2026-09-11 15:41:46+00:00,687.0,92.72,87.38,90.86,0.0,0.0,1.0,109,0.2771678729248046,True,REGULAR,USD,2026-12-31,C
SPY261231C00688000,2026-06-26 17:24:49+00:00,688.0,77.64,89.89,93.18,0.0,0.0,2.0,75,0.3043282458496094,True,REGULAR,USD,2026-12-31,C
SPY261231C00689000,2026-08-26 15:49:30+00:00,689.0,92.23,85.62,89.02,0.0,0.0,1.0,119,0.2741466629028321,True,REGULAR,USD,2026-12-31,C
SPY261231C00690000,2026-09-28 16:44:11+00:00,690.0,89.0,84.73,88.1,0.0,0.0,3.0,339,0.2726207992553711,True,REGULAR,USD,2026-12-31,C
SPY261231C00691000,2026-08-07 19:59:35+00:00,691.0,99.81,0.0,0.0,0.0,0.0,2.0,0,1.0000000000000003e-05,True,REGULAR,USD,2026-12-31,C
SPY261231C00692000,2026-09-22 14:41:53+00:00,692.0,93.39,82.9,86.25,0.0,0.0,1.0,144,0.2694622615051269,True,REGULAR,USD,2026-12-31,C
SPY261231C00693000,2026-09-09 13:40:23+00:00,693.0,84.56,82.05,85.33,0.0,0.0,1.0,57,0.2679058805847168,True,REGULAR,USD,2026-12-31,C
SPY261231C00694000,2026-08-07 19:10:03+00:00,694.0,96.7,0.0,0.0,0.0,0.0,2.0,0,1.0000000000000003e-05,True,REGULAR,USD,2026-12-31,C
SPY261231C00695000,2026-09-22 19:35:08+00:00,695.0,92.0,80.17,82.18,0.0,0.0,2.0,255,0.25318129638671877,True,REGULAR,USD,2026-12-31,C
SPY261231C00696000,2026-09-21 13:45:40+00:00,696.0,83.65,79.37,82.54,0.0,0.0,1.0,861,0.2629468237304688,True,REGULAR,USD,2026-12-31,C
SPY261231C00697000,2026-08-19 13:34:28+00:00,697.0,90.28,0.0,0.0,0.0,0.0,1.0,0,1.0000000000000003e-05,True,REGULAR,USD,2026-12-31,C
SPY261231C00698000,2026-08-31 16:09:37+00:00,698.0,82.31,77.58,80.73,0.0,0.0,1.0,172,0.2600324241638184,True,REGULAR,USD,2026-12-31,C
SPY261231C00699000,2026-09-16 19:54:24+00:00,699.0,69.71,76.74,79.8,0.0,0.0,1.0,257,0.25833871551513676,True,REGULAR,USD,2026-12-31,C
SPY261231C00700000,2026-09-28 14:45:54+00:00,700.0,78.77,75.84,78.84,0.0,0.0,2.0,1611,0.2563856100463867,True,REGULAR,USD,2026-12-31,C
SPY261231C00701000,2026-09-25 15:34:41+00:00,701.0,81.33,74.98,77.98,0.0,0.0,2.0,209,0.2552869882202149,True,REGULAR,USD,2026-12-31,C
SPY261231C00702000,2026-09-14 19:50:54+00:00,702.0,74.66,74.06,77.07,0.0,0.0,1.0,551,0.2537458659362793,True,REGULAR,USD,2026-12-31,C
SPY261231C00703000,2026-09-14 19:50:54+00:00,703.0,73.8,72.91,74.96,0.0,0.0,1.0,278,0.24202723312377927,True,REGULAR,USD,2026-12-31,C
SPY261231C00704000,2026-08-05 19:40:27+00:00,704.0,87.43,78.1,81.52,0.0,0.0,2.0,325,0.30109341491699215,True,REGULAR,USD,2026-12-31,C
SPY261231C00705000,2026-09-25 14:41:53+00:00,705.0,76.76,71.49,73.17,0.0,0.0,3.0,575,0.2392501612854004,True,REGULAR,USD,2026-12-31,C
SPY261231C00706000,2026-09-25 14:42:45+00:00,706.0,77.22,70.58,73.37,0.0,0.0,3.0,23,0.24695577270507812,True,REGULAR,USD,2026-12-31,C
SPY261231C00707000,2026-09-16 19:08:11+00:00,707.0,63.15,69.55,71.35,0.0,0.0,28.0,132,0.2361831753540039,True,REGULAR,USD,2026-12-31,C
SPY261231C00708000,2026-09-21 15:45:21+00:00,708.0,76.94,68.88,71.59,0.0,0.0,2.0,182,0.24408714904785156,True,REGULAR,USD,2026-12-31,C
SPY261231C00709000,2026-09-25 15:30:05+00:00,709.0,73.89,68.01,70.72,0.0,0.0,1.0,14,0.24279016494750977,True,REGULAR,USD,2026-12-31,C
SPY261231C00710000,2026-09-29 13:40:00+00:00,710.0,69.6,68.34,70.15,-0.010002136,-0.014368821,1.0,270,0.24390404541015626,True,REGULAR,USD,2026-12-31,C
SPY261231C00711000,2026-09-15 14:57:36+00:00,711.0,62.43,66.47,67.86,0.0,0.0,2.0,179,0.2311173080444336,True,REGULAR,USD,2026-12-31,C
SPY261231C00712000,2026-09-17 13:34:01+00:00,712.0,64.97,66.6,68.2,0.0,0.0,2.0,11,0.23955533401489254,True,REGULAR,USD,2026-12-31,C
SPY261231C00713000,2026-09-17 14:02:43+00:00,713.0,63.0,64.57,66.06,0.0,0.0,2.0,33,0.2280503221130371,True,REGULAR,USD,2026-12-31,C
SPY261231C00714000,2026-09-17 13:34:38+00:00,714.0,63.05,63.63,65.2,0.0,0.0,2.0,55,0.2268143725585937,True,REGULAR,USD,2026-12-31,C
SPY261231C00715000,2026-09-25 16:34:00+00:00,715.0,70.53,62.9,64.32,0.0,0.0,4.0,1134,0.22541057800292968,True,REGULAR,USD,2026-12-31,C
SPY261231C00716000,2026-09-29 16:26:06+00:00,716.0,62.1,61.94,63.42,-3.840004,-5.8234816,2.0,45,0.22383893844604486,True,REGULAR,USD,2026-12-31,C
SPY261231C00717000,2026-09-17 14:01:51+00:00,717.0,59.36,61.13,62.58,0.0,0.0,2.0,41,0.2227097993469238,True,REGULAR,USD,2026-12-31,C
SPY261231C00718000,2026-09-29 14:11:58+00:00,718.0,61.72,60.0,61.71,-3.6699982,-5.6124763,1.0,238,0.22135178070068356,True,REGULAR,USD,2026-12-31,C
SPY261231C00719000,2026-09-29 13:52:44+00:00,719.0,61.19,59.18,60.85,-8.610004,-12.335249,2.0,76,0.22003953796386716,True,REGULAR,USD,2026-12-31,C
SPY261231C00720000,2026-09-29 16:48:41+00:00,720.0,58.56,57.96,59.98,-1.2399979,-2.073575,4.0,2065,0.2186357434082031,True,REGULAR,USD,2026-12-31,C
SPY261231C00721000,2026-09-17 14:43:37+00:00,721.0,57.42,57.57,59.12,0.0,0.0,4.0,79,0.2172929833984375,True,REGULAR,USD,2026-12-31,C
SPY261231C00722000,2026-09-25 19:46:53+00:00,722.0,57.65,56.92,58.27,-6.949997,-10.75851,1.0,199,0.2160112579345703,True,REGULAR,USD,2026-12-31,C
SPY261231C00723000,2026-09-17 19:59:32+00:00,723.0,56.26,57.1,57.42,0.0,0.0,3.0,47,0.21469901519775392,True,REGULAR,USD,2026-12-31,C
SPY261231C00724000,2026-09-17 14:41:17+00:00,724.0,55.6,56.24,56.6,0.0,0.0,4.0,242,0.21361565200805666,True,REGULAR,USD,2026-12-31,C
SPY261231C00725000,2026-09-29 14:11:10+00:00,725.0,55.95,55.4,55.75,-2.1699982,-3.7336514,2.0,380,0.21227289199829102,True,REGULAR,USD,2026-12-31,C
SPY261231C00727000,2026-09-25 17:27:43+00:00,727.0,59.71,53.74,54.04,0.0,0.0,2.0,1,0.20948056152343747,True,REGULAR,USD,2026-12-31,C
SPY261231C00730000,2026-09-28 19:56:15+00:00,730.0,51.91,51.33,51.58,0.0,0.0,2.0,855,0.20591004058837886,True,REGULAR,USD,2026-12-31,C
SPY261231C00735000,2026-09-29 17:46:12+00:00,735.0,46.46,47.19,47.47,-1.8400002,-3.8095243,45.0,1973,0.19947089599609374,True,REGULAR,USD,2026-12-31,C
SPY261231C00740000,2026-09-29 18:37:52+00:00,740.0,42.96,43.2,43.5,-4.16,-8.828523,163.0,1506,0.1934589932250977,True,REGULAR,USD,2026-12-31,C
SPY261231C00743000,2026-09-28 16:18:10+00:00,743.0,42.69,40.84,41.12,0.0,0.0,28.0,29,0.1895832995605469,True,REGULAR,USD,2026-12-31,C
SPY261231C00745000,2026-09-29 18:38:56+00:00,745.0,39.36,39.34,39.55,-7.6100006,-16.201832,148.0,1471,0.1869893313598633,True,REGULAR,USD,2026-12-31,C
SPY261231C00750000,2026-09-29 18:38:56+00:00,750.0,35.59,35.58,35.74,-1.9599991,-5.2197046,144.0,3264,0.18080958358764648,True,REGULAR,USD,2026-12-31,C
SPY261231C00755000,2026-09-28 14:55:10+00:00,755.0,32.0,31.92,32.15,0.0,0.0,1.0,1163,0.17535462104797364,True,REGULAR,USD,2026-12-31,C
SPY261231C00759000,2026-09-24 16:34:00+00:00,759.0,31.85,29.18,29.35,0.0,0.0,,1,0.17087621124267582,True,REGULAR,USD,2026-12-31,C
SPY261231C00760000,2026-09-29 18:12:03+00:00,760.0,27.63,28.53,28.67,-2.0200005,-6.812818,13.0,4566,0.16980810668945315,True,REGULAR,USD,2026-12-31,C
SPY261231C00761000,2026-09-28 19:25:04+00:00,761.0,29.15,27.82,27.97,0.0,0.0,2.0,3,0.16855689849853522,True,REGULAR,USD,2026-12-31,C
SPY261231C00762000,2026-09-29 17:11:10+00:00,762.0,26.13,27.12,27.31,-1.4400005,-5.2230706,4.0,2,0.16754982849121097,True,REGULAR,USD,2026-12-31,C
SPY261231C00764000,2026-09-29 17:42:20+00:00,764.0,25.0,25.83,25.98,-1.8099995,-6.75121,10.0,6,0.1653373262023926,True,REGULAR,USD,2026-12-31,C
SPY261231C00765000,2026-09-29 18:50:15+00:00,765.0,25.23,25.19,25.36,-0.52000046,-2.0194192,74.0,1670,0.16445995460510252,False,REGULAR,USD,2026-12-31,C
SPY261231C00766000,2026-09-29 18:00:07+00:00,766.0,24.11,24.55,24.72,-1.3400002,-5.2652264,456.0,20,0.16341473800659184,False,REGULAR,USD,2026-12-31,C
SPY261231C00767000,2026-09-29 16:45:19+00:00,767.0,22.91,23.92,24.06,-1.8899994,-7.6209655,49.0,13,0.16220930572509767,False,REGULAR,USD,2026-12-31,C
SPY261231C00768000,2026-09-29 17:11:43+00:00,768.0,22.39,23.39,23.44,-3.3600006,-13.048546,24.0,45,0.16121749435424804,False,REGULAR,USD,2026-12-31,C
SPY261231C00769000,2026-09-29 17:07:55+00:00,769.0,22.23,22.78,22.82,-2.8700008,-11.434266,47.0,16,0.16018753639221192,False,REGULAR,USD,2026-12-31,C
SPY261231C00770000,2026-09-29 17:41:40+00:00,770.0,21.37,22.16,22.2,-1.4899998,-6.517934,58.0,1902,0.15911180252075197,False,REGULAR,USD,2026-12-31,C
SPY261231C00771000,2026-09-29 18:39:08+00:00,771.0,21.6,21.58,21.62,-1.1800003,-5.1799836,6.0,5,0.15825731887817385,False,REGULAR,USD,2026-12-31,C
SPY261231C00772000,2026-09-29 18:25:55+00:00,772.0,20.62,20.97,21.02,-4.41,-17.618856,1.0,2,0.15721973159790043,False,REGULAR,USD,2026-12-31,C
SPY261231C00773000,2026-09-24 19:33:49+00:00,773.0,20.81,20.41,20.45,-2.25,-9.757155,2.0,10,0.1563499893188477,False,REGULAR,USD,2026-12-31,C
SPY261231C00775000,2026-09-29 17:32:08+00:00,775.0,18.52,19.26,19.31,-1.3799992,-6.934669,39.0,3253,0.1544502890777588,False,REGULAR,USD,2026-12-31,C
SPY261231C00776000,2026-09-24 17:46:27+00:00,776.0,20.95,18.73,18.78,0.0,0.0,,1,0.15369498657226563,False,REGULAR,USD,2026-12-31,C
SPY261231C00777000,2026-09-29 17:35:03+00:00,777.0,17.48,18.18,18.23,-1.75,-9.100365,1.0,259,0.15276420974731447,False,REGULAR,USD,2026-12-31,C
SPY261231C00778000,2026-09-25 16:28:25+00:00,778.0,17.39,17.65,17.7,-4.290001,-19.787827,20.0,2,0.15190972610473635,False,REGULAR,USD,2026-12-31,C
SPY261231C00780000,2026-09-29 18:52:53+00:00,780.0,16.64,16.6,16.65,-0.3600006,-2.1176507,283.0,2646,0.15013972427368166,False,REGULAR,USD,2026-12-31,C
SPY261231C00781000,2026-09-29 17:55:53+00:00,781.0,15.23,16.11,16.16,-4.0699997,-21.088081,15.0,3,0.1494073097229004,False,REGULAR,USD,2026-12-31,C
SPY261231C00784000,2026-09-29 18:30:17+00:00,784.0,14.49,14.64,14.68,-1.1500006,-7.352945,48.0,22,0.14685911743164062,False,REGULAR,USD,2026-12-31,C
SPY261231C00785000,2026-09-29 18:47:14+00:00,785.0,14.14,14.18,14.23,-1.4799995,-9.475029,174.0,1693,0.14618773742675778,False,REGULAR,USD,2026-12-31,C
SPY261231C00786000,2026-09-29 17:31:48+00:00,786.0,13.07,13.73,13.77,-1.4700003,-10.110044,21.0,28,0.14540954696655273,False,REGULAR,USD,2026-12-31,C
SPY261231C00787000,2026-09-29 14:07:26+00:00,787.0,13.38,13.29,13.32,-1.5999994,-10.680904,1.0,20,0.1446466151428223,False,REGULAR,USD,2026-12-31,C
SPY261231C00789000,2026-09-29 15:12:34+00:00,789.0,12.06,12.42,12.47,-3.08,-20.34346,1.0,2,0.14330385513305666,False,REGULAR,USD,2026-12-31,C
SPY261231C00790000,2026-09-29 18:47:55+00:00,790.0,11.93,12.01,12.05,-0.67999935,-5.392541,72.0,2787,0.14258669921875,False,REGULAR,USD,2026-12-31,C
SPY261231C00794000,2026-09-28 18:45:07+00:00,794.0,11.5,10.42,10.47,0.0,0.0,3.0,3,0.13988592056274413,False,REGULAR,USD,2026-12-31,C
SPY261231C00795000,2026-09-28 19:43:24+00:00,795.0,10.53,10.06,10.1,0.0,0.0,12.0,1438,0.1392450578308106,False,REGULAR,USD,2026-12-31,C
SPY261231C00796000,2026-09-29 17:40:53+00:00,796.0,9.21,9.72,9.76,-0.85999966,-8.5402155,2.0,12,0.1387720401000977,False,REGULAR,USD,2026-12-31,C
SPY261231C00798000,2026-09-28 17:57:55+00:00,798.0,9.39,9.03,9.07,-0.6899996,-6.8452334,1.0,2,0.13759712509155275,False,REGULAR,USD,2026-12-31,C
SPY261231C00799000,2026-09-28 14:14:05+00:00,799.0,9.88,8.7,8.73,0.0,0.0,2.0,5,0.13695626235961916,False,REGULAR,USD,2026-12-31,C
SPY261231C00800000,2026-09-29 18:51:53+00:00,800.0,8.39,8.38,8.42,-0.4499998,-5.0904956,158.0,7636,0.13648324462890626,False,REGULAR,USD,2026-12-31,C
SPY261231C00802000,2026-09-29 17:45:44+00:00,802.0,7.32,7.77,7.81,-0.8200002,-10.073711,58.0,14,0.13547617462158207,False,REGULAR,USD,2026-12-31,C
SPY261231C00803000,2026-09-25 15:12:01+00:00,803.0,9.14,7.49,7.52,0.0,0.0,4.0,4,0.13498789825439456,False,REGULAR,USD,2026-12-31,C
SPY261231C00805000,2026-09-29 18:22:44+00:00,805.0,6.78,6.92,6.95,-0.48000002,-6.61157,1205.0,1520,0.13395031097412108,False,REGULAR,USD,2026-12-31,C
SPY261231C00806000,2026-09-25 18:46:04+00:00,806.0,6.16,6.66,6.7,-2.7600002,-30.941708,1.0,2,0.1336298796081543,False,REGULAR,USD,2026-12-31,C
SPY261231C00808000,2026-09-29 16:05:49+00:00,808.0,5.69,6.14,6.18,-2.8300004,-33.215965,1.0,1,0.1326685855102539,False,REGULAR,USD,2026-12-31,C
SPY261231C00810000,2026-09-29 18:36:57+00:00,810.0,5.55,5.68,5.72,-0.40999985,-6.879192,17.0,2956,0.13198194686889647,False,REGULAR,USD,2026-12-31,C
SPY261231C00815000,2026-09-29 18:39:30+00:00,815.0,4.63,4.62,4.66,-0.2999997,-6.085187,76.0,3937,0.13013565185546871,False,REGULAR,USD,2026-12-31,C
SPY261231C00816000,2026-09-28 13:33:09+00:00,816.0,5.43,4.43,4.47,0.0,0.0,86.0,91,0.12979996185302733,False,REGULAR,USD,2026-12-31,C
SPY261231C00818000,2026-09-29 16:05:48+00:00,818.0,3.73,4.07,4.11,-0.90999985,-19.612066,1.0,452,0.12917435775756836,False,REGULAR,USD,2026-12-31,C
SPY261231C00819000,2026-09-29 18:41:27+00:00,819.0,3.98,3.9,3.94,-0.25,-5.9101653,259.0,56,0.12888444366455076,False,REGULAR,USD,2026-12-31,C
SPY261231C00820000,2026-09-29 18:42:27+00:00,820.0,3.81,3.74,3.77,-0.09000015,-2.307696,74.0,2278,0.12853349502563477,False,REGULAR,USD,2026-12-31,C
SPY261231C00821000,2026-09-25 19:44:59+00:00,821.0,5.0,3.58,3.62,0.0,0.0,6.0,6,0.1283351327514648,False,REGULAR,USD,2026-12-31,C
SPY261231C00823000,2026-09-29 16:40:32+00:00,823.0,3.0,3.29,3.32,-0.73,-19.571045,3.0,98,0.12781633911132811,False,REGULAR,USD,2026-12-31,C
SPY261231C00825000,2026-09-29 16:45:29+00:00,825.0,2.67,3.01,3.04,-0.53,-16.562498,9.0,3426,0.1272670281982422,False,REGULAR,USD,2026-12-31,C
SPY261231C00828000,2026-09-28 13:38:03+00:00,828.0,3.24,2.64,2.67,0.0,0.0,1.0,1,0.126687200012207,False,REGULAR,USD,2026-12-31,C
SPY261231C00830000,2026-09-29 18:22:44+00:00,830.0,2.35,2.41,2.43,-0.21000004,-8.203127,44.0,3185,0.12610737182617188,False,REGULAR,USD,2026-12-31,C
SPY261231C00835000,2026-09-29 18:39:50+00:00,835.0,1.91,1.92,1.95,-0.18999994,-9.047617,10.0,3344,0.12543599182128906,False,REGULAR,USD,2026-12-31,C
SPY261231C00836000,2026-09-29 18:00:02+00:00,836.0,1.66,1.84,1.86,-1.11,-40.0722,1.0,1,0.12522237091064453,False,REGULAR,USD,2026-12-31,C
SPY261231C00837000,2026-09-28 19:48:29+00:00,837.0,1.86,1.76,1.78,0.0,0.0,2.0,2,0.12513081909179688,False,REGULAR,USD,2026-12-31,C
SPY261231C00840000,2026-09-29 18:08:16+00:00,840.0,1.43,1.53,1.54,-0.23000002,-13.855423,35.0,2273,0.12455099090576172,False,REGULAR,USD,2026-12-31,C
SPY261231C00841000,2026-09-25 17:22:56+00:00,841.0,2.21,1.46,1.48,0.0,0.0,1.0,1,0.12464254272460937,False,REGULAR,USD,2026-12-31,C
SPY261231C00845000,2026-09-29 18:39:50+00:00,845.0,1.21,1.22,1.23,-0.21999991,-15.384609,76.0,1441,0.12424581817626953,False,REGULAR,USD,2026-12-31,C
SPY261231C00850000,2026-09-29 18:47:05+00:00,850.0,0.98,0.97,0.98,-0.049999952,-4.8543644,46.0,12178,0.12409323181152344,False,REGULAR,USD,2026-12-31,C
SPY261231C00855000,2026-09-29 16:57:54+00:00,855.0,0.79,0.77,0.78,-0.049999952,-5.9523754,22.0,1967,0.124032197265625,False,REGULAR,USD,2026-12-31,C
SPY261231C00860000,2026-09-28 18:17:27+00:00,860.0,0.75,0.62,0.64,0.0,0.0,38.0,3390,0.12476461181640625,False,REGULAR,USD,2026-12-31,C
SPY261231C00865000,2026-09-29 18:06:10+00:00,865.0,0.48,0.51,0.52,-0.049999982,-9.433959,7.0,1422,0.1253139227294922,False,REGULAR,USD,2026-12-31,C
SPY261231C00870000,2026-09-29 16:20:30+00:00,870.0,0.38,0.41,0.42,-0.06999999,-15.555553,8.0,1786,0.1258021990966797,False,REGULAR,USD,2026-12-31,C
SPY261231C00875000,2026-09-28 16:33:47+00:00,875.0,0.37,0.34,0.35,-0.03999999,-9.756095,1.0,722,0.12690082092285154,False,REGULAR,USD,2026-12-31,C
SPY261231C00880000,2026-09-29 16:14:24+00:00,880.0,0.26,0.28,0.3,-0.08000001,-23.529415,40.0,565,0.12854875366210936,False,REGULAR,USD,2026-12-31,C
SPY261231C00885000,2026-09-29 17:18:47+00:00,885.0,0.22,0.24,0.25,-0.099999994,-31.249998,2.0,1264,0.12964737548828126,False,REGULAR,USD,2026-12-31,C
SPY261231C00890000,2026-09-29 13:30:00+00:00,890.0,0.23,0.21,0.22,-0.07000001,-23.333336,1.0,682,0.13160048095703125,False,REGULAR,USD,2026-12-31,C
SPY261231C00895000,2026-09-29 17:38:46+00:00,895.0,0.17,0.18,0.19,-0.019999996,-10.526314,8.0,1019,0.1333094482421875,False,REGULAR,USD,2026-12-31,C
SPY261231C00900000,2026-09-29 16:51:36+00:00,900.0,0.15,0.16,0.17,-0.019999996,-11.764703,50.0,9104,0.13538462280273442,False,REGULAR,USD,2026-12-31,C
SPY261231C00905000,2026-09-21 19:19:33+00:00,905.0,0.31,0.14,0.15,0.0,0.0,7.0,492,0.13721565917968753,False,REGULAR,USD,2026-12-31,C
SPY261231C00910000,2026-09-29 16:07:40+00:00,910.0,0.12,0.12,0.13,-0.020000003,-14.285716,3.0,734,0.13868048828125001,False,REGULAR,USD,2026-12-31,C
SPY261231C00915000,2026-09-28 18:46:11+00:00,915.0,0.12,0.11,0.12,0.0,0.0,1.0,553,0.14136600830078128,False,REGULAR,USD,2026-12-31,C
SPY261231C00920000,2026-09-28 14:38:59+00:00,920.0,0.09,0.1,0.11,-0.019999996,-18.181814,10.0,417,0.143563251953125,False,REGULAR,USD,2026-12-31,C
SPY261231C00925000,2026-09-21 17:48:36+00:00,925.0,0.18,0.09,0.1,0.0,0.0,1.0,303,0.14576049560546872,False,REGULAR,USD,2026-12-31,C
SPY261231C00930000,2026-09-23 13:49:36+00:00,930.0,0.12,0.08,0.09,0.0,0.0,1.0,262,0.14771360107421877,False,REGULAR,USD,2026-12-31,C
SPY261231C00935000,2026-09-29 13:31:49+00:00,935.0,0.07,0.07,0.08,-0.030000001,-30.0,20.0,165,0.149422568359375,False,REGULAR,USD,2026-12-31,C
SPY261231C00940000,2026-09-29 15:58:05+00:00,940.0,0.06,0.06,0.07,-0.010000002,-14.285716,2.0,697,0.15088739746093754,False,REGULAR,USD,2026-12-31,C
SPY261231P00460000,2026-09-29 17:16:59+00:00,460.0,0.52,0.48,0.49,0.0,0.0,37.0,2056,0.4370173486328125,False,REGULAR,USD,2026-12-31,P
SPY261231P00465000,2026-09-09 17:53:43+00:00,465.0,0.77,0.5,0.51,0.0,0.0,1.0,305,0.4309138940429688,False,REGULAR,USD,2026-12-31,P
SPY261231P00470000,2026-09-25 15:54:53+00:00,470.0,0.6,0.53,0.54,0.0,0.0,4.0,55,0.42578699218750005,False,REGULAR,USD,2026-12-31,P
SPY261231P00475000,2026-09-28 19:53:02+00:00,475.0,0.61,0.56,0.57,0.0,0.0,210.0,704,0.4204159521484375,False,REGULAR,USD,2026-12-31,P
SPY261231P00480000,2026-09-25 17:12:04+00:00,480.0,0.63,0.58,0.59,0.0,0.0,8.0,16168,0.414068359375,False,REGULAR,USD,2026-12-31,P
SPY261231P00485000,2026-09-28 14:02:53+00:00,485.0,0.66,0.61,0.62,0.0,0.0,2.0,344,0.4085752502441406,False,REGULAR,USD,2026-12-31,P
SPY261231P00490000,2026-09-29 14:32:21+00:00,490.0,0.63,0.64,0.65,-0.09000003,-12.500005,45.0,7598,0.40296007202148443,False,REGULAR,USD,2026-12-31,P
SPY261231P00495000,2026-09-29 13:51:32+00:00,495.0,0.69,0.67,0.68,-0.04000002,-5.4794545,10.0,183,0.39722282470703124,False,REGULAR,USD,2026-12-31,P
SPY261231P00500000,2026-09-29 15:22:45+00:00,500.0,0.74,0.71,0.72,0.0,0.0,9.0,1397,0.39234006103515623,False,REGULAR,USD,2026-12-31,P
SPY261231P00505000,2026-09-28 14:03:24+00:00,505.0,0.8,0.74,0.75,0.0,0.0,2.0,373,0.3864807446289062,False,REGULAR,USD,2026-12-31,P
SPY261231P00510000,2026-09-28 14:02:31+00:00,510.0,0.81,0.78,0.79,-0.01999998,-2.4096363,160.0,798,0.3812317736816406,False,REGULAR,USD,2026-12-31,P
SPY261231P00515000,2026-09-29 15:52:02+00:00,515.0,0.84,0.81,0.82,-0.030000031,-3.4482794,4.0,115,0.3751283190917969,False,REGULAR,USD,2026-12-31,P
SPY261231P00520000,2026-09-29 17:20:56+00:00,520.0,0.9,0.85,0.86,0.0,0.0,1.0,941,0.36975727905273437,False,REGULAR,USD,2026-12-31,P
SPY261231P00525000,2026-09-28 19:34:41+00:00,525.0,0.95,0.89,0.9,0.0,0.0,6.0,714,0.36414210083007814,False,REGULAR,USD,2026-12-31,P
SPY261231P00530000,2026-09-29 16:34:53+00:00,530.0,0.98,0.93,0.94,-0.049999952,-4.8543644,452.0,805,0.3585269226074219,False,REGULAR,USD,2026-12-31,P
SPY261231P00535000,2026-09-29 17:52:23+00:00,535.0,1.03,0.98,0.99,-0.05000007,-4.6296363,6.0,15319,0.3534000207519531,False,REGULAR,USD,2026-12-31,P
SPY261231P00540000,2026-09-29 16:58:32+00:00,540.0,1.08,1.02,1.03,-0.00999999,-0.9174303,4.0,632,0.34754070434570306,False,REGULAR,USD,2026-12-31,P
SPY261231P00545000,2026-09-25 15:02:15+00:00,545.0,1.18,1.07,1.08,0.0,0.0,2.0,1127,0.3421696643066406,False,REGULAR,USD,2026-12-31,P
SPY261231P00550000,2026-09-29 15:44:21+00:00,550.0,1.15,1.12,1.13,-0.13,-10.15625,12.0,2070,0.33667655517578127,False,REGULAR,USD,2026-12-31,P
SPY261231P00555000,2026-09-25 18:57:43+00:00,555.0,1.23,1.18,1.19,0.0,0.0,4.0,593,0.3315496533203125,False,REGULAR,USD,2026-12-31,P
SPY261231P00560000,2026-09-29 15:32:05+00:00,560.0,1.3,1.23,1.25,0.049999952,3.9999962,80.0,898,0.3262396478271484,False,REGULAR,USD,2026-12-31,P
SPY261231P00565000,2026-09-25 16:31:33+00:00,565.0,1.33,1.3,1.31,0.0,0.0,273.0,600,0.3208686077880859,False,REGULAR,USD,2026-12-31,P
SPY261231P00570000,2026-09-28 14:40:07+00:00,570.0,1.49,1.36,1.38,0.0,0.0,2.0,938,0.3157417059326171,False,REGULAR,USD,2026-12-31,P
SPY261231P00575000,2026-09-28 18:55:31+00:00,575.0,1.46,1.43,1.44,0.0,0.0,5.0,891,0.31012652770996096,False,REGULAR,USD,2026-12-31,P
SPY261231P00580000,2026-09-29 17:40:44+00:00,580.0,1.56,1.5,1.51,0.029999971,1.9607825,6.0,2231,0.30475548767089844,False,REGULAR,USD,2026-12-31,P
SPY261231P00585000,2026-09-28 13:59:34+00:00,585.0,1.66,1.58,1.59,0.0,0.0,1.0,203,0.2995675512695312,False,REGULAR,USD,2026-12-31,P
SPY261231P00588000,2026-09-25 13:33:30+00:00,588.0,1.76,1.62,1.64,0.0,0.0,10.0,10,0.29651582397460935,False,REGULAR,USD,2026-12-31,P
SPY261231P00589000,2026-09-28 18:34:10+00:00,589.0,1.67,1.64,1.65,0.0,0.0,2.0,2,0.2952340985107421,False,REGULAR,USD,2026-12-31,P
SPY261231P00590000,2026-09-29 17:50:53+00:00,590.0,1.73,1.66,1.68,0.05000007,2.9761949,2.0,944,0.2946237530517578,False,REGULAR,USD,2026-12-31,P
SPY261231P00592000,2026-09-25 15:57:26+00:00,592.0,1.83,1.69,1.71,0.0,0.0,170.0,210,0.29242650939941395,False,REGULAR,USD,2026-12-31,P
SPY261231P00595000,2026-09-28 17:18:44+00:00,595.0,1.76,1.74,1.76,0.0,0.0,3.0,643,0.28919167846679683,False,REGULAR,USD,2026-12-31,P
SPY261231P00599000,2026-09-25 15:57:26+00:00,599.0,1.96,1.82,1.83,0.0,0.0,243.0,493,0.2849192602539062,False,REGULAR,USD,2026-12-31,P
SPY261231P00600000,2026-09-29 16:45:36+00:00,600.0,1.95,1.84,1.85,0.00999999,0.5154634,11.0,3800,0.28388167297363276,False,REGULAR,USD,2026-12-31,P
SPY261231P00601000,2026-09-25 16:04:12+00:00,601.0,1.9,1.86,1.88,0.0,0.0,61.0,275,0.28321029296874994,False,REGULAR,USD,2026-12-31,P
SPY261231P00604000,2026-09-24 16:23:24+00:00,604.0,2.15,1.92,1.93,0.0,0.0,,14,0.2797923583984374,False,REGULAR,USD,2026-12-31,P
SPY261231P00605000,2026-09-28 17:37:37+00:00,605.0,1.98,1.94,1.96,0.0,0.0,91.0,2769,0.2790599438476562,False,REGULAR,USD,2026-12-31,P
SPY261231P00606000,2026-09-25 19:45:18+00:00,606.0,1.93,1.97,1.98,0.0,0.0,10.0,10,0.27802235656738283,False,REGULAR,USD,2026-12-31,P
SPY261231P00608000,2026-09-24 16:25:54+00:00,608.0,2.25,2.01,2.03,0.0,0.0,,14,0.27616080291748035,False,REGULAR,USD,2026-12-31,P
SPY261231P00609000,2026-09-25 13:33:30+00:00,609.0,2.17,2.03,2.04,0.0,0.0,10.0,11,0.2747875256347656,False,REGULAR,USD,2026-12-31,P
SPY261231P00610000,2026-09-29 17:09:52+00:00,610.0,2.18,2.04,2.06,0.11000013,5.3140163,90.0,9537,0.27374993835449213,False,REGULAR,USD,2026-12-31,P
SPY261231P00612000,2026-09-25 13:58:27+00:00,612.0,2.19,2.1,2.12,0.0,0.0,315.0,315,0.27210200561523434,False,REGULAR,USD,2026-12-31,P
SPY261231P00613000,2026-09-28 16:40:12+00:00,613.0,2.17,2.12,2.14,0.0,0.0,1.0,3,0.2710033837890625,False,REGULAR,USD,2026-12-31,P
SPY261231P00614000,2026-09-24 17:19:45+00:00,614.0,2.34,2.13,2.16,0.0,0.0,,2,0.2699047619628906,False,REGULAR,USD,2026-12-31,P
SPY261231P00615000,2026-09-28 19:28:33+00:00,615.0,2.24,2.17,2.18,0.0,0.0,4.0,7473,0.2688061401367187,False,REGULAR,USD,2026-12-31,P
SPY261231P00616000,2026-09-25 20:13:34+00:00,616.0,2.19,2.18,2.2,0.0,0.0,324.0,324,0.2676464837646484,False,REGULAR,USD,2026-12-31,P
SPY261231P00617000,2026-09-29 16:49:46+00:00,617.0,2.33,2.22,2.24,-0.10000014,-4.115232,67.0,64,0.2670361383056641,False,REGULAR,USD,2026-12-31,P
SPY261231P00620000,2026-09-28 19:38:39+00:00,620.0,2.4,2.29,2.3,0.0,0.0,78.0,3234,0.2636182037353516,False,REGULAR,USD,2026-12-31,P
SPY261231P00621000,2026-09-29 17:53:39+00:00,621.0,2.45,2.31,2.33,0.049999952,2.0833313,1.0,363,0.26273320281982426,False,REGULAR,USD,2026-12-31,P
SPY261231P00622000,2026-09-29 14:02:03+00:00,622.0,2.32,2.33,2.36,-0.03999996,-1.6949137,63.0,446,0.2618176846313477,False,REGULAR,USD,2026-12-31,P
SPY261231P00623000,2026-08-31 13:52:37+00:00,623.0,3.65,2.36,2.38,0.0,0.0,2.0,151,0.2606580282592773,False,REGULAR,USD,2026-12-31,P
SPY261231P00624000,2026-08-26 16:39:47+00:00,624.0,4.01,2.4,2.42,0.0,0.0,2.0,154,0.2599561309814453,False,REGULAR,USD,2026-12-31,P
SPY261231P00625000,2026-09-29 13:50:40+00:00,625.0,2.49,2.43,2.44,0.06999993,2.892559,8.0,489,0.25879647460937505,False,REGULAR,USD,2026-12-31,P
SPY261231P00626000,2026-09-25 15:42:18+00:00,626.0,2.62,2.44,2.47,0.0,0.0,249.0,176,0.257819921875,False,REGULAR,USD,2026-12-31,P
SPY261231P00627000,2026-09-25 20:13:34+00:00,627.0,2.46,2.47,2.49,0.0,0.0,248.0,1170,0.25666026550292964,False,REGULAR,USD,2026-12-31,P
SPY261231P00628000,2026-09-25 14:04:54+00:00,628.0,2.76,2.51,2.53,0.0,0.0,2.0,162,0.2558973336791992,False,REGULAR,USD,2026-12-31,P
SPY261231P00629000,2026-09-23 15:29:02+00:00,629.0,2.59,2.54,2.56,0.0,0.0,15.0,296,0.2549207809448243,False,REGULAR,USD,2026-12-31,P
SPY261231P00630000,2026-09-29 15:34:46+00:00,630.0,2.64,2.57,2.58,0.06000018,2.3255885,250.0,682,0.2537306072998047,False,REGULAR,USD,2026-12-31,P
SPY261231P00631000,2026-09-25 16:36:02+00:00,631.0,2.57,2.59,2.62,0.0,0.0,228.0,135,0.252937158203125,False,REGULAR,USD,2026-12-31,P
SPY261231P00632000,2026-09-25 14:04:17+00:00,632.0,2.72,2.62,2.65,-0.12999988,-4.5613995,29.0,99,0.25193008819580076,False,REGULAR,USD,2026-12-31,P
SPY261231P00633000,2026-09-28 19:58:52+00:00,633.0,2.76,2.65,2.68,0.0,0.0,1.0,36,0.2509230181884765,False,REGULAR,USD,2026-12-31,P
SPY261231P00634000,2026-09-25 15:42:18+00:00,634.0,2.86,2.68,2.71,0.0,0.0,245.0,360,0.24988543090820312,False,REGULAR,USD,2026-12-31,P
SPY261231P00635000,2026-09-28 19:41:30+00:00,635.0,2.85,2.72,2.74,0.0,0.0,24.0,716,0.2488478436279297,False,REGULAR,USD,2026-12-31,P
SPY261231P00636000,2026-09-25 20:13:34+00:00,636.0,2.71,2.75,2.77,0.0,0.0,143.0,310,0.24781025634765624,False,REGULAR,USD,2026-12-31,P
SPY261231P00637000,2026-09-25 14:05:00+00:00,637.0,3.05,2.78,2.81,0.0,0.0,1.0,272,0.24695577270507812,False,REGULAR,USD,2026-12-31,P
SPY261231P00638000,2026-09-28 14:07:09+00:00,638.0,2.9,2.82,2.84,0.0,0.0,1.0,196,0.2459181854248047,False,REGULAR,USD,2026-12-31,P
SPY261231P00639000,2026-09-25 20:13:34+00:00,639.0,2.8,2.84,2.87,0.0,0.0,218.0,779,0.24485008087158205,False,REGULAR,USD,2026-12-31,P
SPY261231P00640000,2026-09-29 15:28:41+00:00,640.0,3.02,2.89,2.91,0.16000009,5.5944085,5.0,1239,0.2439650799560547,False,REGULAR,USD,2026-12-31,P
SPY261231P00641000,2026-09-16 18:40:14+00:00,641.0,4.4,2.92,2.94,0.0,0.0,24.0,219,0.242896975402832,False,REGULAR,USD,2026-12-31,P
SPY261231P00642000,2026-09-24 17:19:08+00:00,642.0,3.15,2.96,2.98,0.0,0.0,1.0,122,0.2419814572143555,False,REGULAR,USD,2026-12-31,P
SPY261231P00643000,2026-09-24 14:43:51+00:00,643.0,3.33,2.99,3.02,0.0,0.0,1.0,448,0.24109645629882812,False,REGULAR,USD,2026-12-31,P
SPY261231P00644000,2026-09-22 18:35:39+00:00,644.0,2.83,3.03,3.05,0.0,0.0,1.0,18,0.239967317199707,False,REGULAR,USD,2026-12-31,P
SPY261231P00645000,2026-09-28 14:02:54+00:00,645.0,2.98,3.06,3.08,-0.119999886,-3.870964,3.0,1693,0.23883817810058594,False,REGULAR,USD,2026-12-31,P
SPY261231P00646000,2026-09-04 18:30:53+00:00,646.0,3.84,3.1,3.12,0.0,0.0,5.0,66,0.23792265991210934,False,REGULAR,USD,2026-12-31,P
SPY261231P00647000,2026-09-24 15:51:12+00:00,647.0,3.68,3.15,3.17,0.0,0.0,1.0,256,0.23715972808837887,False,REGULAR,USD,2026-12-31,P
SPY261231P00648000,2026-09-24 18:08:42+00:00,648.0,3.49,3.17,3.2,0.0,0.0,11.0,68,0.23600007171630855,False,REGULAR,USD,2026-12-31,P
SPY261231P00649000,2026-09-28 18:39:31+00:00,649.0,3.26,3.21,3.24,0.0,0.0,4.0,119,0.23502351898193358,False,REGULAR,USD,2026-12-31,P
SPY261231P00650000,2026-09-29 18:41:41+00:00,650.0,3.26,3.26,3.28,-0.099999905,-2.9761877,1211.0,3542,0.23404696624755855,False,REGULAR,USD,2026-12-31,P
SPY261231P00651000,2026-09-28 17:56:13+00:00,651.0,3.3,3.29,3.32,0.0,0.0,1.0,103,0.23303989624023438,False,REGULAR,USD,2026-12-31,P
SPY261231P00652000,2026-09-29 13:51:13+00:00,652.0,3.33,3.34,3.37,0.12999988,4.062496,1.0,155,0.23221592987060546,False,REGULAR,USD,2026-12-31,P
SPY261231P00653000,2026-09-25 14:27:09+00:00,653.0,3.63,3.38,3.41,0.0,0.0,14.0,150,0.23120885986328127,False,REGULAR,USD,2026-12-31,P
SPY261231P00654000,2026-09-25 17:09:58+00:00,654.0,3.37,3.42,3.45,0.0,0.0,235.0,294,0.2301712725830078,False,REGULAR,USD,2026-12-31,P
SPY261231P00655000,2026-09-29 17:08:49+00:00,655.0,3.67,3.47,3.49,0.31000018,9.226196,5.0,367,0.2291642025756836,False,REGULAR,USD,2026-12-31,P
SPY261231P00656000,2026-09-22 19:56:36+00:00,656.0,3.22,3.51,3.53,0.0,0.0,20.0,198,0.22809609802246095,False,REGULAR,USD,2026-12-31,P
SPY261231P00657000,2026-09-28 18:27:00+00:00,657.0,3.56,3.55,3.58,0.0,0.0,2.0,151,0.22721109710693355,False,REGULAR,USD,2026-12-31,P
SPY261231P00658000,2026-09-29 17:55:26+00:00,658.0,3.82,3.61,3.63,0.25,7.0028014,6.0,102,0.22632609619140626,False,REGULAR,USD,2026-12-31,P
SPY261231P00659000,2026-09-29 15:32:52+00:00,659.0,3.81,3.65,3.68,-2.04,-34.871796,22.0,204,0.22541057800292968,False,REGULAR,USD,2026-12-31,P
SPY261231P00660000,2026-09-29 17:09:52+00:00,660.0,3.93,3.7,3.73,0.1400001,3.6939342,13.0,2627,0.2244645425415039,False,REGULAR,USD,2026-12-31,P
SPY261231P00661000,2026-09-24 14:26:29+00:00,661.0,4.07,3.75,3.77,0.0,0.0,37.0,624,0.223365920715332,False,REGULAR,USD,2026-12-31,P
SPY261231P00662000,2026-09-17 18:18:05+00:00,662.0,4.8,3.8,3.82,0.0,0.0,1.0,137,0.2224198852539062,False,REGULAR,USD,2026-12-31,P
SPY261231P00663000,2026-09-14 15:05:40+00:00,663.0,5.89,3.84,3.87,0.0,0.0,3.0,427,0.22147384979248047,False,REGULAR,USD,2026-12-31,P
SPY261231P00664000,2026-09-28 19:12:15+00:00,664.0,3.96,3.9,3.92,0.0,0.0,2.0,333,0.22049729705810545,False,REGULAR,USD,2026-12-31,P
SPY261231P00665000,2026-09-29 15:04:38+00:00,665.0,3.98,3.95,3.98,0.00999999,0.25188893,1.0,5867,0.21964281341552733,False,REGULAR,USD,2026-12-31,P
SPY261231P00666000,2026-09-28 15:35:58+00:00,666.0,4.23,4.0,4.02,0.0,0.0,1.0,276,0.218483157043457,False,REGULAR,USD,2026-12-31,P
SPY261231P00667000,2026-09-28 15:06:09+00:00,667.0,4.38,4.06,4.08,0.0,0.0,1.0,538,0.21762867340087888,False,REGULAR,USD,2026-12-31,P
SPY261231P00668000,2026-09-29 16:46:51+00:00,668.0,4.33,4.11,4.13,0.25,6.127451,5.0,53,0.21662160339355468,False,REGULAR,USD,2026-12-31,P
SPY261231P00669000,2026-09-29 17:33:17+00:00,669.0,4.35,4.16,4.18,0.23999977,5.8394103,1.0,541,0.21558401611328126,False,REGULAR,USD,2026-12-31,P
SPY261231P00670000,2026-09-29 14:51:58+00:00,670.0,4.4,4.22,4.24,0.03999996,0.9174303,5.0,1385,0.2146684979248047,False,REGULAR,USD,2026-12-31,P
SPY261231P00671000,2026-09-28 19:45:47+00:00,671.0,4.39,4.27,4.3,0.0,0.0,1.0,245,0.21375297973632812,False,REGULAR,USD,2026-12-31,P
SPY261231P00672000,2026-09-28 16:24:06+00:00,672.0,4.3,4.33,4.35,0.0,0.0,2.0,38,0.21268487518310547,False,REGULAR,USD,2026-12-31,P
SPY261231P00673000,2026-09-25 15:50:20+00:00,673.0,4.56,4.38,4.41,0.0,0.0,7.0,206,0.21173883972167967,False,REGULAR,USD,2026-12-31,P
SPY261231P00674000,2026-09-29 13:51:32+00:00,674.0,4.42,4.44,4.47,-0.069999695,-1.5590134,5.0,228,0.21079280426025387,False,REGULAR,USD,2026-12-31,P
SPY261231P00675000,2026-09-28 19:39:19+00:00,675.0,4.66,4.51,4.54,0.0,0.0,6.0,797,0.20993832061767576,False,REGULAR,USD,2026-12-31,P
SPY261231P00676000,2026-09-21 14:42:07+00:00,676.0,4.67,4.57,4.6,0.0,0.0,2.0,41,0.20896176788330073,False,REGULAR,USD,2026-12-31,P
SPY261231P00677000,2026-09-24 15:07:17+00:00,677.0,5.25,4.64,4.66,0.0,0.0,2.0,349,0.20795469787597654,False,REGULAR,USD,2026-12-31,P
SPY261231P00678000,2026-09-28 19:30:36+00:00,678.0,4.76,4.7,4.72,0.0,0.0,2.0,714,0.20694762786865228,False,REGULAR,USD,2026-12-31,P
SPY261231P00679000,2026-09-28 19:07:25+00:00,679.0,4.79,4.76,4.79,0.0,0.0,2.0,687,0.20606262695312497,False,REGULAR,USD,2026-12-31,P
SPY261231P00680000,2026-09-29 18:36:30+00:00,680.0,4.93,4.84,4.87,0.049999714,1.0245843,8.0,2880,0.20526917785644527,False,REGULAR,USD,2026-12-31,P
SPY261231P00681000,2026-09-28 19:07:27+00:00,681.0,4.92,4.89,4.92,0.0,0.0,4.0,42,0.20407900421142577,False,REGULAR,USD,2026-12-31,P
SPY261231P00682000,2026-09-25 13:30:50+00:00,682.0,5.08,4.96,4.99,0.0,0.0,2.0,2209,0.2031482273864746,False,REGULAR,USD,2026-12-31,P
SPY261231P00683000,2026-09-28 19:17:33+00:00,683.0,5.1,5.04,5.07,0.0,0.0,3.0,114,0.20230900238037108,False,REGULAR,USD,2026-12-31,P
SPY261231P00684000,2026-09-25 17:20:07+00:00,684.0,4.89,5.1,5.13,0.0,0.0,1.0,637,0.20122563919067382,False,REGULAR,USD,2026-12-31,P
SPY261231P00685000,2026-09-29 15:41:48+00:00,685.0,5.3,5.18,5.21,0.22000027,4.3307137,5.0,2670,0.2003558969116211,False,REGULAR,USD,2026-12-31,P
SPY261231P00686000,2026-09-29 13:30:00+00:00,686.0,5.07,5.25,5.29,-0.25999975,-4.878044,1.0,625,0.19948615463256836,False,REGULAR,USD,2026-12-31,P
SPY261231P00687000,2026-09-25 20:11:42+00:00,687.0,5.0,5.33,5.36,0.0,0.0,142.0,774,0.1984638259887695,False,REGULAR,USD,2026-12-31,P
SPY261231P00688000,2026-09-28 14:52:05+00:00,688.0,5.81,5.4,5.43,0.0,0.0,6.0,510,0.19742623870849607,False,REGULAR,USD,2026-12-31,P
SPY261231P00689000,2026-09-28 19:22:07+00:00,689.0,5.53,5.49,5.52,0.0,0.0,13.0,634,0.1966327896118164,False,REGULAR,USD,2026-12-31,P
SPY261231P00690000,2026-09-29 15:19:56+00:00,690.0,5.75,5.57,5.59,0.19999981,3.6036,9.0,2941,0.19556468505859376,False,REGULAR,USD,2026-12-31,P
SPY261231P00691000,2026-09-22 19:57:00+00:00,691.0,5.04,5.64,5.68,0.0,0.0,1.0,435,0.1947102014160156,False,REGULAR,USD,2026-12-31,P
SPY261231P00692000,2026-09-29 15:09:34+00:00,692.0,5.81,5.73,5.76,0.09000015,1.5734293,2.0,211,0.19373364868164064,False,REGULAR,USD,2026-12-31,P
SPY261231P00693000,2026-09-28 15:07:35+00:00,693.0,6.03,5.8,5.84,0.0,0.0,3.0,108,0.19275709594726562,False,REGULAR,USD,2026-12-31,P
SPY261231P00694000,2026-09-25 13:48:21+00:00,694.0,5.72,5.89,5.92,-0.11000013,-1.8867948,1.0,36,0.19173476730346684,False,REGULAR,USD,2026-12-31,P
SPY261231P00695000,2026-09-29 18:39:50+00:00,695.0,5.97,5.97,6.01,-0.03000021,-0.5000035,21.0,1467,0.1908192491149902,False,REGULAR,USD,2026-12-31,P
SPY261231P00696000,2026-09-28 19:45:01+00:00,696.0,6.16,6.07,6.11,0.0,0.0,267.0,1224,0.18999528274536137,False,REGULAR,USD,2026-12-31,P
SPY261231P00697000,2026-09-29 14:54:56+00:00,697.0,6.02,6.15,6.19,-0.2800002,-4.4444475,5.0,24,0.18894243682861328,False,REGULAR,USD,2026-12-31,P
SPY261231P00698000,2026-09-29 15:29:09+00:00,698.0,6.58,6.25,6.27,0.27999973,4.44444,4.0,49,0.18785907363891602,False,REGULAR,USD,2026-12-31,P
SPY261231P00699000,2026-09-29 14:49:07+00:00,699.0,6.31,6.34,6.38,0.09000015,1.4469478,5.0,120,0.18708088317871097,False,REGULAR,USD,2026-12-31,P
SPY261231P00700000,2026-09-29 18:36:57+00:00,700.0,6.57,6.44,6.46,0.09000015,1.3888912,31.0,8384,0.18598226135253904,False,REGULAR,USD,2026-12-31,P
SPY261231P00701000,2026-09-28 18:15:50+00:00,701.0,6.32,6.53,6.56,0.0,0.0,1.0,214,0.18506674316406246,False,REGULAR,USD,2026-12-31,P
SPY261231P00702000,2026-09-28 19:07:48+00:00,702.0,6.59,6.62,6.66,0.0,0.0,3.0,207,0.18412070770263672,False,REGULAR,USD,2026-12-31,P
SPY261231P00703000,2026-09-28 19:03:05+00:00,703.0,6.68,6.72,6.75,0.0,0.0,1.0,217,0.18306786178588863,False,REGULAR,USD,2026-12-31,P
SPY261231P00704000,2026-09-28 13:30:58+00:00,704.0,6.81,6.82,6.86,0.0,0.0,1.0,487,0.18219811950683595,False,REGULAR,USD,2026-12-31,P
SPY261231P00705000,2026-09-29 14:54:55+00:00,705.0,6.78,6.93,6.96,-0.5899997,-8.005424,1.0,877,0.1811910494995117,False,REGULAR,USD,2026-12-31,P
SPY261231P00706000,2026-09-25 14:39:48+00:00,706.0,7.16,7.04,7.07,0.0,0.0,2.0,129,0.1802907899475098,False,REGULAR,USD,2026-12-31,P
SPY261231P00707000,2026-09-23 19:30:18+00:00,707.0,7.23,7.15,7.18,0.0,0.0,1.0,158,0.17936001312255856,False,REGULAR,USD,2026-12-31,P
SPY261231P00708000,2026-09-29 17:32:22+00:00,708.0,7.57,7.26,7.29,0.42000008,5.874127,21.0,322,0.1783987190246582,False,REGULAR,USD,2026-12-31,P
SPY261231P00709000,2026-09-28 15:31:28+00:00,709.0,7.65,7.37,7.41,0.0,0.0,2.0,270,0.17751371810913086,False,REGULAR,USD,2026-12-31,P
SPY261231P00710000,2026-09-29 17:58:10+00:00,710.0,7.91,7.48,7.51,0.5999999,8.207933,80.0,2205,0.1764303549194336,False,REGULAR,USD,2026-12-31,P
SPY261231P00711000,2026-09-28 15:12:49+00:00,711.0,7.78,7.6,7.62,0.0,0.0,118.0,374,0.17542328491210937,False,REGULAR,USD,2026-12-31,P
SPY261231P00712000,2026-09-29 16:09:06+00:00,712.0,7.99,7.71,7.75,0.30999994,4.0364575,3.0,348,0.17456880126953128,False,REGULAR,USD,2026-12-31,P
SPY261231P00713000,2026-09-28 19:59:45+00:00,713.0,7.88,7.84,7.86,0.0,0.0,1.0,476,0.1735159553527832,False,REGULAR,USD,2026-12-31,P
SPY261231P00714000,2026-09-28 15:08:14+00:00,714.0,8.16,7.95,7.99,0.0,0.0,4.0,104,0.1726156958007813,False,REGULAR,USD,2026-12-31,P
SPY261231P00715000,2026-09-29 15:24:14+00:00,715.0,8.5,8.07,8.11,0.5500002,6.9182415,179.0,460,0.17160862579345704,False,REGULAR,USD,2026-12-31,P
SPY261231P00716000,2026-09-23 16:20:57+00:00,716.0,8.05,8.2,8.24,0.0,0.0,3.0,445,0.1706778489685059,False,REGULAR,USD,2026-12-31,P
SPY261231P00717000,2026-09-24 16:41:02+00:00,717.0,8.71,8.33,8.37,0.4300003,5.1932406,20.0,452,0.1697165548706055,False,REGULAR,USD,2026-12-31,P
SPY261231P00718000,2026-09-29 14:11:57+00:00,718.0,8.45,8.48,8.51,0.19999981,2.42424,199.0,150,0.16881629531860354,False,REGULAR,USD,2026-12-31,P
SPY261231P00719000,2026-09-25 13:43:53+00:00,719.0,8.33,8.6,8.64,0.0,0.0,100.0,685,0.16780922531127934,False,REGULAR,USD,2026-12-31,P
SPY261231P00720000,2026-09-29 18:03:14+00:00,720.0,9.1,8.74,8.77,0.26000023,2.941179,77.0,4019,0.16678689666748053,False,REGULAR,USD,2026-12-31,P
SPY261231P00721000,2026-09-29 17:52:38+00:00,721.0,9.31,8.89,8.92,0.1600008,1.7486427,5.0,383,0.16590189575195316,False,REGULAR,USD,2026-12-31,P
SPY261231P00722000,2026-09-29 17:11:31+00:00,722.0,9.5,9.03,9.06,1.3299999,16.27907,2.0,486,0.16491008438110355,False,REGULAR,USD,2026-12-31,P
SPY261231P00723000,2026-09-29 17:18:02+00:00,723.0,9.73,9.17,9.21,0.7399998,8.231366,41.0,57,0.16397930755615236,False,REGULAR,USD,2026-12-31,P
SPY261231P00724000,2026-09-23 18:23:44+00:00,724.0,9.09,9.32,9.36,0.0,0.0,3.0,153,0.16301801345825195,False,REGULAR,USD,2026-12-31,P
SPY261231P00725000,2026-09-29 17:31:43+00:00,725.0,9.88,9.49,9.52,0.35000038,3.672617,51.0,2051,0.16211775390625,False,REGULAR,USD,2026-12-31,P
SPY261231P00727000,2026-09-25 16:08:08+00:00,727.0,9.01,9.78,9.83,0.0,0.0,1.0,1,0.1601493898010254,False,REGULAR,USD,2026-12-31,P
SPY261231P00729000,2026-09-29 18:17:20+00:00,729.0,10.37,10.12,10.16,0.3699999,3.6999989,2.0,22,0.15824206024169923,False,REGULAR,USD,2026-12-31,P
SPY261231P00730000,2026-09-29 18:48:00+00:00,730.0,10.36,10.28,10.32,0.0899992,0.87633103,1265.0,7067,0.15721973159790043,False,REGULAR,USD,2026-12-31,P
SPY261231P00731000,2026-09-24 13:42:14+00:00,731.0,11.1,10.45,10.49,0.0,0.0,,1,0.1562431788635254,False,REGULAR,USD,2026-12-31,P
SPY261231P00732000,2026-09-28 15:28:29+00:00,732.0,10.89,10.63,10.67,0.0,0.0,107.0,160,0.15531240203857422,False,REGULAR,USD,2026-12-31,P
SPY261231P00733000,2026-09-29 15:27:44+00:00,733.0,11.36,10.8,10.85,0.55999947,5.18518,4.0,15,0.15435110794067386,False,REGULAR,USD,2026-12-31,P
SPY261231P00734000,2026-09-28 16:26:41+00:00,734.0,10.2,11.0,11.03,0.0,0.0,10.0,13,0.15335929656982422,False,REGULAR,USD,2026-12-31,P
SPY261231P00735000,2026-09-28 18:19:56+00:00,735.0,11.61,11.17,11.22,0.78999996,7.3012943,1.0,991,0.15241326110839848,False,REGULAR,USD,2026-12-31,P
SPY261231P00736000,2026-09-29 16:15:27+00:00,736.0,11.84,11.37,11.41,-0.1800003,-1.4975066,20.0,1,0.15143670837402345,False,REGULAR,USD,2026-12-31,P
SPY261231P00737000,2026-09-29 14:02:11+00:00,737.0,11.43,11.56,11.61,-0.42000008,-3.5443044,1.0,172,0.15050593154907232,False,REGULAR,USD,2026-12-31,P
SPY261231P00738000,2026-09-29 14:40:14+00:00,738.0,11.55,11.75,11.8,0.77000046,7.1428614,18.0,1,0.14947597358703615,False,REGULAR,USD,2026-12-31,P
SPY261231P00739000,2026-09-28 18:55:31+00:00,739.0,11.54,11.97,12.01,0.0,0.0,5.0,88,0.14855282608032228,False,REGULAR,USD,2026-12-31,P
SPY261231P00740000,2026-09-29 17:51:54+00:00,740.0,12.74,12.17,12.21,0.9399996,7.966098,42.0,6238,0.14753049743652347,False,REGULAR,USD,2026-12-31,P
SPY261231P00741000,2026-09-29 13:51:32+00:00,741.0,12.3,12.39,12.43,-0.069999695,-0.56588274,2.0,8,0.14663023788452145,False,REGULAR,USD,2026-12-31,P
SPY261231P00742000,2026-09-28 18:34:10+00:00,742.0,12.3,12.6,12.64,0.0,0.0,1.0,175,0.14560790924072264,False,REGULAR,USD,2026-12-31,P
SPY261231P00743000,2026-09-28 14:40:07+00:00,743.0,12.62,12.83,12.88,-0.10000038,-0.7861665,5.0,56,0.14476868423461914,False,REGULAR,USD,2026-12-31,P
SPY261231P00744000,2026-09-29 14:52:19+00:00,744.0,12.83,13.04,13.08,-0.1800003,-1.3835534,20.0,4,0.14362428649902342,False,REGULAR,USD,2026-12-31,P
SPY261231P00745000,2026-09-29 18:42:10+00:00,745.0,13.2,13.29,13.33,-0.119999886,-0.90090007,8.0,3779,0.14278506149291992,False,REGULAR,USD,2026-12-31,P
SPY261231P00746000,2026-09-24 15:31:32+00:00,746.0,14.74,13.5,13.55,0.0,0.0,,7,0.14170169830322266,False,REGULAR,USD,2026-12-31,P
SPY261231P00748000,2026-09-28 16:25:32+00:00,748.0,13.26,13.99,14.04,0.0,0.0,10.0,13,0.1397791101074219,False,REGULAR,USD,2026-12-31,P
SPY261231P00749000,2026-09-28 15:26:20+00:00,749.0,14.56,14.26,14.31,0.0,0.0,76.0,89,0.13892462646484377,False,REGULAR,USD,2026-12-31,P
SPY261231P00750000,2026-09-29 17:24:10+00:00,750.0,14.97,14.5,14.56,0.8600006,6.0949726,27.0,2862,0.1379022978210449,False,REGULAR,USD,2026-12-31,P
SPY261231P00754000,2026-09-25 16:30:17+00:00,754.0,13.95,15.58,15.63,0.0,0.0,105.0,106,0.13388927642822268,False,REGULAR,USD,2026-12-31,P
SPY261231P00755000,2026-09-29 18:00:42+00:00,755.0,16.35,15.87,15.92,1.0900002,7.142858,134.0,4433,0.13294324096679688,False,REGULAR,USD,2026-12-31,P
SPY261231P00757000,2026-09-29 13:59:39+00:00,757.0,16.45,16.46,16.52,0.62000084,3.9166193,4.0,101,0.13103591140747067,False,REGULAR,USD,2026-12-31,P
SPY261231P00758000,2026-09-25 13:29:59+00:00,758.0,16.01,16.78,16.84,0.0,0.0,2.0,2,0.13013565185546871,False,REGULAR,USD,2026-12-31,P
SPY261231P00759000,2026-09-28 14:19:06+00:00,759.0,16.38,17.08,17.14,0.0,0.0,1.0,3,0.12906754730224607,False,REGULAR,USD,2026-12-31,P
SPY261231P00760000,2026-09-29 18:48:41+00:00,760.0,17.5,17.41,17.47,0.030000687,0.1717269,32.0,3060,0.1281520291137695,False,REGULAR,USD,2026-12-31,P
SPY261231P00761000,2026-09-29 16:54:27+00:00,761.0,18.46,17.73,17.79,1.3899994,8.142938,3.0,106,0.12712970046997069,False,REGULAR,USD,2026-12-31,P
SPY261231P00762000,2026-09-29 17:00:00+00:00,762.0,18.84,18.07,18.13,0.8600006,4.783096,15.0,26,0.1261836650085449,False,REGULAR,USD,2026-12-31,P
SPY261231P00763000,2026-09-29 18:48:40+00:00,763.0,18.52,18.42,18.48,0.15999985,0.8714588,25.0,17,0.12525288818359376,False,REGULAR,USD,2026-12-31,P
SPY261231P00764000,2026-09-29 18:48:00+00:00,764.0,18.91,18.77,18.83,0.5300007,2.883573,109.0,108,0.12426107681274415,False,REGULAR,USD,2026-12-31,P
SPY261231P00765000,2026-09-29 18:36:30+00:00,765.0,19.5,19.13,19.19,0.6000004,3.1746054,49.0,4109,0.12329978271484376,True,REGULAR,USD,2026-12-31,P
SPY261231P00766000,2026-09-29 17:23:23+00:00,766.0,20.5,19.49,19.55,1.1900005,6.162613,1.0,33,0.12227745407104493,True,REGULAR,USD,2026-12-31,P
SPY261231P00767000,2026-09-29 13:38:21+00:00,767.0,19.63,19.87,19.94,-0.25,-1.2575454,2.0,108,0.12139245315551758,True,REGULAR,USD,2026-12-31,P
SPY261231P00768000,2026-09-29 14:03:36+00:00,768.0,20.19,20.26,20.33,0.80000114,4.125844,1.0,200,0.12045404701232909,True,REGULAR,USD,2026-12-31,P
SPY261231P00769000,2026-09-28 14:42:01+00:00,769.0,20.24,20.65,20.72,0.0,0.0,22.0,13,0.11945460632324219,True,REGULAR,USD,2026-12-31,P
SPY261231P00770000,2026-09-29 18:47:04+00:00,770.0,21.11,21.06,21.12,1.0699997,5.3393197,372.0,4029,0.11847805358886719,True,REGULAR,USD,2026-12-31,P
SPY261231P00771000,2026-09-28 13:45:40+00:00,771.0,20.62,21.47,21.54,0.0,0.0,14.0,114,0.11756253540039063,True,REGULAR,USD,2026-12-31,P
SPY261231P00775000,2026-09-29 18:43:48+00:00,775.0,23.28,23.22,23.29,0.15999985,0.69204086,22.0,1117,0.11373261764526366,True,REGULAR,USD,2026-12-31,P
SPY261231P00777000,2026-09-29 18:36:48+00:00,777.0,24.56,24.18,24.25,3.1299992,14.605688,72.0,190,0.11199313308715819,True,REGULAR,USD,2026-12-31,P
SPY261231P00778000,2026-09-29 18:34:49+00:00,778.0,25.15,24.63,24.7,-0.21000099,-0.8280796,102.0,2,0.11082584739685059,True,REGULAR,USD,2026-12-31,P
SPY261231P00780000,2026-09-29 18:41:21+00:00,780.0,25.37,25.55,25.74,-0.12999916,-0.5098006,23.0,624,0.10920843193054197,True,REGULAR,USD,2026-12-31,P
SPY261231P00781000,2026-09-28 19:49:19+00:00,781.0,25.94,26.05,26.23,0.0,0.0,1.0,11,0.1080869221496582,True,REGULAR,USD,2026-12-31,P
SPY261231P00782000,2026-09-24 19:01:30+00:00,782.0,25.74,26.58,26.76,0.0,0.0,,2,0.10715614532470702,True,REGULAR,USD,2026-12-31,P
SPY261231P00785000,2026-09-24 14:05:19+00:00,785.0,28.16,28.21,28.39,0.0,0.0,4.0,274,0.10419596984863279,True,REGULAR,USD,2026-12-31,P
SPY261231P00790000,2026-09-29 16:49:36+00:00,790.0,32.5,31.19,31.4,1.75,5.6910567,1.0,337,0.09967941345214844,True,REGULAR,USD,2026-12-31,P
SPY261231P00795000,2026-09-17 15:44:02+00:00,795.0,37.61,34.4,34.68,0.0,0.0,2.0,40,0.09490346023559573,True,REGULAR,USD,2026-12-31,P
SPY261231P00800000,2026-09-29 14:31:55+00:00,800.0,38.5,37.93,38.28,3.5,10.0,3.0,619,0.09020380020141602,True,REGULAR,USD,2026-12-31,P
SPY261231P00805000,2026-09-28 19:45:48+00:00,805.0,41.37,41.77,43.55,0.0,0.0,6.0,17,0.10097639755249024,True,REGULAR,USD,2026-12-31,P
SPY261231P00810000,2026-09-28 18:36:13+00:00,810.0,44.32,44.61,47.93,0.0,0.0,1.0,9,0.10184613983154298,True,REGULAR,USD,2026-12-31,P
SPY261231P00815000,2026-09-28 18:36:13+00:00,815.0,48.68,48.86,52.49,0.0,0.0,1.0,12,0.10367717620849609,True,REGULAR,USD,2026-12-31,P
SPY261231P00820000,2026-09-16 17:47:08+00:00,820.0,61.76,53.58,56.77,0.0,0.0,1.0,7,0.10013717254638671,True,REGULAR,USD,2026-12-31,P
SPY261231P00825000,2026-09-23 19:09:18+00:00,825.0,56.83,58.76,61.74,0.0,0.0,2.0,7,0.10605752349853514,True,REGULAR,USD,2026-12-31,P
SPY261231P00830000,2026-09-28 15:41:24+00:00,830.0,65.05,63.74,66.72,0.0,0.0,1.0,0,0.11200839172363279,True,REGULAR,USD,2026-12-31,P
SPY261231P00832000,2026-09-28 14:19:53+00:00,832.0,64.45,65.46,69.24,0.0,0.0,1.0,0,0.12302512725830078,True,REGULAR,USD,2026-12-31,P
SPY261231P00835000,2026-08-20 17:22:34+00:00,835.0,69.99,0.0,0.0,0.0,0.0,6.0,0,1.0000000000000003e-05,True,REGULAR,USD,2026-12-31,P
SPY261231P00840000,2026-09-28 19:59:24+00:00,840.0,74.67,73.25,77.63,0.0,0.0,1.0,0,0.13922979919433598,True,REGULAR,USD,2026-12-31,P
SPY261231P00850000,2026-08-18 18:50:59+00:00,850.0,82.0,0.0,0.0,0.0,0.0,2.0,0,1.0000000000000003e-05,True,REGULAR,USD,2026-12-31,P
SPY261231P00855000,2026-08-20 18:08:10+00:00,855.0,89.52,0.0,0.0,0.0,0.0,1.0,0,1.0000000000000003e-05,True,REGULAR,USD,2026-12-31,P
SPY261231P00860000,2026-09-23 19:55:57+00:00,860.0,94.54,93.45,97.26,0.0,0.0,1.0,1,0.15784533569335937,True,REGULAR,USD,2026-12-31,P
SPY261231P00865000,2026-09-23 19:55:57+00:00,865.0,99.58,98.45,102.14,0.0,0.0,1.0,0,0.1615074084472656,True,REGULAR,USD,2026-12-31,P
SPY261231P00870000,2026-09-09 17:43:58+00:00,870.0,109.23,103.41,107.23,0.0,0.0,,0,0.16892310577392583,True,REGULAR,USD,2026-12-31,P
SPY261231P00890000,2026-07-20 13:30:22+00:00,890.0,140.87,124.61,127.82,0.0,0.0,,0,0.20246158874511716,True,REGULAR,USD,2026-12-31,P
SPY261231P00895000,2026-04-22 19:52:25+00:00,895.0,184.25,154.64,158.0,0.0,0.0,1.0,0,0.45285581329345703,True,REGULAR,USD,2026-12-31,P
SPY261231P00900000,2026-09-03 18:24:14+00:00,900.0,126.56,133.43,137.24,0.0,0.0,1.0,0,0.20224796783447263,True,REGULAR,USD,2026-12-31,P
SPY261231P00905000,2026-08-20 18:08:00+00:00,905.0,141.19,0.0,0.0,0.0,0.0,1.0,0,1.0000000000000003e-05,True,REGULAR,USD,2026-12-31,P
SPY261231P00940000,2026-06-23 16:04:26+00:00,940.0,203.37,199.32,202.56,0.0,0.0,,0,0.5047809532165526,True,REGULAR,USD,2026-12-31,P
SPY270115C00050000,2026-09-22 15:49:14+00:00,50.0,725.19,713.35,717.16,0.0,0.0,20.0,20,2.036137722167969,True,REGULAR,USD,2027-01-15,C
SPY270115C00055000,2026-06-12 13:40:51+00:00,55.0,682.21,698.1,701.53,0.0,0.0,1.0,0,1.0000000000000003e-05,True,REGULAR,USD,2027-01-15,C
SPY270115C00060000,2026-08-17 13:46:02+00:00,60.0,715.61,0.0,0.0,0.0,0.0,10.0,0,1.0000000000000003e-05,True,REGULAR,USD,2027-01-15,C
SPY270115C00065000,2026-07-13 14:16:47+00:00,65.0,686.33,697.3,700.58,0.0,0.0,,4,1.958984580078125,True,REGULAR,USD,2027-01-15,C
SPY270115C00070000,2026-09-29 17:45:04+00:00,70.0,694.0,693.34,696.0,5.6500244,0.8208069,5.0,9,2.0136768408203123,True,REGULAR,USD,2027-01-15,C
SPY270115C00075000,2026-06-26 19:59:58+00:00,75.0,655.17,687.33,690.61,0.0,0.0,10.0,10,1.8481452905273437,True,REGULAR,USD,2027-01-15,C
SPY270115C00080000,2026-09-14 16:59:09+00:00,80.0,681.99,683.63,687.45,0.0,0.0,5.0,0,1.7734386328124998,True,REGULAR,USD,2027-01-15,C
SPY270115C00085000,2026-05-28 14:12:59+00:00,85.0,668.07,0.0,0.0,0.0,0.0,,0,1.0000000000000003e-05,True,REGULAR,USD,2027-01-15,C
SPY270115C00090000,2026-09-21 19:50:16+00:00,90.0,684.86,673.73,677.42,0.0,0.0,,1,1.6875015625,True,REGULAR,USD,2027-01-15,C
SPY270115C00095000,2026-06-30 19:12:13+00:00,95.0,653.24,667.41,670.66,0.0,0.0,,5,1.6665055737304688,True,REGULAR,USD,2027-01-15,C
SPY270115C00100000,2026-09-28 19:25:38+00:00,100.0,667.0,663.35,667.6,0.0,0.0,5.0,18,1.5737326000976561,True,REGULAR,USD,2027-01-15,C
SPY270115C00105000,2026-06-30 19:12:13+00:00,105.0,643.34,657.41,660.69,0.0,0.0,,8,1.5917989160156247,True,REGULAR,USD,2027-01-15,C
SPY270115C00110000,2026-03-19 18:32:32+00:00,110.0,547.7,599.37,602.88,0.0,0.0,50.0,0,1.0000000000000003e-05,True,REGULAR,USD,2027-01-15,C
SPY270115C00120000,2026-05-15 13:33:27+00:00,120.0,620.0,631.59,634.94,0.0,0.0,1.0,1,1.0000000000000003e-05,True,REGULAR,USD,2027-01-15,C
SPY270115C00130000,2026-03-20 14:14:45+00:00,130.0,525.03,579.53,583.04,0.0,0.0,1.0,0,1.0000000000000003e-05,True,REGULAR,USD,2027-01-15,C
SPY270115C00135000,2026-03-20 14:15:07+00:00,135.0,520.32,574.58,578.08,0.0,0.0,1.0,0,1.0000000000000003e-05,True,REGULAR,USD,2027-01-15,C
SPY270115C00145000,2026-06-26 19:59:58+00:00,145.0,586.16,617.53,620.8,0.0,0.0,10.0,10,1.3530305786132812,True,REGULAR,USD,2027-01-15,C
SPY270115C00150000,2026-09-17 18:01:14+00:00,150.0,612.41,613.93,618.13,0.0,0.0,2.0,2,1.3642609912109376,True,REGULAR,USD,2027-01-15,C
SPY270115C00155000,2026-02-05 17:12:54+00:00,155.0,527.5,505.13,508.97,0.0,0.0,1.0,21,1.0000000000000003e-05,True,REGULAR,USD,2027-01-15,C
SPY270115C00160000,2026-07-01 13:31:00+00:00,160.0,585.53,602.67,605.85,0.0,0.0,1.0,31,1.2822301513671874,True,REGULAR,USD,2027-01-15,C
SPY270115C00165000,2026-09-15 15:22:57+00:00,165.0,592.15,599.26,602.93,0.0,0.0,10.0,115,1.2951695397949217,True,REGULAR,USD,2027-01-15,C
SPY270115C00170000,2026-07-01 13:31:02+00:00,170.0,575.4,592.82,595.9,0.0,0.0,3.0,69,1.241458870849609,True,REGULAR,USD,2027-01-15,C
SPY270115C00175000,2026-08-20 14:55:55+00:00,175.0,592.6,0.0,0.0,0.0,0.0,6.0,0,1.0000000000000003e-05,True,REGULAR,USD,2027-01-15,C
SPY270115C00180000,2026-05-12 16:48:01+00:00,180.0,552.99,572.37,575.71,0.0,0.0,121.0,252,1.0000000000000003e-05,True,REGULAR,USD,2027-01-15,C
SPY270115C00185000,2026-06-26 19:59:58+00:00,185.0,547.66,578.03,581.11,0.0,0.0,1.0,43,1.2026407055664063,True,REGULAR,USD,2027-01-15,C
SPY270115C00190000,2026-05-07 16:15:23+00:00,190.0,543.55,548.62,551.99,0.0,0.0,,45,1.0000000000000003e-05,True,REGULAR,USD,2027-01-15,C
SPY270115C00195000,2026-09-24 19:46:07+00:00,195.0,574.21,569.75,573.24,0.0,0.0,88.0,356,1.2045938208007811,True,REGULAR,USD,2027-01-15,C
SPY270115C00200000,2026-09-22 17:23:49+00:00,200.0,575.41,564.66,568.54,0.0,0.0,5.0,53,1.193973756713867,True,REGULAR,USD,2027-01-15,C
SPY270115C00205000,2025-07-28 19:38:27+00:00,205.0,436.75,461.0,464.72,0.0,0.0,75.0,1,1.0000000000000003e-05,True,REGULAR,USD,2027-01-15,C
SPY270115C00210000,2026-07-31 19:17:07+00:00,210.0,538.22,558.58,562.0,0.0,0.0,10.0,10,1.4016143200683593,True,REGULAR,USD,2027-01-15,C
SPY270115C00215000,2025-06-30 16:44:28+00:00,215.0,408.8,451.5,455.3,0.0,0.0,75.0,0,1.0000000000000003e-05,True,REGULAR,USD,2027-01-15,C
SPY270115C00220000,2025-12-29 15:59:24+00:00,220.0,471.91,473.75,477.5,0.0,0.0,2.0,3,1.0000000000000003e-05,True,REGULAR,USD,2027-01-15,C
SPY270115C00230000,2026-06-12 13:40:45+00:00,230.0,509.15,525.5,528.86,0.0,0.0,,2,1.0000000000000003e-05,True,REGULAR,USD,2027-01-15,C
SPY270115C00235000,2026-06-25 13:30:00+00:00,235.0,508.06,528.77,531.86,0.0,0.0,1.0,1,0.8891612646484374,True,REGULAR,USD,2027-01-15,C
SPY270115C00240000,2025-10-08 19:15:27+00:00,240.0,440.19,437.15,440.03,0.0,0.0,5.0,4,1.0000000000000003e-05,True,REGULAR,USD,2027-01-15,C
SPY270115C00250000,2026-08-28 17:18:57+00:00,250.0,520.6,515.16,519.04,0.0,0.0,2.0,51,1.0441942321777344,True,REGULAR,USD,2027-01-15,C
SPY270115C00255000,2025-11-25 20:01:06+00:00,255.0,425.25,441.21,444.5,0.0,0.0,2.0,2,1.0000000000000003e-05,True,REGULAR,USD,2027-01-15,C
SPY270115C00260000,2025-09-08 14:26:21+00:00,260.0,395.84,400.31,405.0,0.0,0.0,2.0,12,1.0000000000000003e-05,True,REGULAR,USD,2027-01-15,C
SPY270115C00265000,2026-01-02 15:03:32+00:00,265.0,427.58,430.63,434.5,0.0,0.0,2.0,2,1.0000000000000003e-05,True,REGULAR,USD,2027-01-15,C
SPY270115C00270000,2026-09-01 18:25:39+00:00,270.0,493.18,495.54,499.24,0.0,0.0,2.0,6,0.9964599963378906,True,REGULAR,USD,2027-01-15,C
SPY270115C00275000,2026-07-01 13:31:00+00:00,275.0,473.29,489.39,492.48,0.0,0.0,2.0,9,0.8620619262695313,True,REGULAR,USD,2027-01-15,C
SPY270115C00280000,2026-06-18 13:30:43+00:00,280.0,473.21,461.01,464.6,0.0,0.0,1.0,55,1.0000000000000003e-05,True,REGULAR,USD,2027-01-15,C
SPY270115C00285000,2026-06-18 13:30:43+00:00,285.0,468.35,456.12,459.71,0.0,0.0,1.0,152,1.0000000000000003e-05,True,REGULAR,USD,2027-01-15,C
SPY270115C00290000,2026-07-01 13:31:00+00:00,290.0,458.68,474.63,477.72,0.0,0.0,1.0,7,0.8433853552246093,True,REGULAR,USD,2027-01-15,C
SPY270115C00295000,2026-07-01 18:33:01+00:00,295.0,456.85,469.71,472.8,0.0,0.0,2.0,24,0.8366715551757811,True,REGULAR,USD,2027-01-15,C
SPY270115C00300000,2026-09-29 14:47:36+00:00,300.0,468.0,465.9,469.56,-8.51001,-1.7859037,21.0,160,0.9224861267089843,True,REGULAR,USD,2027-01-15,C
SPY270115C00305000,2026-07-01 13:31:02+00:00,305.0,443.72,459.87,462.96,0.0,0.0,2.0,19,0.8225115405273438,True,REGULAR,USD,2027-01-15,C
SPY270115C00310000,2026-07-01 13:31:02+00:00,310.0,438.86,454.95,458.04,0.0,0.0,2.0,5,0.8151873950195312,True,REGULAR,USD,2027-01-15,C
SPY270115C00315000,2026-09-24 19:50:48+00:00,315.0,456.06,451.0,454.69,0.0,0.0,2.0,7,0.8845226391601562,True,REGULAR,USD,2027-01-15,C
SPY270115C00320000,2026-07-01 13:30:37+00:00,320.0,429.1,445.12,448.21,0.0,0.0,4.0,89,0.8009053112792968,True,REGULAR,USD,2027-01-15,C
SPY270115C00325000,2026-07-01 13:30:37+00:00,325.0,424.24,440.2,443.29,0.0,0.0,5.0,24,0.7932149584960937,True,REGULAR,USD,2027-01-15,C
SPY270115C00330000,2026-09-17 17:38:25+00:00,330.0,434.26,436.01,439.89,0.0,0.0,131.0,192,0.8474746697998046,True,REGULAR,USD,2027-01-15,C
SPY270115C00335000,2026-07-01 13:30:37+00:00,335.0,414.52,430.37,433.47,0.0,0.0,3.0,14,0.7784445983886719,True,REGULAR,USD,2027-01-15,C
SPY270115C00340000,2026-09-21 19:12:41+00:00,340.0,438.0,426.33,430.0,0.0,0.0,4.0,25,0.8302629278564453,True,REGULAR,USD,2027-01-15,C
SPY270115C00345000,2026-09-11 15:31:51+00:00,345.0,423.11,421.23,425.06,0.0,0.0,1.0,11,0.8159198095703124,True,REGULAR,USD,2027-01-15,C
SPY270115C00350000,2026-09-17 17:30:12+00:00,350.0,414.35,416.45,420.12,0.0,0.0,258.0,323,0.8088398022460936,True,REGULAR,USD,2027-01-15,C
SPY270115C00355000,2026-09-24 19:50:26+00:00,355.0,416.47,411.35,415.18,0.0,0.0,2.0,15,0.7948628912353515,True,REGULAR,USD,2027-01-15,C
SPY270115C00360000,2026-09-18 14:05:02+00:00,360.0,403.35,406.53,410.24,0.0,0.0,5.0,25,0.786989434814453,True,REGULAR,USD,2027-01-15,C
SPY270115C00365000,2026-08-10 18:09:22+00:00,365.0,412.0,0.0,0.0,0.0,0.0,10.0,0,1.0000000000000003e-05,True,REGULAR,USD,2027-01-15,C
SPY270115C00370000,2026-09-17 17:26:55+00:00,370.0,394.59,396.66,400.35,0.0,0.0,22.0,132,0.7663597583007813,True,REGULAR,USD,2027-01-15,C
SPY270115C00375000,2026-06-30 19:11:17+00:00,375.0,379.75,391.09,394.19,0.0,0.0,1.0,48,0.7174100524902343,True,REGULAR,USD,2027-01-15,C
SPY270115C00380000,2026-08-11 15:27:55+00:00,380.0,397.09,0.0,0.0,0.0,0.0,1.0,0,1.0000000000000003e-05,True,REGULAR,USD,2027-01-15,C
SPY270115C00385000,2026-09-14 18:54:21+00:00,385.0,380.3,381.72,385.55,0.0,0.0,20.0,22,0.7340724835205077,True,REGULAR,USD,2027-01-15,C
SPY270115C00390000,2026-09-28 19:57:02+00:00,390.0,379.5,376.94,380.61,0.0,0.0,1.0,28,0.7270535107421875,True,REGULAR,USD,2027-01-15,C
SPY270115C00395000,2026-08-07 17:05:41+00:00,395.0,382.08,0.0,0.0,0.0,0.0,1.0,0,1.0000000000000003e-05,True,REGULAR,USD,2027-01-15,C
SPY270115C00400000,2026-09-29 18:47:47+00:00,400.0,367.03,366.87,370.74,-4.3900146,-1.1819543,1.0,485,0.7041655560302735,True,REGULAR,USD,2027-01-15,C
SPY270115C00405000,2026-09-14 13:51:50+00:00,405.0,358.39,361.99,365.8,0.0,0.0,1.0,49,0.695437615966797,True,REGULAR,USD,2027-01-15,C
SPY270115C00410000,2026-08-19 17:07:27+00:00,410.0,364.64,0.0,0.0,0.0,0.0,1.0,0,1.0000000000000003e-05,True,REGULAR,USD,2027-01-15,C
SPY270115C00415000,2026-08-27 15:40:06+00:00,415.0,359.29,352.29,355.94,0.0,0.0,3.0,47,0.6793855303955079,True,REGULAR,USD,2027-01-15,C
SPY270115C00420000,2026-09-01 14:47:35+00:00,420.0,348.21,347.18,351.01,0.0,0.0,1.0,61,0.667239655761719,True,REGULAR,USD,2027-01-15,C
SPY270115C00425000,2026-09-17 13:53:08+00:00,425.0,339.49,342.43,346.08,0.0,0.0,9.0,71,0.6608310284423828,True,REGULAR,USD,2027-01-15,C
SPY270115C00430000,2026-09-16 19:19:57+00:00,430.0,326.41,337.49,341.15,0.0,0.0,1.0,134,0.651492742919922,True,REGULAR,USD,2027-01-15,C
SPY270115C00435000,2026-08-27 16:07:27+00:00,435.0,340.79,332.45,336.23,0.0,0.0,1.0,30,0.6408727319335938,True,REGULAR,USD,2027-01-15,C
SPY270115C00440000,2026-09-21 17:41:36+00:00,440.0,337.5,327.54,331.3,0.0,0.0,4.0,97,0.6320837573242188,True,REGULAR,USD,2027-01-15,C
SPY270115C00445000,2026-09-24 16:27:42+00:00,445.0,327.33,322.65,326.39,0.0,0.0,3.0,34,0.6239051281738281,True,REGULAR,USD,2027-01-15,C
SPY270115C00450000,2026-09-17 19:47:04+00:00,450.0,316.69,317.77,321.47,0.0,0.0,1.0,193,0.6157264990234376,True,REGULAR,USD,2027-01-15,C
SPY270115C00455000,2026-09-03 13:47:44+00:00,455.0,319.5,312.83,316.57,0.0,0.0,1.0,57,0.6069985589599609,True,REGULAR,USD,2027-01-15,C
SPY270115C00460000,2026-09-03 17:17:44+00:00,460.0,317.29,307.94,311.66,0.0,0.0,1.0,85,0.5988199298095704,True,REGULAR,USD,2027-01-15,C
SPY270115C00465000,2026-09-16 14:27:31+00:00,465.0,298.56,303.04,306.76,0.0,0.0,12.0,69,0.5907023352050782,True,REGULAR,USD,2027-01-15,C
SPY270115C00470000,2026-09-17 19:38:56+00:00,470.0,297.4,298.14,301.86,0.0,0.0,3.0,187,0.5825237060546875,True,REGULAR,USD,2027-01-15,C
SPY270115C00475000,2026-08-12 18:32:09+00:00,475.0,305.0,0.0,0.0,0.0,0.0,5.0,0,1.0000000000000003e-05,True,REGULAR,USD,2027-01-15,C
SPY270115C00480000,2026-09-18 13:42:21+00:00,480.0,287.5,288.39,292.06,0.0,0.0,1.0,71,0.5668378277587891,True,REGULAR,USD,2027-01-15,C
SPY270115C00485000,2026-09-21 18:24:22+00:00,485.0,295.01,283.45,287.17,0.0,0.0,16.0,82,0.5583540258789064,True,REGULAR,USD,2027-01-15,C
SPY270115C00490000,2026-09-09 13:55:21+00:00,490.0,279.01,278.56,282.27,0.0,0.0,1.0,137,0.5502974658203126,True,REGULAR,USD,2027-01-15,C
SPY270115C00495000,2026-09-21 16:32:46+00:00,495.0,284.0,273.71,277.38,0.0,0.0,28.0,101,0.5428512512207033,True,REGULAR,USD,2027-01-15,C
SPY270115C00500000,2026-09-16 19:01:36+00:00,500.0,259.74,268.77,272.49,0.0,0.0,3.0,493,0.5343674493408204,True,REGULAR,USD,2027-01-15,C
SPY270115C00505000,2026-07-22 16:26:49+00:00,505.0,255.19,264.29,267.46,0.0,0.0,4.0,61,0.5293015820312501,True,REGULAR,USD,2027-01-15,C
SPY270115C00510000,2026-09-28 14:22:14+00:00,510.0,263.76,259.05,262.71,0.0,0.0,1.0,1407,0.5191698474121094,True,REGULAR,USD,2027-01-15,C
SPY270115C00515000,2026-09-15 19:37:16+00:00,515.0,248.0,254.1,257.83,0.0,0.0,5.0,147,0.5107165628051759,True,REGULAR,USD,2027-01-15,C
SPY270115C00520000,2026-09-17 17:57:11+00:00,520.0,248.16,249.24,252.94,0.0,0.0,2.0,212,0.5030872445678712,True,REGULAR,USD,2027-01-15,C
SPY270115C00525000,2026-09-28 18:44:55+00:00,525.0,248.84,244.4,248.06,0.0,0.0,1.0,203,0.5287522711181643,True,REGULAR,USD,2027-01-15,C
SPY270115C00530000,2026-09-23 14:21:06+00:00,530.0,246.3,239.47,243.18,0.0,0.0,3.0,233,0.520237951965332,True,REGULAR,USD,2027-01-15,C
SPY270115C00535000,2026-09-23 14:18:22+00:00,535.0,241.7,234.58,238.3,0.0,0.0,3.0,175,0.5117541500854492,True,REGULAR,USD,2027-01-15,C
SPY270115C00540000,2026-09-03 14:52:47+00:00,540.0,235.2,229.78,233.43,0.0,0.0,2.0,184,0.5034229345703125,True,REGULAR,USD,2027-01-15,C
SPY270115C00545000,2026-09-25 20:01:06+00:00,545.0,233.66,224.9,228.56,0.0,0.0,2.0,91,0.495122236328125,True,REGULAR,USD,2027-01-15,C
SPY270115C00550000,2026-09-29 18:42:55+00:00,550.0,222.05,219.99,223.69,-4.149994,-1.834657,4.0,1096,0.4867910208129883,True,REGULAR,USD,2027-01-15,C
SPY270115C00555000,2026-09-22 16:07:38+00:00,555.0,225.89,214.95,218.82,0.0,0.0,1.0,154,0.4784598052978516,True,REGULAR,USD,2027-01-15,C
SPY270115C00560000,2026-09-23 16:59:43+00:00,560.0,215.49,210.25,213.96,0.0,0.0,1.0,275,0.470281176147461,True,REGULAR,USD,2027-01-15,C
SPY270115C00565000,2026-09-24 18:16:02+00:00,565.0,210.07,205.39,209.1,0.0,0.0,3.0,181,0.4620720297241212,True,REGULAR,USD,2027-01-15,C
SPY270115C00570000,2026-09-22 13:55:06+00:00,570.0,212.44,200.55,204.25,0.0,0.0,13.0,318,0.4540002110290527,True,REGULAR,USD,2027-01-15,C
SPY270115C00575000,2026-09-23 17:10:37+00:00,575.0,200.57,195.7,199.4,0.0,0.0,1.0,1344,0.4458978750610352,True,REGULAR,USD,2027-01-15,C
SPY270115C00580000,2026-09-23 15:00:35+00:00,580.0,198.67,190.86,194.55,0.0,0.0,6.0,2826,0.43781079772949216,True,REGULAR,USD,2027-01-15,C
SPY270115C00585000,2026-09-24 16:31:03+00:00,585.0,191.01,186.02,189.72,0.0,0.0,4.0,1721,0.4299373413085938,True,REGULAR,USD,2027-01-15,C
SPY270115C00590000,2026-09-25 18:40:02+00:00,590.0,189.35,181.19,184.88,0.0,0.0,2.0,2166,0.4219112985229492,True,REGULAR,USD,2027-01-15,C
SPY270115C00595000,2026-09-24 14:24:53+00:00,595.0,180.07,176.42,180.06,0.0,0.0,10.0,1026,0.4140988766479492,True,REGULAR,USD,2027-01-15,C
SPY270115C00600000,2026-09-29 15:00:28+00:00,600.0,173.4,171.36,175.24,-3.5100098,-1.9840652,1.0,2626,0.4062559375,True,REGULAR,USD,2027-01-15,C
SPY270115C00605000,2026-09-21 15:55:56+00:00,605.0,175.5,166.72,170.42,0.0,0.0,1.0,1684,0.39838248107910157,True,REGULAR,USD,2027-01-15,C
SPY270115C00610000,2026-09-17 17:27:16+00:00,610.0,161.04,161.98,165.62,0.0,0.0,1.0,980,0.3906921282958984,True,REGULAR,USD,2027-01-15,C
SPY270115C00615000,2026-09-24 18:15:24+00:00,615.0,161.83,157.18,160.67,0.0,0.0,3.0,1893,0.3812012564086914,True,REGULAR,USD,2027-01-15,C
SPY270115C00620000,2026-09-25 14:18:45+00:00,620.0,156.77,152.4,155.88,0.0,0.0,1.0,868,0.37354142089843745,True,REGULAR,USD,2027-01-15,C
SPY270115C00625000,2026-09-29 17:28:49+00:00,625.0,147.92,148.11,150.16,-7.720001,-4.9601655,1.0,3839,0.35535312622070303,True,REGULAR,USD,2027-01-15,C
SPY270115C00630000,2026-09-25 13:41:28+00:00,630.0,150.0,143.35,146.29,0.0,0.0,1.0,1558,0.3579470944213867,True,REGULAR,USD,2027-01-15,C
SPY270115C00635000,2026-09-22 19:39:05+00:00,635.0,150.15,138.32,141.5,0.0,0.0,1.0,814,0.350119413909912,True,REGULAR,USD,2027-01-15,C
SPY270115C00640000,2026-09-29 14:20:15+00:00,640.0,135.1,133.39,137.0,-3.2200012,-2.327936,4.0,796,0.3452213916015625,True,REGULAR,USD,2027-01-15,C
SPY270115C00645000,2026-09-28 15:07:42+00:00,645.0,130.4,128.65,132.07,0.0,0.0,1.0,1163,0.33576103698730464,True,REGULAR,USD,2027-01-15,C
SPY270115C00650000,2026-09-28 19:59:50+00:00,650.0,127.08,123.94,127.36,0.0,0.0,1.0,4877,0.3284674087524414,True,REGULAR,USD,2027-01-15,C
SPY270115C00655000,2026-09-28 14:49:04+00:00,655.0,120.98,119.18,122.67,0.0,0.0,2.0,1465,0.32126533233642574,True,REGULAR,USD,2027-01-15,C
SPY270115C00660000,2026-09-29 16:01:03+00:00,660.0,114.67,114.58,117.99,-4.9100037,-4.106041,1.0,7574,0.31403273864746095,True,REGULAR,USD,2027-01-15,C
SPY270115C00665000,2026-09-23 13:33:08+00:00,665.0,119.91,109.91,113.35,0.0,0.0,1.0,4437,0.30704428314208976,True,REGULAR,USD,2027-01-15,C
SPY270115C00670000,2026-09-28 15:24:18+00:00,670.0,106.5,105.31,108.91,-2.0800018,-1.9156399,1.0,2635,0.30167324310302734,True,REGULAR,USD,2027-01-15,C
SPY270115C00675000,2026-09-25 17:47:24+00:00,675.0,108.75,100.67,102.93,0.0,0.0,5.0,2025,0.28258468887329097,True,REGULAR,USD,2027-01-15,C
SPY270115C00680000,2026-09-25 14:27:15+00:00,680.0,101.41,96.18,98.34,0.0,0.0,1.0,5979,0.275825112915039,True,REGULAR,USD,2027-01-15,C
SPY270115C00685000,2026-09-29 18:14:28+00:00,685.0,92.46,91.69,93.77,-0.8499985,-0.9109404,1.0,4049,0.2690502783203125,True,REGULAR,USD,2027-01-15,C
SPY270115C00690000,2026-09-25 19:51:51+00:00,690.0,95.94,88.84,90.46,0.0,0.0,5.0,3113,0.2723003678894042,True,REGULAR,USD,2027-01-15,C
SPY270115C00695000,2026-09-21 19:41:35+00:00,695.0,94.5,82.87,84.74,0.0,0.0,211.0,3111,0.2557600059509278,True,REGULAR,USD,2027-01-15,C
SPY270115C00700000,2026-09-29 17:00:11+00:00,700.0,78.57,79.85,81.51,-3.4800034,-4.24132,11.0,9832,0.25868966415405276,True,REGULAR,USD,2027-01-15,C
SPY270115C00705000,2026-09-28 19:05:06+00:00,705.0,77.61,73.84,75.82,0.0,0.0,6.0,2867,0.24239344039916988,True,REGULAR,USD,2027-01-15,C
SPY270115C00710000,2026-09-29 17:33:34+00:00,710.0,70.14,69.29,71.44,-3.090004,-4.2195873,5.0,2842,0.23590851989746092,True,REGULAR,USD,2027-01-15,C
SPY270115C00715000,2026-09-28 19:05:27+00:00,715.0,68.87,66.8,67.15,0.0,0.0,12.0,2836,0.22975928939819334,True,REGULAR,USD,2027-01-15,C
SPY270115C00720000,2026-09-29 17:27:35+00:00,720.0,61.44,62.62,62.81,-3.119999,-4.832712,1.0,5306,0.22293867889404295,True,REGULAR,USD,2027-01-15,C
SPY270115C00725000,2026-09-28 18:39:46+00:00,725.0,60.26,58.37,58.66,0.0,0.0,51.0,4143,0.21706410385131836,True,REGULAR,USD,2027-01-15,C
SPY270115C00730000,2026-09-29 15:39:01+00:00,730.0,53.94,54.33,54.55,-2.670002,-4.7164845,9.0,4442,0.21105220108032224,True,REGULAR,USD,2027-01-15,C
SPY270115C00735000,2026-09-29 18:21:46+00:00,735.0,49.88,50.22,50.47,-2.6499977,-5.0447316,37.0,1717,0.204811418762207,True,REGULAR,USD,2027-01-15,C
SPY270115C00740000,2026-09-29 18:06:57+00:00,740.0,45.83,46.27,46.53,-1.7699966,-3.7184803,17.0,5927,0.19899787826538085,True,REGULAR,USD,2027-01-15,C
SPY270115C00745000,2026-09-28 17:48:04+00:00,745.0,44.64,42.41,42.66,0.0,0.0,3.0,4620,0.19311567390441894,True,REGULAR,USD,2027-01-15,C
SPY270115C00750000,2026-09-29 18:43:42+00:00,750.0,38.9,38.68,38.9,-0.8999977,-2.2613008,115.0,7871,0.1873555386352539,True,REGULAR,USD,2027-01-15,C
SPY270115C00755000,2026-09-29 18:21:56+00:00,755.0,34.75,35.1,35.2,-1.4799995,-4.085011,158.0,4662,0.18134363586425778,True,REGULAR,USD,2027-01-15,C
SPY270115C00760000,2026-09-29 18:22:43+00:00,760.0,31.14,31.62,31.75,-1.7000008,-5.176616,104.0,5106,0.17618621673583984,True,REGULAR,USD,2027-01-15,C
SPY270115C00765000,2026-09-29 18:45:07+00:00,765.0,28.44,28.31,28.43,-0.80999947,-2.769229,143.0,6335,0.17105931488037113,False,REGULAR,USD,2027-01-15,C
SPY270115C00770000,2026-09-29 18:50:07+00:00,770.0,25.15,25.2,25.25,-0.7800007,-3.0081012,229.0,12145,0.1659781889343262,False,REGULAR,USD,2027-01-15,C
SPY270115C00775000,2026-09-29 18:43:36+00:00,775.0,22.3,22.21,22.25,-0.52000046,-2.278705,110.0,7952,0.1611030545806885,False,REGULAR,USD,2027-01-15,C
SPY270115C00780000,2026-09-29 18:38:56+00:00,780.0,19.38,19.44,19.48,-0.84000015,-4.1543036,234.0,12761,0.15667042068481446,False,REGULAR,USD,2027-01-15,C
SPY270115C00785000,2026-09-29 18:33:12+00:00,785.0,16.56,16.92,16.95,-1.2300014,-6.9140043,54.0,5582,0.15271843383789066,False,REGULAR,USD,2027-01-15,C
SPY270115C00790000,2026-09-29 18:37:59+00:00,790.0,14.35,14.59,14.63,-0.65999985,-4.3970675,53.0,6713,0.14899532653808595,False,REGULAR,USD,2027-01-15,C
SPY270115C00795000,2026-09-29 18:37:32+00:00,795.0,12.26,12.49,12.53,-0.84000015,-6.4122148,324.0,9757,0.14559265060424803,False,REGULAR,USD,2027-01-15,C
SPY270115C00800000,2026-09-29 18:51:06+00:00,800.0,10.62,10.62,10.66,-0.44000053,-3.9783049,372.0,25771,0.14254092330932616,False,REGULAR,USD,2027-01-15,C
SPY270115C00805000,2026-09-29 18:22:43+00:00,805.0,8.82,8.96,9.0,-0.65999985,-6.962024,258.0,9343,0.13976385147094728,False,REGULAR,USD,2027-01-15,C
SPY270115C00810000,2026-09-29 18:22:44+00:00,810.0,7.39,7.53,7.57,-0.5799999,-7.277289,178.0,5721,0.1374750559997559,False,REGULAR,USD,2027-01-15,C
SPY270115C00815000,2026-09-29 18:38:36+00:00,815.0,6.21,6.28,6.31,-0.53999996,-7.9999995,273.0,8533,0.13529307098388677,False,REGULAR,USD,2027-01-15,C
SPY270115C00820000,2026-09-29 18:38:36+00:00,820.0,5.16,5.21,5.24,-0.39000034,-7.027033,217.0,6473,0.1334925518798828,False,REGULAR,USD,2027-01-15,C
SPY270115C00825000,2026-09-29 18:25:04+00:00,825.0,4.22,4.32,4.34,-0.31000042,-6.843276,275.0,12113,0.13204298141479492,False,REGULAR,USD,2027-01-15,C
SPY270115C00830000,2026-09-29 18:50:07+00:00,830.0,3.54,3.55,3.58,-0.16000009,-4.3243265,165.0,4988,0.13082229049682614,False,REGULAR,USD,2027-01-15,C
SPY270115C00835000,2026-09-29 18:45:37+00:00,835.0,2.94,2.9,2.93,-0.25,-7.8369904,77.0,5734,0.12964737548828126,False,REGULAR,USD,2027-01-15,C
SPY270115C00840000,2026-09-29 18:41:53+00:00,840.0,2.4,2.36,2.37,-0.39999986,-14.285709,29.0,6887,0.12841142593383786,False,REGULAR,USD,2027-01-15,C
SPY270115C00845000,2026-09-29 18:42:54+00:00,845.0,1.96,1.91,1.93,-0.13999987,-6.666661,31.0,5080,0.12769427001953126,False,REGULAR,USD,2027-01-15,C
SPY270115C00850000,2026-09-29 18:27:23+00:00,850.0,1.51,1.55,1.56,-0.13,-7.9268293,253.0,14656,0.12696185546875,False,REGULAR,USD,2027-01-15,C
SPY270115C00855000,2026-09-29 18:29:45+00:00,855.0,1.22,1.26,1.27,-0.14999998,-10.948904,2.0,8400,0.1266566827392578,False,REGULAR,USD,2027-01-15,C
SPY270115C00860000,2026-09-29 16:45:30+00:00,860.0,0.9,1.01,1.03,-0.20000005,-18.181822,14.0,4800,0.12641254455566403,False,REGULAR,USD,2027-01-15,C
SPY270115C00865000,2026-09-29 18:37:47+00:00,865.0,0.8,0.83,0.84,-0.099999964,-11.111107,63.0,6309,0.12641254455566403,False,REGULAR,USD,2027-01-15,C
SPY270115C00870000,2026-09-28 16:43:06+00:00,870.0,0.64,0.67,0.69,-0.15000004,-18.987347,3.0,8941,0.1266566827392578,False,REGULAR,USD,2027-01-15,C
SPY270115C00875000,2026-09-29 18:22:43+00:00,875.0,0.54,0.55,0.57,-0.07999998,-12.903223,116.0,7832,0.1271449591064453,False,REGULAR,USD,2027-01-15,C
SPY270115C00880000,2026-09-29 16:45:30+00:00,880.0,0.4,0.46,0.47,-0.14000002,-25.925928,11.0,18414,0.12757220092773439,False,REGULAR,USD,2027-01-15,C
SPY270115C00885000,2026-09-29 18:30:30+00:00,885.0,0.38,0.38,0.39,-0.060000002,-13.636364,13.0,6352,0.12818254638671872,False,REGULAR,USD,2027-01-15,C
SPY270115C00890000,2026-09-29 16:10:20+00:00,890.0,0.3,0.32,0.33,-0.060000002,-16.666666,1.0,7893,0.12915909912109375,False,REGULAR,USD,2027-01-15,C
SPY270115C00895000,2026-09-28 15:48:14+00:00,895.0,0.3,0.28,0.29,0.0,0.0,20.0,1739,0.13086806640624998,False,REGULAR,USD,2027-01-15,C
SPY270115C00900000,2026-09-29 18:45:09+00:00,900.0,0.25,0.24,0.25,-0.00999999,-4.1666627,442.0,26315,0.13208875732421876,False,REGULAR,USD,2027-01-15,C
SPY270115C00905000,2026-09-28 14:57:35+00:00,905.0,0.22,0.21,0.22,0.0,0.0,3.0,4331,0.13367565551757812,False,REGULAR,USD,2027-01-15,C
SPY270115C00910000,2026-09-24 15:35:13+00:00,910.0,0.23,0.18,0.19,0.0,0.0,1.0,4861,0.1348963464355469,False,REGULAR,USD,2027-01-15,C
SPY270115C00915000,2026-09-29 16:59:39+00:00,915.0,0.15,0.16,0.17,-0.030000001,-16.666666,15.0,3541,0.13672738281250002,False,REGULAR,USD,2027-01-15,C
SPY270115C00920000,2026-09-28 19:47:09+00:00,920.0,0.15,0.14,0.15,0.0,0.0,4.0,1666,0.1381922119140625,False,REGULAR,USD,2027-01-15,C
SPY270115C00925000,2026-09-29 14:11:31+00:00,925.0,0.14,0.13,0.14,0.0,0.0,10.0,1837,0.14063359375,False,REGULAR,USD,2027-01-15,C
SPY270115C00930000,2026-09-29 18:18:03+00:00,930.0,0.12,0.11,0.12,-0.11000001,-47.82609,22.0,626,0.141610146484375,False,REGULAR,USD,2027-01-15,C
SPY270115C00935000,2026-09-25 15:58:59+00:00,935.0,0.14,0.1,0.11,0.0,0.0,1.0,1114,0.143563251953125,False,REGULAR,USD,2027-01-15,C
SPY270115C00940000,2026-09-24 15:28:30+00:00,940.0,0.11,0.09,0.1,0.0,0.0,4.0,523,0.145516357421875,False,REGULAR,USD,2027-01-15,C
SPY270115C00945000,2026-09-28 17:16:33+00:00,945.0,0.1,0.08,0.09,0.0,0.0,116.0,401,0.1469811865234375,False,REGULAR,USD,2027-01-15,C
SPY270115C00950000,2026-09-29 16:47:25+00:00,950.0,0.08,0.07,0.09,-0.010000005,-11.111116,23.0,2974,0.15039912109375003,False,REGULAR,USD,2027-01-15,C
SPY270115C00955000,2026-09-24 13:44:44+00:00,955.0,0.09,0.07,0.08,0.0,0.0,20.0,437,0.15161981201171876,False,REGULAR,USD,2027-01-15,C
SPY270115C00960000,2026-09-29 18:41:41+00:00,960.0,0.07,0.06,0.07,-0.009999998,-12.499997,3.0,6314,0.15284050292968754,False,REGULAR,USD,2027-01-15,C
SPY270115C00965000,2026-09-29 16:59:39+00:00,965.0,0.06,0.06,0.07,-0.010000002,-14.285716,10.0,234,0.1557701611328125,False,REGULAR,USD,2027-01-15,C
SPY270115C00970000,2026-09-23 13:32:49+00:00,970.0,0.1,0.05,0.06,0.0,0.0,1.0,637,0.1562584375,False,REGULAR,USD,2027-01-15,C
SPY270115C00975000,2026-09-24 14:27:59+00:00,975.0,0.06,0.05,0.06,0.0,0.0,3.0,3240,0.1596763720703125,False,REGULAR,USD,2027-01-15,C
SPY270115C00980000,2026-09-25 14:06:18+00:00,980.0,0.06,0.05,0.06,0.0,0.0,10.0,1666,0.1626060302734375,False,REGULAR,USD,2027-01-15,C
SPY270115C00985000,2026-09-16 18:54:37+00:00,985.0,0.06,0.04,0.05,0.0,0.0,31.0,1066,0.1626060302734375,False,REGULAR,USD,2027-01-15,C
SPY270115C00990000,2026-09-23 13:53:18+00:00,990.0,0.06,0.04,0.05,0.0,0.0,4.0,1866,0.16553568847656253,False,REGULAR,USD,2027-01-15,C
SPY270115C00995000,2026-09-29 15:29:23+00:00,995.0,0.03,0.04,0.05,-0.020000001,-40.000004,25.0,1102,0.16846534667968754,False,REGULAR,USD,2027-01-15,C
SPY270115C01000000,2026-09-29 17:29:55+00:00,1000.0,0.04,0.03,0.04,-0.010000002,-20.000002,133.0,23225,0.16797707031250003,False,REGULAR,USD,2027-01-15,C
SPY270115C01010000,2026-09-25 18:44:53+00:00,1010.0,0.04,0.03,0.04,0.0,0.0,5.0,825,0.1733481103515625,False,REGULAR,USD,2027-01-15,C
SPY270115C01020000,2026-09-18 19:55:24+00:00,1020.0,0.04,0.03,0.04,0.0,0.0,250.0,2413,0.178719150390625,False,REGULAR,USD,2027-01-15,C
SPY270115C01030000,2026-09-25 18:40:59+00:00,1030.0,0.03,0.02,0.03,0.0,0.0,1.0,1316,0.179695703125,False,REGULAR,USD,2027-01-15,C
SPY270115C01040000,2026-09-24 16:53:14+00:00,1040.0,0.02,0.02,0.03,0.0,0.0,1.0,2147,0.18555501953124998,False,REGULAR,USD,2027-01-15,C
SPY270115C01050000,2026-09-28 13:37:49+00:00,1050.0,0.04,0.02,0.03,0.02,100.0,1.0,3956,0.19043778320312502,False,REGULAR,USD,2027-01-15,C
SPY270115C01060000,2026-09-21 17:15:44+00:00,1060.0,0.02,0.02,0.03,0.0,0.0,1.0,4828,0.195320546875,False,REGULAR,USD,2027-01-15,C
SPY270115C01070000,2026-09-29 15:39:53+00:00,1070.0,0.01,0.01,0.02,-0.01,-50.0,1.0,770,0.19336744140625,False,REGULAR,USD,2027-01-15,C
SPY270115C01080000,2026-09-28 19:13:58+00:00,1080.0,0.02,0.01,0.02,0.0,0.0,1.0,2310,0.1992267578125,False,REGULAR,USD,2027-01-15,C
SPY270115C01090000,2026-09-24 18:57:33+00:00,1090.0,0.02,0.01,0.02,0.0,0.0,1.0,467,0.20313296874999998,False,REGULAR,USD,2027-01-15,C
SPY270115C01100000,2026-09-21 18:25:10+00:00,1100.0,0.03,0.01,0.02,0.0,0.0,10.0,623,0.20899228515624996,False,REGULAR,USD,2027-01-15,C
SPY270115C01110000,2026-09-22 18:17:16+00:00,1110.0,0.02,0.01,0.02,0.0,0.0,4.0,205,0.21289849609375,False,REGULAR,USD,2027-01-15,C
SPY270115C01120000,2026-09-04 13:37:15+00:00,1120.0,0.02,0.01,0.02,0.0,0.0,4.0,165,0.21778125976562498,False,REGULAR,USD,2027-01-15,C
SPY270115C01130000,2026-08-10 13:30:01+00:00,1130.0,0.05,0.0,0.0,0.0,0.0,5.0,0,0.12500875,False,REGULAR,USD,2027-01-15,C
SPY270115C01140000,2026-09-29 15:40:00+00:00,1140.0,0.01,0.01,0.02,0.0,0.0,1.0,502,0.22657023437499998,False,REGULAR,USD,2027-01-15,C
SPY270115C01150000,2026-09-24 13:56:52+00:00,1150.0,0.02,0.01,0.02,0.0,0.0,2.0,861,0.231452998046875,False,REGULAR,USD,2027-01-15,C
SPY270115C01160000,2026-09-29 15:53:24+00:00,1160.0,0.01,0.0,0.01,0.0,0.0,8.0,1861,0.22266402343749997,False,REGULAR,USD,2027-01-15,C
SPY270115C01170000,2026-09-28 19:14:26+00:00,1170.0,0.01,0.0,0.01,0.0,0.0,7.0,1506,0.22852333984375,False,REGULAR,USD,2027-01-15,C
SPY270115C01180000,2026-09-28 19:13:43+00:00,1180.0,0.01,0.0,0.01,0.0,0.0,28.0,1060,0.23242955078125,False,REGULAR,USD,2027-01-15,C
SPY270115C01190000,2026-09-28 19:18:27+00:00,1190.0,0.01,0.0,0.01,0.0,0.0,3.0,407,0.23828886718749998,False,REGULAR,USD,2027-01-15,C
SPY270115C01200000,2026-09-28 14:38:23+00:00,1200.0,0.01,0.0,0.01,0.0,0.0,15.0,3037,0.242195078125,False,REGULAR,USD,2027-01-15,C
SPY270115C01210000,2026-09-28 13:43:15+00:00,1210.0,0.01,0.0,0.01,0.0,0.0,9.0,1202,0.2461012890625,False,REGULAR,USD,2027-01-15,C
SPY270115C01220000,2026-09-11 16:10:06+00:00,1220.0,0.01,0.0,0.01,0.0,0.0,86.0,3342,0.2500075,False,REGULAR,USD,2027-01-15,C
SPY270115C01230000,2026-08-31 13:36:07+00:00,1230.0,0.01,0.0,0.01,0.0,0.0,10.0,4049,0.25391371093750004,False,REGULAR,USD,2027-01-15,C
SPY270115C01240000,2026-09-01 16:12:17+00:00,1240.0,0.01,0.0,0.01,0.0,0.0,10.0,225,0.257819921875,False,REGULAR,USD,2027-01-15,C
SPY270115C01250000,2026-08-24 19:29:09+00:00,1250.0,0.01,0.0,0.01,0.0,0.0,3.0,509,0.2617261328125,False,REGULAR,USD,2027-01-15,C
SPY270115C01260000,2026-08-24 19:29:09+00:00,1260.0,0.01,0.0,0.01,0.0,0.0,3.0,243,0.26563234375,False,REGULAR,USD,2027-01-15,C
SPY270115C01270000,2026-09-10 16:06:33+00:00,1270.0,0.01,0.0,0.01,0.0,0.0,1.0,321,0.2695385546875,False,REGULAR,USD,2027-01-15,C
SPY270115C01280000,2026-09-15 17:11:44+00:00,1280.0,0.01,0.0,0.01,0.0,0.0,4.0,1699,0.273444765625,False,REGULAR,USD,2027-01-15,C
SPY270115C01290000,2026-09-28 13:30:01+00:00,1290.0,0.01,0.0,0.01,0.0,0.0,400.0,3502,0.27735097656249996,False,REGULAR,USD,2027-01-15,C
SPY270115C01300000,2026-08-26 13:56:28+00:00,1300.0,0.01,0.0,0.01,0.0,0.0,20.0,1405,0.28125718749999995,False,REGULAR,USD,2027-01-15,C
SPY270115C01310000,2026-09-08 13:30:04+00:00,1310.0,0.01,0.0,0.01,0.0,0.0,2.0,519,0.28516339843749994,False,REGULAR,USD,2027-01-15,C
SPY270115C01320000,2026-08-28 13:51:58+00:00,1320.0,0.01,0.0,0.01,0.0,0.0,10.0,154,0.28516339843749994,False,REGULAR,USD,2027-01-15,C
SPY270115C01330000,2026-08-31 13:58:53+00:00,1330.0,0.01,0.0,0.01,0.0,0.0,36.0,2392,0.2890696093749999,False,REGULAR,USD,2027-01-15,C
SPY270115C01340000,2026-08-28 13:32:24+00:00,1340.0,0.01,0.0,0.01,0.0,0.0,10.0,1647,0.2929758203124999,False,REGULAR,USD,2027-01-15,C
SPY270115C01350000,2026-08-19 13:33:27+00:00,1350.0,0.01,0.0,0.0,0.0,0.0,10.0,0,0.2500075,False,REGULAR,USD,2027-01-15,C
SPY270115C01360000,2026-08-14 13:48:53+00:00,1360.0,0.01,0.0,0.0,0.0,0.0,20.0,0,0.2500075,False,REGULAR,USD,2027-01-15,C
SPY270115C01370000,2026-08-17 13:32:10+00:00,1370.0,0.01,0.0,0.0,0.0,0.0,10.0,0,0.2500075,False,REGULAR,USD,2027-01-15,C
SPY270115C01380000,2026-08-13 13:42:03+00:00,1380.0,0.01,0.0,0.0,0.0,0.0,10.0,0,0.2500075,False,REGULAR,USD,2027-01-15,C
SPY270115C01390000,2026-06-22 13:30:01+00:00,1390.0,0.03,0.0,0.02,0.0,0.0,,1,0.32813171874999997,False,REGULAR,USD,2027-01-15,C
SPY270115C01400000,2026-08-13 14:12:31+00:00,1400.0,0.01,0.0,0.0,0.0,0.0,1.0,0,0.2500075,False,REGULAR,USD,2027-01-15,C
SPY270115C01410000,2026-08-13 14:13:11+00:00,1410.0,0.01,0.0,0.0,0.0,0.0,9.0,0,0.2500075,False,REGULAR,USD,2027-01-15,C
SPY270115C01420000,2026-08-04 16:54:06+00:00,1420.0,0.01,0.0,0.01,0.0,0.0,1.0,36,0.32031929687499994,False,REGULAR,USD,2027-01-15,C
SPY270115C01430000,2026-08-04 18:07:48+00:00,1430.0,0.01,0.0,0.01,0.0,0.0,1.0,23,0.3242255078124999,False,REGULAR,USD,2027-01-15,C
SPY270115C01440000,2026-08-04 18:08:20+00:00,1440.0,0.01,0.0,0.01,0.0,0.0,2.0,77,0.32813171874999997,False,REGULAR,USD,2027-01-15,C
SPY270115C01450000,2026-08-03 17:23:46+00:00,1450.0,0.01,0.0,0.01,0.0,0.0,5.0,19,0.3320379296875,False,REGULAR,USD,2027-01-15,C
SPY270115C01460000,2026-08-04 19:56:31+00:00,1460.0,0.01,0.0,0.01,0.0,0.0,3.0,24,0.335944140625,False,REGULAR,USD,2027-01-15,C
SPY270115C01470000,2026-08-06 14:16:04+00:00,1470.0,0.01,0.0,0.0,0.0,0.0,3.0,0,0.2500075,False,REGULAR,USD,2027-01-15,C
SPY270115C01480000,2026-09-28 13:37:49+00:00,1480.0,0.01,0.0,0.01,0.0,0.0,1.0,362,0.3437565625,False,REGULAR,USD,2027-01-15,C
SPY270115P00050000,2026-09-18 19:30:10+00:00,50.0,0.01,0.0,0.01,0.0,0.0,75.0,47630,1.3750031249999999,False,REGULAR,USD,2027-01-15,P
SPY270115P00055000,2026-08-07 18:21:54+00:00,55.0,0.01,0.0,0.0,0.0,0.0,152.0,0,0.500005,False,REGULAR,USD,2027-01-15,P
SPY270115P00060000,2026-09-04 17:49:42+00:00,60.0,0.01,0.0,0.01,0.0,0.0,16.0,43447,1.2812535937499998,False,REGULAR,USD,2027-01-15,P
SPY270115P00065000,2026-08-11 19:15:36+00:00,65.0,0.01,0.0,0.0,0.0,0.0,1000.0,0,0.500005,False,REGULAR,USD,2027-01-15,P
SPY270115P00070000,2026-08-27 13:30:01+00:00,70.0,0.01,0.0,0.01,0.0,0.0,7.0,26795,1.21875390625,False,REGULAR,USD,2027-01-15,P
SPY270115P00075000,2026-08-24 16:05:46+00:00,75.0,0.01,0.0,0.01,0.0,0.0,11.0,5613,1.15625421875,False,REGULAR,USD,2027-01-15,P
SPY270115P00080000,2026-08-25 16:21:56+00:00,80.0,0.01,0.0,0.01,0.0,0.0,1004.0,14155,1.125004375,False,REGULAR,USD,2027-01-15,P
SPY270115P00085000,2026-09-04 13:57:54+00:00,85.0,0.01,0.0,0.01,0.0,0.0,3.0,124,1.09375453125,False,REGULAR,USD,2027-01-15,P
SPY270115P00090000,2026-09-21 19:50:16+00:00,90.0,0.01,0.0,0.01,0.0,0.0,2.0,9615,1.0625046875000002,False,REGULAR,USD,2027-01-15,P
SPY270115P00095000,2026-09-16 19:05:56+00:00,95.0,0.01,0.0,0.01,0.0,0.0,1.0,8898,1.0468797656250002,False,REGULAR,USD,2027-01-15,P
SPY270115P00100000,2026-09-21 13:42:27+00:00,100.0,0.01,0.0,0.01,0.0,0.0,1.0,5920,1.0312548437500002,False,REGULAR,USD,2027-01-15,P
SPY270115P00105000,2026-09-18 19:49:52+00:00,105.0,0.01,0.0,0.01,0.0,0.0,31.0,4114,0.992187578125,False,REGULAR,USD,2027-01-15,P
SPY270115P00110000,2026-09-28 13:30:01+00:00,110.0,0.01,0.0,0.01,0.0,0.0,40.0,327,0.9687503125,False,REGULAR,USD,2027-01-15,P
SPY270115P00115000,2026-09-28 15:22:58+00:00,115.0,0.01,0.0,0.01,0.0,0.0,1.0,1046,0.9531254687499999,False,REGULAR,USD,2027-01-15,P
SPY270115P00120000,2026-09-28 13:59:54+00:00,120.0,0.01,0.0,0.01,0.0,0.0,4.0,675,0.937500625,False,REGULAR,USD,2027-01-15,P
SPY270115P00125000,2026-09-29 15:40:11+00:00,125.0,0.02,0.01,0.02,0.0,0.0,1.0,3731,0.98437515625,False,REGULAR,USD,2027-01-15,P
SPY270115P00130000,2026-09-23 15:42:55+00:00,130.0,0.02,0.01,0.02,0.0,0.0,2.0,4957,0.9609378906249999,False,REGULAR,USD,2027-01-15,P
SPY270115P00135000,2026-08-19 15:10:43+00:00,135.0,0.04,0.0,0.0,0.0,0.0,18.0,0,0.500005,False,REGULAR,USD,2027-01-15,P
SPY270115P00140000,2026-09-25 19:06:21+00:00,140.0,0.01,0.01,0.02,0.0,0.0,1.0,1561,0.92187578125,False,REGULAR,USD,2027-01-15,P
SPY270115P00145000,2026-09-21 13:39:49+00:00,145.0,0.02,0.01,0.02,0.0,0.0,1.0,697,0.8984385156249999,False,REGULAR,USD,2027-01-15,P
SPY270115P00150000,2026-09-24 18:52:32+00:00,150.0,0.03,0.01,0.02,0.0,0.0,11.0,2115,0.8828136718749999,False,REGULAR,USD,2027-01-15,P
SPY270115P00155000,2026-09-28 18:47:08+00:00,155.0,0.02,0.01,0.02,0.0,0.0,21.0,522,0.867188828125,False,REGULAR,USD,2027-01-15,P
SPY270115P00160000,2026-09-03 13:33:10+00:00,160.0,0.03,0.02,0.03,0.0,0.0,1.0,322,0.8828136718749999,False,REGULAR,USD,2027-01-15,P
SPY270115P00165000,2026-08-31 19:54:39+00:00,165.0,0.05,0.02,0.03,0.0,0.0,11.0,755,0.8632826171875,False,REGULAR,USD,2027-01-15,P
SPY270115P00170000,2026-09-21 13:39:16+00:00,170.0,0.02,0.02,0.03,0.0,0.0,71.0,488,0.8476577734374999,False,REGULAR,USD,2027-01-15,P
SPY270115P00175000,2026-09-22 16:55:06+00:00,175.0,0.03,0.02,0.03,0.0,0.0,1.0,300,0.8281267187499999,False,REGULAR,USD,2027-01-15,P
SPY270115P00180000,2026-09-17 14:30:18+00:00,180.0,0.04,0.02,0.03,0.0,0.0,144.0,710,0.8125018749999999,False,REGULAR,USD,2027-01-15,P
SPY270115P00185000,2026-09-21 13:37:44+00:00,185.0,0.04,0.03,0.04,0.0,0.0,12.0,797,0.8203142968749999,False,REGULAR,USD,2027-01-15,P
SPY270115P00190000,2026-09-21 15:19:37+00:00,190.0,0.04,0.03,0.04,0.0,0.0,129.0,907,0.804689453125,False,REGULAR,USD,2027-01-15,P
SPY270115P00195000,2026-09-28 15:56:03+00:00,195.0,0.05,0.03,0.04,0.0,0.0,20.0,509,0.7929708203125,False,REGULAR,USD,2027-01-15,P
SPY270115P00200000,2026-09-29 15:50:26+00:00,200.0,0.04,0.04,0.05,-0.010000002,-20.000002,7.0,21859,0.7929708203125,False,REGULAR,USD,2027-01-15,P
SPY270115P00205000,2026-09-22 16:55:25+00:00,205.0,0.05,0.04,0.05,0.0,0.0,357.0,779,0.7773459765625,False,REGULAR,USD,2027-01-15,P
SPY270115P00210000,2026-09-29 13:30:01+00:00,210.0,0.05,0.04,0.05,-0.009999998,-16.666662,100.0,365,0.7656273437500001,False,REGULAR,USD,2027-01-15,P
SPY270115P00215000,2026-09-25 19:48:17+00:00,215.0,0.06,0.05,0.06,0.0,0.0,17.0,645,0.76367423828125,False,REGULAR,USD,2027-01-15,P
SPY270115P00220000,2026-09-22 16:54:21+00:00,220.0,0.06,0.05,0.06,0.0,0.0,138.0,1169,0.7500025,False,REGULAR,USD,2027-01-15,P
SPY270115P00225000,2026-09-16 19:24:50+00:00,225.0,0.1,0.05,0.06,0.0,0.0,5.0,622,0.7382838671874999,False,REGULAR,USD,2027-01-15,P
SPY270115P00230000,2026-09-21 15:19:42+00:00,230.0,0.07,0.06,0.07,0.0,0.0,1.0,1067,0.73437765625,False,REGULAR,USD,2027-01-15,P
SPY270115P00235000,2026-09-25 19:50:55+00:00,235.0,0.08,0.06,0.07,0.0,0.0,45.0,386,0.7226590234375,False,REGULAR,USD,2027-01-15,P
SPY270115P00240000,2026-09-25 19:52:05+00:00,240.0,0.08,0.07,0.08,0.0,0.0,184.0,864,0.7187528125,False,REGULAR,USD,2027-01-15,P
SPY270115P00245000,2026-09-22 14:42:18+00:00,245.0,0.08,0.07,0.08,0.0,0.0,20.0,506,0.7070341796875,False,REGULAR,USD,2027-01-15,P
SPY270115P00250000,2026-09-28 18:05:36+00:00,250.0,0.08,0.08,0.09,0.0,0.0,2.0,3060,0.702151416015625,False,REGULAR,USD,2027-01-15,P
SPY270115P00255000,2026-09-25 19:31:45+00:00,255.0,0.1,0.08,0.09,0.0,0.0,159.0,374,0.6894562304687502,False,REGULAR,USD,2027-01-15,P
SPY270115P00260000,2026-09-28 13:32:04+00:00,260.0,0.1,0.09,0.1,0.0,0.0,2.0,535,0.68555001953125,False,REGULAR,USD,2027-01-15,P
SPY270115P00265000,2026-09-29 13:56:36+00:00,265.0,0.1,0.09,0.1,-0.009999998,-9.090907,10.0,417,0.6738313867187502,False,REGULAR,USD,2027-01-15,P
SPY270115P00270000,2026-09-25 16:07:13+00:00,270.0,0.11,0.1,0.11,-0.009999998,-8.333331,10.0,5647,0.6679720703125002,False,REGULAR,USD,2027-01-15,P
SPY270115P00275000,2026-09-29 13:57:09+00:00,275.0,0.11,0.1,0.11,-0.019999996,-15.384612,10.0,400,0.657229990234375,False,REGULAR,USD,2027-01-15,P
SPY270115P00280000,2026-09-29 13:57:21+00:00,280.0,0.12,0.11,0.12,-0.009999998,-7.692306,10.0,1218,0.6513706738281251,False,REGULAR,USD,2027-01-15,P
SPY270115P00285000,2026-09-29 13:57:33+00:00,285.0,0.12,0.12,0.13,-0.020000003,-14.285716,10.0,7151,0.6455113574218749,False,REGULAR,USD,2027-01-15,P
SPY270115P00290000,2026-09-29 13:58:36+00:00,290.0,0.14,0.13,0.14,0.0,0.0,10.0,1772,0.639652041015625,False,REGULAR,USD,2027-01-15,P
SPY270115P00295000,2026-09-29 14:51:46+00:00,295.0,0.14,0.13,0.14,-0.019999996,-12.499997,260.0,664,0.6289099609375001,False,REGULAR,USD,2027-01-15,P
SPY270115P00300000,2026-09-29 14:51:12+00:00,300.0,0.14,0.14,0.15,-0.019999996,-12.499997,160.0,11617,0.62305064453125,False,REGULAR,USD,2027-01-15,P
SPY270115P00305000,2026-09-29 13:58:07+00:00,305.0,0.16,0.15,0.16,0.0,0.0,11.0,371,0.6162147753906251,False,REGULAR,USD,2027-01-15,P
SPY270115P00310000,2026-09-29 13:57:55+00:00,310.0,0.17,0.16,0.17,0.0,0.0,10.0,1891,0.6103554589843752,False,REGULAR,USD,2027-01-15,P
SPY270115P00315000,2026-09-29 13:54:27+00:00,315.0,0.18,0.17,0.18,0.0,0.0,10.0,547,0.6035195898437502,False,REGULAR,USD,2027-01-15,P
SPY270115P00320000,2026-09-29 13:55:45+00:00,320.0,0.18,0.18,0.19,-0.019999996,-9.999997,10.0,2058,0.596683720703125,False,REGULAR,USD,2027-01-15,P
SPY270115P00325000,2026-09-29 16:49:32+00:00,325.0,0.2,0.19,0.2,-0.00999999,-4.7619004,1052.0,3596,0.5898478515625001,False,REGULAR,USD,2027-01-15,P
SPY270115P00330000,2026-09-29 13:56:12+00:00,330.0,0.2,0.2,0.21,-0.00999999,-4.7619004,10.0,512,0.5830119824218749,False,REGULAR,USD,2027-01-15,P
SPY270115P00335000,2026-09-29 13:56:03+00:00,335.0,0.22,0.21,0.22,-0.010000005,-4.347828,10.0,341,0.57617611328125,False,REGULAR,USD,2027-01-15,P
SPY270115P00340000,2026-09-23 17:02:17+00:00,340.0,0.24,0.22,0.23,0.0,0.0,15.0,1752,0.569340244140625,False,REGULAR,USD,2027-01-15,P
SPY270115P00345000,2026-09-25 18:39:51+00:00,345.0,0.26,0.23,0.24,0.0,0.0,2.0,2422,0.5620160986328125,False,REGULAR,USD,2027-01-15,P
SPY270115P00350000,2026-09-24 18:03:43+00:00,350.0,0.29,0.24,0.25,0.0,0.0,1.0,7085,0.5551802294921876,False,REGULAR,USD,2027-01-15,P
SPY270115P00355000,2026-09-29 13:45:33+00:00,355.0,0.26,0.25,0.26,-0.02000001,-7.1428604,1.0,267,0.5483443603515626,False,REGULAR,USD,2027-01-15,P
SPY270115P00360000,2026-09-25 19:53:37+00:00,360.0,0.29,0.27,0.28,0.0,0.0,11.0,989,0.5434615966796876,False,REGULAR,USD,2027-01-15,P
SPY270115P00365000,2026-09-17 13:32:55+00:00,365.0,0.38,0.28,0.29,0.0,0.0,1.0,1338,0.5361374511718751,False,REGULAR,USD,2027-01-15,P
SPY270115P00370000,2026-09-24 19:00:07+00:00,370.0,0.33,0.29,0.3,0.0,0.0,2.0,1149,0.5293015820312501,False,REGULAR,USD,2027-01-15,P
SPY270115P00375000,2026-09-28 17:57:57+00:00,375.0,0.32,0.31,0.32,0.0,0.0,1.0,327,0.5239305419921875,False,REGULAR,USD,2027-01-15,P
SPY270115P00380000,2026-09-25 16:03:56+00:00,380.0,0.36,0.32,0.33,0.0,0.0,5.0,2391,0.516606396484375,False,REGULAR,USD,2027-01-15,P
SPY270115P00385000,2026-09-25 19:54:39+00:00,385.0,0.36,0.34,0.35,0.0,0.0,5.0,251,0.5112353564453125,False,REGULAR,USD,2027-01-15,P
SPY270115P00390000,2026-09-29 13:43:46+00:00,390.0,0.37,0.36,0.37,-0.030000001,-7.5,1.0,525,0.50586431640625,False,REGULAR,USD,2027-01-15,P
SPY270115P00395000,2026-09-28 13:46:59+00:00,395.0,0.4,0.37,0.38,0.0,0.0,1.0,212,0.4995167236328125,False,REGULAR,USD,2027-01-15,P
SPY270115P00400000,2026-09-29 17:11:43+00:00,400.0,0.41,0.39,0.4,0.0,0.0,4.0,19070,0.4936574072265626,False,REGULAR,USD,2027-01-15,P
SPY270115P00405000,2026-09-29 14:57:11+00:00,405.0,0.41,0.41,0.42,-0.03999999,-8.888887,3.0,519,0.48779809082031256,False,REGULAR,USD,2027-01-15,P
SPY270115P00410000,2026-09-24 18:02:27+00:00,410.0,0.51,0.43,0.44,0.0,0.0,1.0,6102,0.4819387744140625,False,REGULAR,USD,2027-01-15,P
SPY270115P00415000,2026-09-23 18:53:24+00:00,415.0,0.48,0.45,0.46,0.0,0.0,2.0,857,0.4760794580078125,False,REGULAR,USD,2027-01-15,P
SPY270115P00420000,2026-09-28 15:35:09+00:00,420.0,0.52,0.47,0.48,0.0,0.0,100.0,3438,0.4699760034179688,False,REGULAR,USD,2027-01-15,P
SPY270115P00425000,2026-09-25 17:08:55+00:00,425.0,0.53,0.49,0.5,0.0,0.0,1.0,2875,0.46411668701171876,False,REGULAR,USD,2027-01-15,P
SPY270115P00430000,2026-09-29 18:27:00+00:00,430.0,0.53,0.52,0.53,-0.050000012,-8.620691,5.0,1821,0.45898978515625005,False,REGULAR,USD,2027-01-15,P
SPY270115P00435000,2026-09-23 16:42:59+00:00,435.0,0.57,0.54,0.55,0.0,0.0,8.0,387,0.45288633056640626,False,REGULAR,USD,2027-01-15,P
SPY270115P00440000,2026-09-25 19:07:32+00:00,440.0,0.59,0.57,0.58,0.0,0.0,1.0,3703,0.4476373596191406,False,REGULAR,USD,2027-01-15,P
SPY270115P00445000,2026-09-29 15:28:48+00:00,445.0,0.63,0.59,0.6,0.00999999,1.6129017,15.0,1386,0.4414118359375,False,REGULAR,USD,2027-01-15,P
SPY270115P00450000,2026-09-28 14:58:15+00:00,450.0,0.7,0.62,0.63,0.0,0.0,3.0,8248,0.43604079589843747,False,REGULAR,USD,2027-01-15,P
SPY270115P00455000,2026-09-25 19:00:56+00:00,455.0,0.68,0.64,0.65,0.0,0.0,6.0,688,0.42969320312500003,False,REGULAR,USD,2027-01-15,P
SPY270115P00460000,2026-09-25 19:38:45+00:00,460.0,0.68,0.67,0.68,-0.00999999,-1.449274,1.0,1755,0.42407802490234375,False,REGULAR,USD,2027-01-15,P
SPY270115P00465000,2026-09-28 20:14:57+00:00,465.0,0.74,0.71,0.72,0.0,0.0,1.0,3484,0.4193173303222656,False,REGULAR,USD,2027-01-15,P
SPY270115P00470000,2026-09-29 14:24:01+00:00,470.0,0.75,0.74,0.75,-0.01999998,-2.5974002,2.0,1820,0.41358008300781246,False,REGULAR,USD,2027-01-15,P
SPY270115P00475000,2026-09-24 15:22:02+00:00,475.0,0.9,0.77,0.78,0.0,0.0,12.0,1422,0.4078428356933594,False,REGULAR,USD,2027-01-15,P
SPY270115P00480000,2026-09-29 15:20:57+00:00,480.0,0.83,0.8,0.81,0.0,0.0,10.0,4992,0.40210558837890625,False,REGULAR,USD,2027-01-15,P
SPY270115P00485000,2026-09-24 13:52:05+00:00,485.0,0.95,0.84,0.85,0.0,0.0,2.0,1131,0.39685661743164063,False,REGULAR,USD,2027-01-15,P
SPY270115P00490000,2026-09-29 14:02:10+00:00,490.0,0.87,0.87,0.88,-0.06999999,-7.4468074,300.0,2685,0.3909973010253906,False,REGULAR,USD,2027-01-15,P
SPY270115P00495000,2026-09-29 16:58:38+00:00,495.0,0.96,0.91,0.92,-0.06999999,-6.796116,1.0,2007,0.385626260986328,False,REGULAR,USD,2027-01-15,P
SPY270115P00500000,2026-09-29 18:12:11+00:00,500.0,0.99,0.96,0.97,-0.03999996,-3.8834915,107.0,20077,0.3807434973144531,False,REGULAR,USD,2027-01-15,P
SPY270115P00505000,2026-09-29 17:23:20+00:00,505.0,1.05,1.0,1.01,0.029999971,2.9411738,2.0,2465,0.37525038818359374,False,REGULAR,USD,2027-01-15,P
SPY270115P00510000,2026-09-28 16:09:20+00:00,510.0,1.11,1.04,1.05,0.0,0.0,300.0,3540,0.36963520996093746,False,REGULAR,USD,2027-01-15,P
SPY270115P00515000,2026-09-28 16:08:13+00:00,515.0,1.16,1.08,1.09,0.0,0.0,300.0,2630,0.3640200317382813,False,REGULAR,USD,2027-01-15,P
SPY270115P00520000,2026-09-28 19:18:17+00:00,520.0,1.19,1.14,1.15,0.0,0.0,741.0,5630,0.3593203717041016,False,REGULAR,USD,2027-01-15,P
SPY270115P00525000,2026-09-29 18:34:10+00:00,525.0,1.21,1.18,1.19,-0.059999943,-4.724405,504.0,4333,0.35352208984374994,False,REGULAR,USD,2027-01-15,P
SPY270115P00530000,2026-09-29 15:32:04+00:00,530.0,1.29,1.23,1.24,0.029999971,2.3809502,100.0,4450,0.3481510498046875,False,REGULAR,USD,2027-01-15,P
SPY270115P00535000,2026-09-29 15:34:46+00:00,535.0,1.33,1.29,1.3,-0.03999996,-2.9197052,5.0,3002,0.3430851824951171,False,REGULAR,USD,2027-01-15,P
SPY270115P00540000,2026-09-29 17:54:28+00:00,540.0,1.42,1.34,1.36,0.03999996,2.898548,342.0,6737,0.3379582806396484,False,REGULAR,USD,2027-01-15,P
SPY270115P00545000,2026-09-29 14:03:32+00:00,545.0,1.4,1.4,1.42,-0.07000005,-4.761908,300.0,2673,0.3327093096923829,False,REGULAR,USD,2027-01-15,P
SPY270115P00550000,2026-09-29 18:25:22+00:00,550.0,1.5,1.47,1.48,-0.059999943,-3.8461504,310.0,17452,0.32733826965332036,False,REGULAR,USD,2027-01-15,P
SPY270115P00555000,2026-09-29 18:27:50+00:00,555.0,1.58,1.53,1.55,-0.01999998,-1.2499988,302.0,4684,0.32227240234374993,False,REGULAR,USD,2027-01-15,P
SPY270115P00560000,2026-09-29 16:21:51+00:00,560.0,1.66,1.61,1.62,-0.04000008,-2.3529458,303.0,3598,0.3171455004882812,False,REGULAR,USD,2027-01-15,P
SPY270115P00565000,2026-09-29 18:47:41+00:00,565.0,1.7,1.68,1.69,-0.07999992,-4.4943776,13.0,5073,0.31189652954101554,False,REGULAR,USD,2027-01-15,P
SPY270115P00570000,2026-09-28 16:50:26+00:00,570.0,1.83,1.75,1.77,0.0,0.0,40.0,2284,0.3068306622314453,False,REGULAR,USD,2027-01-15,P
SPY270115P00575000,2026-09-28 19:06:13+00:00,575.0,1.89,1.85,1.86,0.0,0.0,59.0,4908,0.3019478985595704,False,REGULAR,USD,2027-01-15,P
SPY270115P00580000,2026-09-29 17:32:32+00:00,580.0,2.0,1.93,1.94,-0.03999996,-1.9607825,2.0,11286,0.29669892761230465,False,REGULAR,USD,2027-01-15,P
SPY270115P00585000,2026-09-29 17:32:32+00:00,585.0,2.11,2.02,2.04,-0.00999999,-0.4716977,1.0,6508,0.291877198486328,False,REGULAR,USD,2027-01-15,P
SPY270115P00590000,2026-09-29 16:52:24+00:00,590.0,2.22,2.12,2.14,0.049999952,2.304145,7.0,2263,0.2868723657226562,False,REGULAR,USD,2027-01-15,P
SPY270115P00595000,2026-09-29 16:17:59+00:00,595.0,2.35,2.23,2.25,0.03999996,1.7316002,74.0,8792,0.2820506365966796,False,REGULAR,USD,2027-01-15,P
SPY270115P00600000,2026-09-29 18:25:56+00:00,600.0,2.4,2.35,2.36,-0.059999943,-2.439022,59.0,39777,0.2770458038330078,False,REGULAR,USD,2027-01-15,P
SPY270115P00605000,2026-09-28 14:54:35+00:00,605.0,2.72,2.47,2.48,0.0,0.0,1.0,3845,0.27213252288818357,False,REGULAR,USD,2027-01-15,P
SPY270115P00610000,2026-09-29 16:32:33+00:00,610.0,2.66,2.59,2.61,0.0,0.0,3.0,6002,0.2672802764892578,False,REGULAR,USD,2027-01-15,P
SPY270115P00615000,2026-09-29 17:59:09+00:00,615.0,2.83,2.73,2.76,0.01999998,0.7117431,102.0,5447,0.26270268554687504,False,REGULAR,USD,2027-01-15,P
SPY270115P00620000,2026-09-29 16:28:52+00:00,620.0,2.95,2.88,2.9,0.029999971,1.0273962,46.0,7085,0.25775888732910157,False,REGULAR,USD,2027-01-15,P
SPY270115P00625000,2026-09-29 15:40:41+00:00,625.0,3.19,3.04,3.05,0.059999943,1.916931,3.0,9812,0.2528150891113281,False,REGULAR,USD,2027-01-15,P
SPY270115P00630000,2026-09-29 15:21:53+00:00,630.0,3.31,3.22,3.23,0.06999993,2.1604917,9.0,5332,0.24826801544189453,False,REGULAR,USD,2027-01-15,P
SPY270115P00635000,2026-09-29 18:10:47+00:00,635.0,3.52,3.39,3.41,0.13999987,4.142008,2.0,2884,0.24350732086181642,False,REGULAR,USD,2027-01-15,P
SPY270115P00640000,2026-09-29 16:08:53+00:00,640.0,3.7,3.6,3.62,0.06999993,1.9283727,1.0,7413,0.23905179901123047,False,REGULAR,USD,2027-01-15,P
SPY270115P00645000,2026-09-29 18:45:37+00:00,645.0,3.81,3.8,3.82,-0.21000004,-5.2238817,25.0,4800,0.23419955261230468,False,REGULAR,USD,2027-01-15,P
SPY270115P00650000,2026-09-29 18:46:17+00:00,650.0,4.03,4.02,4.05,-0.10999966,-2.6569967,1348.0,21546,0.22959144439697265,False,REGULAR,USD,2027-01-15,P
SPY270115P00655000,2026-09-29 15:03:28+00:00,655.0,4.29,4.27,4.29,0.26999998,6.7164173,11.0,7056,0.22486126708984372,False,REGULAR,USD,2027-01-15,P
SPY270115P00660000,2026-09-29 18:40:54+00:00,660.0,4.53,4.53,4.55,-0.069999695,-1.5217326,7.0,7084,0.22020738296508785,False,REGULAR,USD,2027-01-15,P
SPY270115P00665000,2026-09-29 16:00:00+00:00,665.0,4.98,4.83,4.85,0.09000015,1.8404939,7.0,7154,0.2157976370239258,False,REGULAR,USD,2027-01-15,P
SPY270115P00670000,2026-09-29 18:19:51+00:00,670.0,5.24,5.12,5.14,0.03999996,0.76923007,12.0,14933,0.2110064251708984,False,REGULAR,USD,2027-01-15,P
SPY270115P00675000,2026-09-29 18:42:32+00:00,675.0,5.45,5.45,5.48,-0.09000015,-1.6245515,15.0,9505,0.2065051274108886,False,REGULAR,USD,2027-01-15,P
SPY270115P00680000,2026-09-29 17:31:26+00:00,680.0,6.06,5.82,5.84,0.119999886,2.0202,19.0,7021,0.20194279510498048,False,REGULAR,USD,2027-01-15,P
SPY270115P00685000,2026-09-29 15:16:46+00:00,685.0,6.28,6.21,6.23,0.01999998,0.3194885,2.0,7827,0.19736520416259767,False,REGULAR,USD,2027-01-15,P
SPY270115P00690000,2026-09-29 18:44:27+00:00,690.0,6.65,6.63,6.65,-0.069999695,-1.0416622,68.0,14166,0.19278761322021482,False,REGULAR,USD,2027-01-15,P
SPY270115P00695000,2026-09-29 18:40:27+00:00,695.0,7.1,7.07,7.11,-0.01999998,-0.2808986,11.0,6081,0.18822528091430663,False,REGULAR,USD,2027-01-15,P
SPY270115P00700000,2026-09-29 18:28:25+00:00,700.0,7.74,7.58,7.62,0.099999905,1.3088993,247.0,32285,0.18376975906372067,False,REGULAR,USD,2027-01-15,P
SPY270115P00705000,2026-09-29 18:52:12+00:00,705.0,8.15,8.12,8.15,0.03999996,0.4932178,10.0,5402,0.1790853576660156,False,REGULAR,USD,2027-01-15,P
SPY270115P00710000,2026-09-29 18:43:18+00:00,710.0,8.75,8.72,8.75,0.06000042,0.69045365,30.0,7532,0.17456880126953128,False,REGULAR,USD,2027-01-15,P
SPY270115P00715000,2026-09-29 18:34:49+00:00,715.0,9.59,9.35,9.4,0.10000038,1.0537448,408.0,11770,0.1700217276000977,False,REGULAR,USD,2027-01-15,P
SPY270115P00720000,2026-09-29 18:40:36+00:00,720.0,10.06,10.06,10.09,-0.12999916,-1.2757524,104.0,15397,0.16530680892944338,False,REGULAR,USD,2027-01-15,P
SPY270115P00725000,2026-09-29 18:38:36+00:00,725.0,10.93,10.85,10.87,0.32999992,3.1132066,73.0,8731,0.1607444766235352,False,REGULAR,USD,2027-01-15,P
SPY270115P00730000,2026-09-29 18:53:35+00:00,730.0,11.7,11.68,11.72,-0.010000229,-0.085399054,1420.0,17460,0.15615162704467772,False,REGULAR,USD,2027-01-15,P
SPY270115P00735000,2026-09-29 18:02:48+00:00,735.0,13.03,12.61,12.65,0.3899994,3.085438,8.0,9808,0.1515053722381592,False,REGULAR,USD,2027-01-15,P
SPY270115P00740000,2026-09-29 18:53:12+00:00,740.0,13.66,13.64,13.67,0.019999504,0.14662392,137.0,10111,0.14682860015869142,False,REGULAR,USD,2027-01-15,P
SPY270115P00745000,2026-09-29 18:29:10+00:00,745.0,15.06,14.78,14.82,0.24000072,1.6194382,84.0,5352,0.1422967851257324,False,REGULAR,USD,2027-01-15,P
SPY270115P00750000,2026-09-29 18:47:19+00:00,750.0,16.11,16.03,16.09,0.020000458,0.124303654,380.0,16885,0.13774971145629883,False,REGULAR,USD,2027-01-15,P
SPY270115P00755000,2026-09-29 18:48:42+00:00,755.0,17.51,17.41,17.46,0.09000015,0.5166484,27.0,2843,0.13298901687622072,False,REGULAR,USD,2027-01-15,P
SPY270115P00760000,2026-09-29 18:52:10+00:00,760.0,18.99,18.97,19.0,0.07999992,0.4230562,657.0,7450,0.1283503913879394,False,REGULAR,USD,2027-01-15,P
SPY270115P00765000,2026-09-29 18:51:34+00:00,765.0,20.74,20.66,20.74,-0.040000916,-0.19249718,233.0,3593,0.12388724021911621,True,REGULAR,USD,2027-01-15,P
SPY270115P00770000,2026-09-29 18:37:04+00:00,770.0,22.96,22.59,22.66,0.36999893,1.6378882,124.0,6327,0.11937831314086914,True,REGULAR,USD,2027-01-15,P
SPY270115P00775000,2026-09-29 18:48:42+00:00,775.0,24.84,24.68,24.73,0.15999985,0.6482976,119.0,7211,0.11452606674194338,True,REGULAR,USD,2027-01-15,P
SPY270115P00780000,2026-09-29 17:38:32+00:00,780.0,27.93,27.02,27.11,1.0900002,4.0611033,236.0,2887,0.11016209671020508,True,REGULAR,USD,2027-01-15,P
SPY270115P00785000,2026-09-29 17:42:44+00:00,785.0,30.69,29.58,29.73,2.290001,8.063384,60.0,4914,0.10575998008728027,True,REGULAR,USD,2027-01-15,P
SPY270115P00790000,2026-09-29 15:23:37+00:00,790.0,33.77,32.42,32.61,2.5200005,8.064001,14.0,1729,0.10132734619140624,True,REGULAR,USD,2027-01-15,P
SPY270115P00795000,2026-09-29 15:23:09+00:00,795.0,36.83,35.53,35.74,1.9300003,5.5300865,50.0,306,0.09668872070312501,True,REGULAR,USD,2027-01-15,P
SPY270115P00800000,2026-09-29 18:38:10+00:00,800.0,39.45,38.9,39.15,2.040001,5.4530897,102.0,2194,0.09191276748657226,True,REGULAR,USD,2027-01-15,P
SPY270115P00805000,2026-09-29 14:49:08+00:00,805.0,42.79,42.52,42.87,0.65999985,1.5665792,6.0,373,0.0872283660888672,True,REGULAR,USD,2027-01-15,P
SPY270115P00810000,2026-09-23 19:41:21+00:00,810.0,44.29,45.29,48.12,0.0,0.0,112.0,254,0.09687182434082033,True,REGULAR,USD,2027-01-15,P
SPY270115P00815000,2026-09-29 14:46:40+00:00,815.0,50.38,49.16,52.67,-0.11999893,-0.23762165,170.0,58,0.09873337799072265,True,REGULAR,USD,2027-01-15,P
SPY270115P00820000,2026-09-24 18:48:26+00:00,820.0,53.18,53.9,57.21,0.0,0.0,773.0,509,0.09952682708740235,True,REGULAR,USD,2027-01-15,P
SPY270115P00825000,2026-09-29 16:45:28+00:00,825.0,62.35,58.76,61.71,7.989998,14.698303,5.0,24,0.09845872253417969,True,REGULAR,USD,2027-01-15,P
SPY270115P00830000,2026-09-22 17:13:18+00:00,830.0,56.76,63.56,66.72,0.0,0.0,2.0,0,0.10447062530517576,True,REGULAR,USD,2027-01-15,P
SPY270115P00835000,2026-09-18 13:51:04+00:00,835.0,74.76,68.21,72.34,0.0,0.0,2.0,1,0.1196682272338867,True,REGULAR,USD,2027-01-15,P
SPY270115P00840000,2026-09-28 14:19:32+00:00,840.0,72.49,73.25,77.0,0.0,0.0,2.0,2,0.12043115905761718,True,REGULAR,USD,2027-01-15,P
SPY270115P00845000,2026-09-16 19:20:52+00:00,845.0,95.65,78.25,82.03,0.0,0.0,4.0,0,0.12659564819335936,True,REGULAR,USD,2027-01-15,P
SPY270115P00850000,2026-09-21 18:01:41+00:00,850.0,77.04,83.31,87.1,0.0,0.0,2.0,2,0.13337048278808594,True,REGULAR,USD,2027-01-15,P
SPY270115P00855000,2026-08-18 14:19:44+00:00,855.0,86.48,0.0,0.0,0.0,0.0,2.0,0,1.0000000000000003e-05,True,REGULAR,USD,2027-01-15,P
SPY270115P00860000,2026-05-15 16:54:06+00:00,860.0,119.03,106.48,109.74,0.0,0.0,4.0,0,0.2706371765136719,True,REGULAR,USD,2027-01-15,P
SPY270115P00865000,2026-05-28 13:41:47+00:00,865.0,113.96,0.0,0.0,0.0,0.0,1.0,0,1.0000000000000003e-05,True,REGULAR,USD,2027-01-15,P
SPY270115P00870000,2026-05-01 15:27:10+00:00,870.0,146.67,129.69,133.06,0.0,0.0,1.0,0,0.38233039550781245,True,REGULAR,USD,2027-01-15,P
SPY270115P00900000,2026-08-25 17:47:34+00:00,900.0,134.88,133.46,137.26,0.0,0.0,2.0,0,0.18875933319091798,True,REGULAR,USD,2027-01-15,P
SPY270115P00905000,2026-03-30 13:41:53+00:00,905.0,267.53,0.0,0.0,0.0,0.0,,0,1.0000000000000003e-05,True,REGULAR,USD,2027-01-15,P
SPY270115P00910000,2025-05-30 14:52:27+00:00,910.0,321.1,288.5,293.39,0.0,0.0,1.0,0,1.175541231689453,True,REGULAR,USD,2027-01-15,P
SPY270115P00915000,2026-03-30 14:01:01+00:00,915.0,279.04,0.0,0.0,0.0,0.0,,0,1.0000000000000003e-05,True,REGULAR,USD,2027-01-15,P
SPY270115P00950000,2026-02-03 19:11:32+00:00,950.0,265.01,287.44,291.28,0.0,0.0,,0,0.9893418424224854,True,REGULAR,USD,2027-01-15,P
SPY270115P00970000,2026-01-14 19:59:36+00:00,970.0,281.12,279.68,283.56,0.0,0.0,,0,0.8488326884460449,True,REGULAR,USD,2027-01-15,P
SPY270115P00995000,2026-01-29 21:08:30+00:00,995.0,301.21,332.41,336.24,0.0,0.0,,0,1.054440457801819,True,REGULAR,USD,2027-01-15,P
SPY270115P01000000,2026-07-17 17:04:51+00:00,1000.0,252.16,234.61,237.83,0.0,0.0,2.0,0,0.2919077157592772,True,REGULAR,USD,2027-01-15,P
SPY270115P01010000,2026-02-23 20:54:20+00:00,1010.0,328.95,0.0,0.0,0.0,0.0,1.0,0,1.0000000000000003e-05,True,REGULAR,USD,2027-01-15,P
SPY270115P01020000,2026-01-16 20:57:07+00:00,1020.0,326.17,329.68,333.56,0.0,0.0,,0,0.9166725862121583,True,REGULAR,USD,2027-01-15,P
SPY270115P01150000,2026-01-15 19:41:18+00:00,1150.0,456.55,459.68,463.56,0.0,0.0,,0,1.0677536846923832,True,REGULAR,USD,2027-01-15,P
SPY270115P01200000,2026-05-12 19:54:39+00:00,1200.0,461.57,446.22,449.59,0.0,0.0,,0,0.6081582153320313,True,REGULAR,USD,2027-01-15,P
SPY270115P01210000,2026-05-12 19:54:39+00:00,1210.0,471.59,456.22,459.59,0.0,0.0,,0,0.6159096026611328,True,REGULAR,USD,2027-01-15,P
SPY270115P01220000,2026-05-11 16:51:59+00:00,1220.0,478.48,466.21,469.58,0.0,0.0,,0,0.6234321104431153,True,REGULAR,USD,2027-01-15,P
SPY270115P01480000,2026-06-02 19:04:56+00:00,1480.0,720.61,0.0,0.0,0.0,0.0,,0,1.0000000000000003e-05,True,REGULAR,USD,2027-01-15,P
